user_id,date,total_sessions,total_events,unique_apps,night_usage_ratio,avg_session_duration,short_session_ratio,top_app_ratio,app_entropy,reopening_index,avg_inter_session
0,2018-01-16,34.0,1042.0,12.0,0.0,182.8709677419355,0.0967741935483871,0.7754318618042226,0.9522523434033656,0.8636363636363636,31.985353535353536
0,2018-01-17,7.0,40.0,7.0,0.55,30.428571428571427,0.7142857142857143,0.4,1.5917704570856426,0.5,36.48333333333334
0,2018-01-18,5.0,68.0,9.0,0.0,577.0,0.0,0.35294117647058826,1.8192111285519588,0.5172413793103449,54.69166666666666
0,2018-01-19,51.0,1581.0,14.0,0.06578115117014548,159.1860465116279,0.2558139534883721,0.8412397216951296,0.7630750224013549,0.9001297016861219,23.173666666666673
0,2018-01-22,33.0,1125.0,11.0,0.0,324.41379310344826,0.13793103448275862,0.7751111111111111,0.9475112434061983,0.912568306010929,30.81041666666667
0,2018-01-23,6.0,209.0,4.0,0.24401913875598086,241.5,0.0,0.937799043062201,0.2846400743215233,0.9803921568627451,29.570000000000004
0,2018-01-26,28.0,1302.0,11.0,0.0,376.5833333333333,0.3333333333333333,0.8233486943164362,0.7957498534918104,0.9492868462757528,35.605555555555554
0,2018-01-27,23.0,2918.0,9.0,0.28855380397532554,372.54545454545456,0.09090909090909091,0.9437971213159698,0.30809830505342634,0.9840830449826989,46.58333333333333
0,2018-01-31,10.0,95.0,7.0,0.0,46.833333333333336,0.0,0.5684210526315789,1.3639236622975435,0.8292682926829268,23.83888888888889
0,2018-02-01,44.0,946.0,15.0,0.0919661733615222,140.375,0.275,0.7293868921775899,1.0900027097709417,0.8777292576419214,26.65077519379845
1,2018-04-14,37.0,879.0,16.0,0.051194539249146756,331.51428571428573,0.14285714285714285,0.17747440273037543,2.348345387242186,0.7601078167115903,33.5337962962963
1,2018-04-15,15.0,457.0,10.0,0.3041575492341357,361.09090909090907,0.2727272727272727,0.5426695842450766,1.6549562951355572,0.8443396226415094,75.25476190476192
1,2018-04-18,21.0,336.0,13.0,0.0,313.6470588235294,0.17647058823529413,0.17559523809523808,2.243122697545708,0.5486111111111112,28.47083333333333
1,2018-04-19,15.0,229.0,12.0,0.5851528384279476,392.46666666666664,0.2,0.33624454148471616,1.9300773849932773,0.4945054945054945,29.008333333333333
2,2018-04-16,18.0,230.0,12.0,0.02608695652173913,134.83333333333334,0.2222222222222222,0.3,1.8568363579762748,0.7272727272727273,68.0235294117647
2,2018-04-17,35.0,720.0,14.0,0.5055555555555555,188.34285714285716,0.2571428571428571,0.2833333333333333,2.032337581156906,0.8589743589743589,42.12352941176471
2,2018-04-18,9.0,240.0,8.0,1.0,342.875,0.125,0.4083333333333333,1.4793416243271875,0.6228070175438597,36.725
3,2018-04-06,17.0,298.0,11.0,0.0,149.64705882352942,0.23529411764705882,0.3221476510067114,1.9526798251025008,0.8592592592592593,60.62291666666667
3,2018-04-07,13.0,123.0,8.0,0.34146341463414637,113.6923076923077,0.23076923076923078,0.45528455284552843,1.5664937543826014,0.8448275862068966,91.30277777777779
3,2018-04-08,10.0,43.0,7.0,0.37209302325581395,89.57142857142857,0.14285714285714285,0.3023255813953488,1.808696932873694,0.3684210526315789,122.94629629629627
3,2018-04-09,15.0,373.0,5.0,0.04289544235924933,252.92857142857142,0.14285714285714285,0.7774798927613941,0.7251382293807518,0.8206521739130435,96.05714285714285
3,2018-04-10,17.0,97.0,6.0,0.38144329896907214,241.73333333333332,0.06666666666666667,0.4742268041237113,1.5316704526398939,0.5263157894736842,70.55625
4,2018-04-18,7.0,236.0,6.0,0.0,141.28571428571428,0.14285714285714285,0.5338983050847458,1.3442165332141824,0.8888888888888888,65.90277777777777
4,2018-04-19,22.0,718.0,8.0,0.07799442896935933,151.66666666666666,0.047619047619047616,0.2757660167130919,1.8617602390497408,0.8852941176470588,66.29682539682538
4,2018-04-20,3.0,10.0,2.0,0.6,72.66666666666667,0.0,0.6,0.6730116670092565,0.5,92.80000000000001
4,2018-04-21,11.0,39.0,3.0,0.20512820512820512,50.7,0.0,0.8461538461538461,0.5272482785913567,0.8461538461538461,121.25333333333333
4,2018-04-22,2.0,7.0,1.0,0.42857142857142855,17.0,0.5,1.0,0.0,1.0,290.73333333333335
5,2018-01-19,12.0,331.0,8.0,0.0,353.3636363636364,0.36363636363636365,0.7492447129909365,0.9519197501198822,0.7586206896551724,28.959090909090904
5,2018-01-20,44.0,931.0,13.0,0.17400644468313642,419.8333333333333,0.4,0.7690655209452202,0.9125697340076376,0.8878504672897196,32.480620155038764
5,2018-01-21,43.0,2435.0,13.0,0.17330595482546202,764.0,0.30303030303030304,0.8685831622176592,0.5916822669609504,0.9023297491039427,31.80952380952381
5,2018-01-22,40.0,1659.0,17.0,0.06871609403254973,494.1388888888889,0.16666666666666666,0.7926461723930078,0.9374867721549898,0.8658698539176627,29.512820512820518
5,2018-01-23,44.0,498.0,12.0,0.15261044176706828,216.13888888888889,0.2777777777777778,0.6485943775100401,1.2125636953394288,0.8028846153846154,32.61860465116279
5,2018-01-24,48.0,1761.0,12.0,0.045428733674048836,209.92105263157896,0.2894736842105263,0.7490062464508802,1.0010502674674717,0.9393548387096774,28.813475177304966
5,2018-01-25,56.0,5445.0,14.0,0.15867768595041323,294.82142857142856,0.10714285714285714,0.7632690541781451,0.959963767522415,0.9501738122827347,26.092121212121214
5,2018-01-26,37.0,1493.0,14.0,0.40053583389149366,177.7027027027027,0.3783783783783784,0.4855994641661085,1.6801460773684684,0.873972602739726,39.40925925925926
5,2018-01-27,26.0,694.0,13.0,0.5518731988472623,292.0,0.20833333333333334,0.6772334293948127,1.2513291859026345,0.8504398826979472,57.31133333333333
5,2018-01-28,35.0,644.0,11.0,0.5543478260869565,277.51612903225805,0.4838709677419355,0.5170807453416149,1.0788599907110266,0.8213166144200627,38.956862745098036
5,2018-01-29,26.0,595.0,13.0,0.0,261.5769230769231,0.2692307692307692,0.5478991596638656,1.4465029121794553,0.7909407665505227,38.40266666666666
5,2018-01-30,32.0,2554.0,13.0,0.005873140172278779,483.57142857142856,0.2857142857142857,0.8543461237274863,0.6898246705960034,0.9531001589825119,45.737634408602155
5,2018-01-31,59.0,3657.0,15.0,0.23625922887612796,312.0,0.24074074074074073,0.6852611430133989,1.2155553896782159,0.9309773605742684,24.029885057471265
5,2018-02-01,43.0,3100.0,20.0,0.08516129032258064,382.2093023255814,0.4186046511627907,0.7074193548387097,1.2263237574681018,0.91683038637852,33.72579365079365
5,2018-02-02,49.0,1571.0,16.0,0.18141311266709104,394.0487804878049,0.21951219512195122,0.6619987269255252,1.3455390535957645,0.8294573643410853,28.915277777777778
5,2018-02-03,45.0,916.0,17.0,0.22379912663755458,192.45714285714286,0.4,0.732532751091703,1.1831891370200764,0.8485523385300668,32.31325757575758
5,2018-02-04,39.0,1861.0,17.0,0.42987641053197206,360.0769230769231,0.38461538461538464,0.7522837184309511,1.0358928305049184,0.8652792990142387,37.436403508771924
5,2018-02-05,43.0,1780.0,18.0,0.24606741573033708,293.0,0.20512820512820512,0.5589887640449438,1.5803350849581455,0.8930602957906713,32.85753968253968
5,2018-02-06,45.0,5088.0,19.0,0.12185534591194969,364.2888888888889,0.35555555555555557,0.7551100628930818,1.0522888600928901,0.9535529972211195,32.17992424242424
5,2018-02-07,36.0,448.0,16.0,0.24776785714285715,238.06896551724137,0.2413793103448276,0.453125,1.87837003030208,0.7050691244239631,40.95857142857143
5,2018-02-08,35.0,2358.0,13.0,0.03986429177268872,213.31428571428572,0.5142857142857142,0.8464800678541137,0.6512221030797573,0.9587628865979382,41.345098039215685
5,2018-02-09,47.0,3338.0,15.0,0.2507489514679449,228.27659574468086,0.40425531914893614,0.7555422408627921,0.9800362799253822,0.9592081583683263,30.957608695652176
5,2018-02-10,31.0,4784.0,17.0,0.3033026755852843,969.5666666666667,0.1,0.8758361204013378,0.5974390329255161,0.9486963835155593,47.54444444444444
5,2018-02-11,35.0,3581.0,14.0,0.15666015079586706,803.1470588235294,0.14705882352941177,0.8179279530857303,0.7944724855141804,0.8942632170978627,39.97843137254902
5,2018-02-12,30.0,3808.0,18.0,0.5341386554621849,779.9615384615385,0.19230769230769232,0.7308298319327731,1.1189664286637844,0.8903225806451613,33.643103448275866
5,2018-02-13,35.0,3400.0,16.0,0.04323529411764706,574.7352941176471,0.17647058823529413,0.8347058823529412,0.7453766705780318,0.9336099585062241,34.91960784313726
5,2018-02-14,46.0,7685.0,17.0,0.16408588158750814,718.5217391304348,0.17391304347826086,0.8713077423552374,0.6974336245479389,0.9523809523809523,31.15037037037037
5,2018-02-15,39.0,2277.0,16.0,0.40974967061923584,588.078947368421,0.13157894736842105,0.7154150197628458,1.1716520149787377,0.8778409090909091,37.86666666666666
5,2018-02-16,27.0,1821.0,14.0,0.2751235584843493,829.92,0.08,0.8407468423942889,0.7531566739504442,0.8745800671892497,54.87692307692308
5,2018-02-17,39.0,1836.0,15.0,0.460239651416122,536.7058823529412,0.11764705882352941,0.900871459694989,0.5249408833246323,0.9155555555555556,37.75000000000001
5,2018-02-18,47.0,2494.0,13.0,0.16639935846030474,536.2558139534884,0.11627906976744186,0.8704891740176424,0.6579157327496656,0.9159256265157639,30.808695652173903
5,2018-02-19,41.0,2533.0,17.0,0.3391235688906435,736.8648648648649,0.10810810810810811,0.8653770232925385,0.6794217829454774,0.921537229783827,35.71458333333333
5,2018-02-20,29.0,8746.0,18.0,0.2270752343928653,1198.8275862068965,0.10344827586206896,0.8774296821404071,0.6552693696414007,0.9712696941612604,51.10892857142858
5,2018-02-21,31.0,3140.0,13.0,0.6401273885350318,536.4193548387096,0.12903225806451613,0.9054140127388535,0.4963376190912519,0.9714656290531777,47.7661111111111
5,2018-02-22,39.0,3203.0,16.0,0.29222603808929126,597.6216216216217,0.13513513513513514,0.8975960037464876,0.5593100694133896,0.9392405063291139,35.477631578947374
5,2018-02-23,24.0,1166.0,14.0,0.051457975986277875,657.9090909090909,0.0,0.7435677530017153,1.0734160443710081,0.8629173989455184,52.23768115942028
5,2018-02-24,29.0,2361.0,14.0,0.0016941973739940702,440.51851851851853,0.2222222222222222,0.8716645489199492,0.6187833749351775,0.9299743808710503,47.79940476190476
5,2018-02-25,33.0,14120.0,17.0,0.08413597733711048,1219.5757575757575,0.3333333333333333,0.9157223796033994,0.459720338534747,0.9727988546886185,44.74583333333333
5,2018-02-26,27.0,14331.0,16.0,0.1844951503733166,1406.851851851852,0.14814814814814814,0.8859116600376805,0.5786511186941432,0.9733258458514671,51.0698717948718
5,2018-02-27,17.0,1664.0,11.0,0.32091346153846156,671.1764705882352,0.058823529411764705,0.8846153846153846,0.5017206674498257,0.9296969696969697,53.14895833333333
6,2018-04-05,24.0,5226.0,14.0,0.0,505.25,0.041666666666666664,0.3400306161500191,2.0106546307282467,0.9687133359405553,48.0159420289855
6,2018-04-06,45.0,5400.0,14.0,0.3798148148148148,407.55555555555554,0.044444444444444446,0.31222222222222223,2.0906247730228276,0.9445773524720893,32.60757575757576
6,2018-04-07,31.0,1660.0,15.0,0.32228915662650603,357.9032258064516,0.16129032258064516,0.3746987951807229,2.0673917274058926,0.875,47.8211111111111
6,2018-04-08,27.0,334.0,16.0,0.32335329341317365,245.32,0.0,0.39820359281437123,2.0536501619292373,0.5802469135802469,54.52628205128205
6,2018-04-09,38.0,1529.0,15.0,0.3368214519293656,347.0833333333333,0.16666666666666666,0.2341399607586658,2.325095758555079,0.7479892761394102,37.91486486486487
6,2018-04-10,5.0,172.0,9.0,1.0,770.2,0.0,0.5930232558139535,1.4214678255317077,0.8452380952380952,15.554166666666667
6,2018-04-11,27.0,446.0,16.0,0.07174887892376682,140.37037037037038,0.1111111111111111,0.23766816143497757,2.2532067533570634,0.6866359447004609,46.258333333333326
6,2018-04-12,40.0,2182.0,16.0,0.23281393217231897,715.3,0.15,0.5774518790100825,1.5541430371167713,0.8392523364485981,35.23119658119658
6,2018-04-13,34.0,1537.0,13.0,0.6460637605725439,644.09375,0.0625,0.6766428106701367,1.2675589756917796,0.8405797101449275,33.32828282828282
6,2018-04-15,14.0,711.0,10.0,0.0,271.42857142857144,0.07142857142857142,0.41068917018284107,1.6099301414029945,0.9259259259259259,64.36025641025641
6,2018-04-16,47.0,4899.0,16.0,0.2241273729332517,496.17021276595744,0.10638297872340426,0.548683404776485,1.6505029449730164,0.9300670016750419,31.240579710144917
6,2018-04-17,25.0,1032.0,16.0,0.8023255813953488,373.4166666666667,0.08333333333333333,0.23255813953488372,2.1114030503385655,0.8275862068965517,40.168749999999996
6,2018-04-18,11.0,339.0,10.0,0.0,387.72727272727275,0.09090909090909091,0.3775811209439528,1.79844342302022,0.7300613496932515,35.02666666666667
6,2018-04-19,23.0,420.0,16.0,0.6738095238095239,501.72727272727275,0.0,0.5380952380952381,1.6189576673382324,0.5870646766169154,22.737878787878785
6,2018-04-20,39.0,512.0,14.0,0.138671875,383.81081081081084,0.05405405405405406,0.4296875,1.8683322290995816,0.6598360655737705,33.83640350877193
6,2018-04-21,29.0,1376.0,15.0,0.05813953488372093,512.448275862069,0.06896551724137931,0.3183139534883721,2.0380550878160033,0.8168168168168168,48.65773809523809
6,2018-04-22,38.0,1529.0,17.0,0.35317200784826686,533.9444444444445,0.027777777777777776,0.2858077174623937,2.04122339871523,0.7875166002656042,38.02972972972972
6,2018-04-23,26.0,688.0,16.0,0.17005813953488372,590.0769230769231,0.038461538461538464,0.375,2.0237019029444934,0.6068111455108359,55.931999999999995
6,2018-04-24,41.0,718.0,14.0,0.22701949860724233,482.55,0.05,0.5,1.854152508129543,0.6275071633237822,35.53916666666667
6,2018-04-25,13.0,354.0,11.0,1.0,498.7692307692308,0.07692307692307693,0.4096045197740113,1.8318603147936683,0.7159763313609467,20.77638888888889
6,2018-04-26,35.0,1336.0,16.0,0.1691616766467066,486.85714285714283,0.14285714285714285,0.30389221556886226,2.010958064112341,0.7799043062200957,38.01519607843137
6,2018-04-27,37.0,1820.0,17.0,0.2230769230769231,580.972972972973,0.13513513513513514,0.38571428571428573,1.9588050406449107,0.7922077922077922,39.2300925925926
6,2018-04-28,40.0,842.0,17.0,0.5201900237529691,309.4871794871795,0.1282051282051282,0.30760095011876487,2.03123846777317,0.7579462102689487,31.563675213675214
6,2018-04-29,41.0,2975.0,13.0,0.038991596638655465,317.609756097561,0.17073170731707318,0.4894117647058824,1.6752433696835718,0.9201388888888888,35.685833333333335
6,2018-04-30,18.0,785.0,13.0,1.0,421.47058823529414,0.11764705882352941,0.2573248407643312,2.1831732119021887,0.7265415549597856,17.12156862745098
6,2018-05-01,39.0,965.0,14.0,0.07357512953367876,511.30555555555554,0.1111111111111111,0.46321243523316064,1.5797143777009401,0.7410526315789474,32.74780701754385
6,2018-05-02,2.0,11.0,4.0,1.0,104.5,0.0,0.36363636363636365,1.2636544318820966,0.4,180.46666666666667
6,2018-05-03,24.0,439.0,14.0,0.0,337.4782608695652,0.08695652173913043,0.428246013667426,1.8440299057530865,0.5934579439252337,22.041304347826088
6,2018-05-04,15.0,628.0,11.0,0.7643312101910829,842.6,0.0,0.785031847133758,0.9341126738427737,0.8371335504885994,27.190476190476193
6,2018-05-06,27.0,552.0,18.0,0.2898550724637681,498.5,0.045454545454545456,0.4257246376811594,1.970566324007008,0.6964980544747081,48.59551282051282
6,2018-05-07,6.0,235.0,7.0,1.0,448.1666666666667,0.0,0.6978723404255319,1.0607675601650273,0.782608695652174,17.763333333333332
6,2018-05-09,32.0,852.0,14.0,0.2511737089201878,743.3333333333334,0.03333333333333333,0.5070422535211268,1.6512094606057686,0.6715686274509803,40.73602150537634
6,2018-05-10,10.0,261.0,7.0,1.0,567.875,0.0,0.7624521072796935,0.8617795735770533,0.78125,16.259259259259256
7,2018-01-20,49.0,6226.0,20.0,0.0059428204304529395,563.6041666666666,0.25,0.22791519434628976,2.3242263592011834,0.8970491803278688,24.52569444444444
7,2018-01-21,12.0,1288.0,17.0,1.0,718.5,0.0,0.38509316770186336,2.0499734801937404,0.8683788121990369,21.893939393939394
8,2018-01-21,9.0,358.0,11.0,0.7039106145251397,649.1111111111111,0.0,0.6368715083798883,1.3951342770940953,0.8876404494382022,90.71041666666667
9,2018-04-01,22.0,417.0,9.0,0.05515587529976019,120.04545454545455,0.2727272727272727,0.2182254196642686,1.914441649531741,0.7900552486187845,55.94206349206348
9,2018-04-02,45.0,4963.0,18.0,0.10396937336288535,305.26666666666665,0.15555555555555556,0.3606689502317147,1.9968368363387197,0.9311791859001259,30.742803030303033
9,2018-04-03,34.0,1981.0,12.0,0.01514386673397274,186.47058823529412,0.14705882352941177,0.29631499242806664,1.8715631265350297,0.9491725768321513,39.509595959595956
9,2018-04-04,40.0,3674.0,11.0,0.2558519324986391,258.05,0.075,0.4316820903647251,1.6473422036830214,0.9495440729483283,34.98846153846154
9,2018-04-05,48.0,4592.0,15.0,0.07142857142857142,255.22916666666666,0.25,0.42356271777003485,1.7849091428801522,0.9558417663293468,30.193262411347515
9,2018-04-06,51.0,1634.0,13.0,0.1364749082007344,266.6470588235294,0.23529411764705882,0.43084455324357407,1.8536869268099434,0.8530183727034121,28.594
9,2018-04-07,32.0,468.0,13.0,0.41025641025641024,146.6875,0.28125,0.3504273504273504,1.904684572042333,0.8046511627906977,41.66881720430108
10,2018-04-14,12.0,48.0,6.0,0.0,106.11111111111111,0.2222222222222222,0.3333333333333333,1.5861426872972249,0.5217391304347826,31.65151515151515
10,2018-04-16,3.0,10.0,2.0,1.0,30.0,0.0,0.6,0.6730116670092565,0.6,106.24166666666666
10,2018-04-17,5.0,14.0,1.0,1.0,189.0,0.0,1.0,0.0,1.0,12.891666666666666
10,2018-04-27,1.0,1.0,1.0,0.0,0.0,0.0,1.0,0.0,0.0,0.0
10,2018-04-29,1.0,1.0,1.0,0.0,0.0,0.0,1.0,0.0,0.0,0.0
10,2018-05-02,2.0,18.0,3.0,0.0,217.0,0.0,0.6666666666666666,0.8486855577264172,0.75,17.6
10,2018-05-03,16.0,47.0,3.0,0.0,183.0909090909091,0.2727272727272727,0.6170212765957447,0.8683697479079111,0.3181818181818182,32.37555555555555
10,2018-05-04,16.0,72.0,3.0,0.3333333333333333,134.92307692307693,0.23076923076923078,0.4722222222222222,1.0207543464748885,0.6,93.4888888888889
10,2018-05-09,16.0,82.0,3.0,0.0,230.41666666666666,0.5,0.43902439024390244,1.0740008608416483,0.7272727272727273,32.488888888888894
10,2018-05-10,12.0,76.0,4.0,0.2631578947368421,84.33333333333333,0.2222222222222222,0.7894736842105263,0.719772060769845,0.8648648648648649,91.95757575757574
10,2018-05-13,14.0,50.0,3.0,0.08,189.33333333333334,0.3333333333333333,0.52,1.018359734765894,0.6666666666666666,83.38205128205128
10,2018-05-14,13.0,96.0,4.0,0.5208333333333334,362.09090909090907,0.0,0.3333333333333333,1.3118626373246378,0.44680851063829785,79.83333333333333
11,2018-04-04,26.0,881.0,7.0,0.0,158.76923076923077,0.38461538461538464,0.3598183881952327,1.6517854305958806,0.9365558912386707,23.674666666666667
11,2018-04-05,39.0,4747.0,11.0,0.13692858647566886,277.87179487179486,0.28205128205128205,0.352222456288182,1.7409126254803844,0.9666966696669667,35.89035087719298
11,2018-04-06,33.0,5252.0,11.0,0.13480578827113482,295.1515151515151,0.18181818181818182,0.2284843869002285,2.0406295559718175,0.9217110573042776,42.404687499999994
11,2018-04-07,30.0,2638.0,8.0,0.1133434420015163,272.7,0.23333333333333334,0.3574677786201668,1.4894901277487307,0.9458804523424879,47.741954022988516
11,2018-04-08,30.0,1349.0,7.0,0.22312824314306895,129.73333333333332,0.5,0.5678280207561156,1.3887421553096153,0.934010152284264,48.260344827586195
11,2018-04-09,27.0,908.0,7.0,0.183920704845815,122.33333333333333,0.25925925925925924,0.5297356828193832,1.439951588415088,0.9331742243436754,52.9948717948718
11,2018-04-10,36.0,1680.0,9.0,0.10178571428571428,119.83333333333333,0.3055555555555556,0.3244047619047619,1.7381447049463357,0.9379128137384413,40.20333333333334
11,2018-04-11,33.0,789.0,9.0,0.34980988593155893,155.36666666666667,0.1,0.5804816223067174,1.3516033827575311,0.9008264462809917,43.44947916666666
11,2018-04-12,29.0,1225.0,9.0,0.026122448979591838,117.62068965517241,0.20689655172413793,0.32081632653061226,1.5934208260273766,0.9166666666666666,49.042857142857144
11,2018-04-13,31.0,2220.0,12.0,0.5036036036036036,240.4516129032258,0.22580645161290322,0.4540540540540541,1.803657468620193,0.9446064139941691,44.98666666666666
11,2018-04-14,31.0,2789.0,8.0,0.12477590534241664,250.19354838709677,0.16129032258064516,0.38651846539978485,1.634235751074224,0.9637223974763407,45.23666666666667
11,2018-04-15,22.0,1537.0,9.0,0.32205595315549773,189.13636363636363,0.18181818181818182,0.5731945348080677,1.4306395010584425,0.9649595687331537,64.0031746031746
11,2018-04-16,35.0,3467.0,10.0,0.0920103836169599,170.2,0.05714285714285714,0.36198442457456015,1.6081255392289948,0.9573367808661927,41.47107843137254
11,2018-04-17,31.0,3783.0,10.0,0.4922019561194819,283.4516129032258,0.25806451612903225,0.4218873909595559,1.3465123741627145,0.9752504419563937,47.676666666666684
11,2018-04-18,7.0,149.0,5.0,0.6040268456375839,146.16666666666666,0.0,0.4161073825503356,1.3345615516551799,0.8714285714285714,60.055555555555564
12,2018-04-20,7.0,78.0,13.0,0.0,165.28571428571428,0.14285714285714285,0.2692307692307692,2.166385980493898,0.5757575757575758,48.7388888888889
12,2018-04-21,37.0,1123.0,19.0,0.11041852181656278,323.1470588235294,0.14705882352941177,0.21371326803205698,2.345997309879924,0.7679245283018868,39.53240740740742
12,2018-04-22,3.0,25.0,5.0,1.0,41.333333333333336,0.3333333333333333,0.72,0.9714528358485753,0.8,10.325
12,2018-04-25,24.0,246.0,13.0,0.0,176.0909090909091,0.3181818181818182,0.6016260162601627,1.5151815454024369,0.7394957983193278,34.47028985507246
12,2018-04-26,17.0,387.0,13.0,0.05167958656330749,337.6,0.2,0.2971576227390181,1.787084829738271,0.5729166666666666,37.08020833333334
12,2018-04-29,34.0,463.0,15.0,0.0,244.32,0.32,0.2634989200863931,2.0913474247469948,0.6088888888888889,20.946464646464648
12,2018-04-30,4.0,46.0,7.0,0.8913043478260869,204.0,0.0,0.4782608695652174,1.4496105964007773,0.5789473684210527,191.30555555555554
13,2018-04-20,16.0,761.0,11.0,0.0,434.625,0.0625,0.5295663600525624,1.4985043587237943,0.8664772727272727,23.135555555555552
13,2018-04-21,45.0,13214.0,19.0,0.2675192977145452,499.8888888888889,0.2,0.6067050098380505,1.6239025936271647,0.9731100184388445,32.5439393939394
13,2018-04-22,15.0,3727.0,11.0,0.9656560236114837,573.5333333333333,0.13333333333333333,0.6176549503622216,1.361119953785015,0.970076169749728,24.079761904761906
14,2018-03-31,7.0,150.0,3.0,0.0,203.71428571428572,0.2857142857142857,0.72,0.7711772845700221,0.9459459459459459,43.78333333333333
14,2018-04-01,15.0,216.0,8.0,0.25,136.85714285714286,0.21428571428571427,0.3055555555555556,1.7351946727644787,0.8636363636363636,97.82619047619049
15,2018-04-06,11.0,137.0,10.0,0.0,396.3,0.2,0.24087591240875914,2.1350199427948797,0.6607142857142857,19.786666666666665
15,2018-04-07,61.0,1620.0,18.0,0.2123456790123457,378.9491525423729,0.22033898305084745,0.16049382716049382,2.4412356906905583,0.8381924198250729,23.546111111111113
15,2018-04-08,26.0,497.0,14.0,0.96579476861167,131.92,0.44,0.2977867203219316,1.9979768228433328,0.8325991189427313,30.441333333333336
15,2018-04-09,52.0,1578.0,17.0,0.0,369.03921568627453,0.1568627450980392,0.28390367553865653,2.3094115149740277,0.83810888252149,17.622222222222224
15,2018-04-10,26.0,320.0,13.0,0.63125,143.875,0.375,0.246875,2.1227391999664427,0.7777777777777778,31.268666666666668
16,2018-01-16,12.0,668.0,10.0,0.0,435.5833333333333,0.16666666666666666,0.47604790419161674,1.6019467305686805,0.8296529968454258,23.969696969696972
16,2018-01-17,36.0,2020.0,15.0,0.3608910891089109,383.5,0.1111111111111111,0.3475247524752475,1.8343451929072598,0.8367129135538954,34.962380952380954
16,2018-01-18,34.0,550.0,13.0,0.17454545454545456,282.6764705882353,0.17647058823529413,0.36363636363636365,1.8721010077641376,0.5823293172690763,35.81414141414141
16,2018-01-19,12.0,124.0,9.0,1.0,118.5,0.16666666666666666,0.6612903225806451,1.2363106386083735,0.7272727272727273,21.44090909090909
17,2018-04-17,3.0,13.0,4.0,0.0,79.66666666666667,0.3333333333333333,0.38461538461538464,1.2202821662722374,0.25,9.783333333333333
17,2018-04-18,47.0,603.0,14.0,0.16749585406301823,331.2564102564103,0.10256410256410256,0.5124378109452736,1.731728387171416,0.6613545816733067,28.549275362318845
18,2018-04-04,5.0,53.0,5.0,0.0,523.2,0.0,0.5283018867924528,1.2471202804790378,0.875,24.033333333333335
18,2018-04-05,34.0,2529.0,13.0,0.1494661921708185,429.44117647058823,0.20588235294117646,0.48359035191775407,1.8009968294939536,0.9306599832915622,42.19242424242423
18,2018-04-06,49.0,2562.0,16.0,0.1092896174863388,185.26530612244898,0.2857142857142857,0.36533957845433257,2.069122372103041,0.9263431542461005,29.94027777777778
18,2018-04-07,34.0,3929.0,14.0,0.600407228302367,316.94117647058823,0.29411764705882354,0.4744209722575719,1.6310556839808368,0.9596174282678002,42.903030303030306
18,2018-04-08,36.0,2343.0,11.0,0.2799829278702518,201.77777777777777,0.3055555555555556,0.1916346564233888,2.179913965772118,0.9410138248847926,40.04571428571428
18,2018-04-09,38.0,1302.0,13.0,0.423963133640553,317.5405405405405,0.16216216216216217,0.33102918586789554,2.009085523927517,0.873015873015873,37.28603603603604
18,2018-04-10,35.0,3279.0,9.0,0.16834400731930466,361.42857142857144,0.37142857142857144,0.2915523025312595,1.9565593237648824,0.944743935309973,41.16176470588236
18,2018-04-11,39.0,1149.0,12.0,0.0835509138381201,231.71794871794873,0.358974358974359,0.5117493472584856,1.7532764623095973,0.9182509505703422,37.33596491228071
18,2018-04-12,31.0,4235.0,13.0,0.07839433293978748,423.8709677419355,0.22580645161290322,0.3707201889020071,1.9102492053767481,0.9450604838709677,45.36777777777778
18,2018-04-13,54.0,9054.0,15.0,0.21912966644576984,405.1296296296296,0.24074074074074073,0.5710183344378176,1.5541582339576716,0.9747509844799629,27.029245283018867
18,2018-04-14,41.0,3996.0,12.0,0.4612112112112112,280.219512195122,0.21951219512195122,0.5688188188188188,1.5871886855695203,0.9651715039577836,35.65541666666667
18,2018-04-15,45.0,1519.0,15.0,0.21658986175115208,304.15909090909093,0.20454545454545456,0.4107965766951942,1.9205020001748951,0.8919308357348703,32.42916666666667
18,2018-04-16,48.0,5073.0,16.0,0.31145278927656217,411.9791666666667,0.1875,0.3021880544056771,2.1531628159658958,0.9309462915601023,29.91489361702127
18,2018-04-17,35.0,2158.0,12.0,0.28544949026876737,242.77142857142857,0.2,0.3790546802594995,1.9007223151032284,0.9310689310689311,41.44607843137255
18,2018-04-18,9.0,440.0,10.0,0.2340909090909091,449.8888888888889,0.0,0.509090909090909,1.270501005438642,0.8790697674418605,60.675000000000004
19,2018-01-21,20.0,798.0,13.0,0.0,343.05,0.2,0.16541353383458646,2.2674865454638513,0.8421052631578947,51.164035087719306
19,2018-01-22,9.0,589.0,14.0,0.16298811544991512,442.55555555555554,0.1111111111111111,0.2597623089983022,2.225365935930636,0.8503649635036497,37.13125
20,2018-04-06,7.0,16.0,3.0,0.0,128.8,0.2,0.5,0.9743147528693494,0.75,13.005555555555555
20,2018-04-07,19.0,67.0,8.0,0.13432835820895522,204.8,0.0,0.3283582089552239,1.8175502473272969,0.5769230769230769,67.71203703703704
20,2018-04-17,20.0,164.0,7.0,0.07317073170731707,288.875,0.0,0.4329268292682927,1.5505500713221367,0.7105263157894737,64.53859649122808
20,2018-04-18,1.0,6.0,3.0,1.0,72.0,0.0,0.5,1.0114042647073518,0.5,0.0
21,2018-04-15,2.0,28.0,5.0,0.0,39.0,0.5,0.2857142857142857,1.549826045878202,0.7272727272727273,9.283333333333333
21,2018-04-16,27.0,268.0,13.0,0.0,97.51851851851852,0.5185185185185185,0.21641791044776118,2.240610075193889,0.75,25.994871794871795
21,2018-04-18,19.0,114.0,7.0,0.0,201.58823529411765,0.17647058823529413,0.7280701754385965,1.0219213766025397,0.7916666666666666,34.05462962962962
21,2018-04-19,33.0,170.0,11.0,0.07058823529411765,93.82608695652173,0.30434782608695654,0.25882352941176473,2.1099987295224394,0.5588235294117647,44.017187500000006
21,2018-04-20,30.0,132.0,12.0,0.15151515151515152,167.1578947368421,0.15789473684210525,0.2878787878787879,2.1357502275106373,0.4117647058823529,47.182758620689654
21,2018-04-21,10.0,32.0,8.0,0.78125,153.0,0.42857142857142855,0.375,1.8080457195839967,0.1,157.4277777777778
21,2018-04-22,36.0,173.0,10.0,0.10982658959537572,142.3846153846154,0.19230769230769232,0.28901734104046245,1.9393794619668046,0.5294117647058824,38.84333333333334
21,2018-04-23,41.0,255.0,9.0,0.34509803921568627,249.6206896551724,0.2413793103448276,0.3058823529411765,1.7963857528057015,0.6727272727272727,32.533750000000005
21,2018-04-24,1.0,6.0,3.0,1.0,98.0,0.0,0.3333333333333333,1.0986122886681096,0.0,0.0
21,2018-04-25,23.0,70.0,7.0,0.0,162.7,0.1,0.4,1.364482487865433,0.5652173913043478,37.57575757575758
21,2018-04-26,29.0,181.0,13.0,0.08287292817679558,246.66666666666666,0.20833333333333334,0.6077348066298343,1.4545305304384144,0.6756756756756757,46.041666666666664
21,2018-04-27,15.0,68.0,6.0,0.3235294117647059,130.0,0.1111111111111111,0.3088235294117647,1.6445175831231338,0.3,57.96547619047618
21,2018-04-28,11.0,80.0,8.0,0.0,283.77777777777777,0.6666666666666666,0.4625,1.6064969381650318,0.46153846153846156,23.401666666666664
21,2018-04-29,42.0,596.0,13.0,0.12583892617449666,116.76190476190476,0.40476190476190477,0.29194630872483224,2.001090041699745,0.8185483870967742,32.21747967479674
21,2018-04-30,28.0,146.0,13.0,0.3767123287671233,253.86666666666667,0.13333333333333333,0.2808219178082192,2.09266998102566,0.5666666666666667,42.99382716049382
22,2018-04-21,48.0,2241.0,21.0,0.07273538598839803,249.22222222222223,0.3111111111111111,0.4707719767960732,2.0436789872931334,0.9262536873156342,29.199645390070923
22,2018-04-22,51.0,1682.0,23.0,0.5951248513674198,301.2916666666667,0.25,0.31807372175980975,2.2201154221880666,0.8444730077120822,28.618333333333325
22,2018-04-23,38.0,996.0,19.0,0.19477911646586346,615.3428571428572,0.14285714285714285,0.41967871485943775,1.8966550084043206,0.7571115973741794,36.293243243243246
22,2018-04-24,10.0,198.0,10.0,0.9797979797979798,996.1666666666666,0.0,0.4090909090909091,1.3845564080745174,0.8681318681318682,45.24629629629629
23,2018-04-21,33.0,610.0,11.0,0.0,201.72727272727272,0.2727272727272727,0.26721311475409837,2.0180399070599804,0.7793103448275862,20.0078125
23,2018-04-22,30.0,382.0,12.0,0.015706806282722512,188.80769230769232,0.2692307692307692,0.34554973821989526,1.9802699672657158,0.7880434782608695,27.422413793103445
24,2018-05-03,15.0,77.0,6.0,0.0,131.25,0.4166666666666667,0.4025974025974026,1.4210843000136584,0.6388888888888888,65.63690476190476
24,2018-05-04,20.0,285.0,6.0,0.4,121.95,0.3,0.43859649122807015,1.2934429912732202,0.7985611510791367,37.685087719298245
24,2018-05-05,12.0,56.0,5.0,0.6071428571428571,95.1,0.3,0.42857142857142855,1.2541566105867112,0.4166666666666667,57.34090909090908
24,2018-05-06,1.0,1.0,1.0,0.0,0.0,0.0,1.0,0.0,0.0,0.0
24,2018-05-07,1.0,1.0,1.0,0.0,0.0,0.0,1.0,0.0,0.0,0.0
25,2018-04-29,37.0,2588.0,12.0,0.0,151.16216216216216,0.40540540540540543,0.2797527047913447,2.245337624934263,0.9383057090239411,15.287500000000001
25,2018-04-30,39.0,11318.0,20.0,0.18925605230606113,462.8205128205128,0.2564102564102564,0.28591623961830714,2.4065311023365012,0.9481757877280266,37.44956140350877
25,2018-05-01,27.0,2741.0,16.0,0.7041225829989055,323.25925925925924,0.2962962962962963,0.3049981758482306,2.0168618047633102,0.9283930058284763,34.89615384615385
26,2018-04-08,9.0,139.0,6.0,0.0,154.88888888888889,0.4444444444444444,0.37410071942446044,1.6249931932349708,0.8382352941176471,15.012500000000001
26,2018-04-09,40.0,2225.0,12.0,0.0,133.75,0.475,0.2633707865168539,2.1919532837460496,0.9363228699551569,25.43076923076923
26,2018-04-10,28.0,2445.0,14.0,0.0,250.42857142857142,0.14285714285714285,0.33865030674846625,2.0758719686393214,0.9467649467649467,38.93950617283951
26,2018-04-11,38.0,1944.0,10.0,0.0823045267489712,149.42105263157896,0.18421052631578946,0.23868312757201646,2.0554371016387902,0.9536560247167868,30.94054054054054
26,2018-04-12,20.0,390.0,12.0,0.0,96.65,0.2,0.2153846153846154,2.2057504558203913,0.8247422680412371,43.516666666666666
26,2018-04-13,35.0,890.0,12.0,0.04044943820224719,113.48571428571428,0.4,0.24269662921348314,2.112788886145868,0.8690744920993227,32.234313725490196
26,2018-04-14,28.0,3200.0,11.0,0.0125,215.25,0.14285714285714285,0.27625,2.006546026899172,0.9339152119700748,47.09135802469136
26,2018-04-15,36.0,2249.0,11.0,0.035571365051133834,130.86111111111111,0.19444444444444445,0.18674966651845265,2.1733852951004233,0.92520035618878,29.566190476190474
26,2018-04-16,32.0,3144.0,12.0,0.2639949109414758,169.4375,0.125,0.2862595419847328,2.1043128641784175,0.9630808402291534,44.20645161290323
26,2018-04-17,33.0,1980.0,13.0,0.3,145.75757575757575,0.21212121212121213,0.22424242424242424,2.221725914539458,0.9312436804853387,36.10572916666667
26,2018-04-18,19.0,877.0,11.0,0.0,145.6315789473684,0.3157894736842105,0.3010262257696693,2.126456060496265,0.9045454545454545,48.16296296296296
26,2018-04-19,28.0,970.0,10.0,0.008247422680412371,156.35714285714286,0.14285714285714285,0.4268041237113402,1.813759681976272,0.9028925619834711,47.843209876543206
26,2018-04-20,25.0,916.0,9.0,0.07641921397379912,75.36,0.2,0.3864628820960699,1.7477317188568862,0.9037199124726477,48.98402777777778
26,2018-04-21,32.0,1200.0,13.0,0.06,118.0625,0.34375,0.425,1.8739932200949543,0.9131886477462438,39.75967741935484
26,2018-04-22,29.0,442.0,10.0,0.28054298642533937,128.3793103448276,0.2413793103448276,0.2986425339366516,1.949092223870422,0.85,43.53511904761905
26,2018-04-23,29.0,1525.0,13.0,0.10491803278688525,242.89655172413794,0.1724137931034483,0.3042622950819672,2.080732700254034,0.9198423127463863,46.489285714285714
26,2018-04-24,29.0,1102.0,12.0,0.018148820326678767,135.06896551724137,0.2413793103448276,0.35934664246823955,2.075712083838394,0.8909090909090909,39.147619047619045
26,2018-04-25,26.0,1038.0,12.0,0.0,243.0,0.11538461538461539,0.40655105973025046,1.8667881100249863,0.9092664092664092,38.470666666666666
26,2018-04-26,28.0,1184.0,12.0,0.0,214.53571428571428,0.17857142857142858,0.24324324324324326,2.042481532904716,0.8403361344537815,34.39074074074074
26,2018-04-27,4.0,24.0,4.0,0.6666666666666666,62.5,0.0,0.3333333333333333,1.3579778549873245,0.6363636363636364,104.45
27,2018-04-14,14.0,172.0,6.0,0.0,92.0,0.3076923076923077,0.3313953488372093,1.6064595954590581,0.7564102564102564,72.24871794871795
27,2018-04-15,24.0,604.0,7.0,0.04966887417218543,130.3913043478261,0.391304347826087,0.3543046357615894,1.5293882826591905,0.9236641221374046,50.33405797101449
27,2018-04-16,5.0,21.0,4.0,0.047619047619047616,87.25,0.0,0.6666666666666666,0.9961782375873405,0.5555555555555556,110.60833333333333
28,2018-05-01,47.0,1385.0,14.0,0.12490974729241877,248.33333333333334,0.24444444444444444,0.3740072202166065,1.8943935667255032,0.8708661417322835,28.403260869565223
28,2018-05-02,9.0,275.0,9.0,1.0,401.44444444444446,0.0,0.26181818181818184,1.840195692219395,0.7767857142857143,23.916666666666668
29,2018-04-02,37.0,1338.0,9.0,0.27204783258594917,524.4,0.02857142857142857,0.5672645739910314,1.2801685040232855,0.8302828618968386,36.4837962962963
29,2018-04-03,44.0,1806.0,10.0,0.4424141749723145,288.15909090909093,0.11363636363636363,0.5553709856035437,1.4288082714578463,0.9529553679131484,33.21782945736434
29,2018-04-04,33.0,266.0,10.0,0.4699248120300752,249.6153846153846,0.038461538461538464,0.556390977443609,1.4165504855797504,0.7433628318584071,44.166666666666664
29,2018-04-05,23.0,407.0,9.0,0.5208845208845209,383.22727272727275,0.045454545454545456,0.36855036855036855,1.5187648731016754,0.7741935483870968,31.917424242424246
30,2018-04-05,3.0,23.0,5.0,0.0,131.33333333333334,0.0,0.5217391304347826,1.2510583317959274,0.5454545454545454,20.95
30,2018-04-06,53.0,524.0,14.0,0.23091603053435114,206.2127659574468,0.19148936170212766,0.20419847328244276,2.1848610815066225,0.6640316205533597,26.44583333333333
31,2017-09-10,27.0,342.0,9.0,0.07309941520467836,153.08,0.28,0.3830409356725146,1.7867417727533168,0.7388535031847133,40.54038461538461
31,2017-09-11,22.0,275.0,7.0,0.0,315.40909090909093,0.22727272727272727,0.3018181818181818,1.650982421490607,0.8677685950413223,26.762698412698413
31,2017-09-13,28.0,200.0,8.0,0.0,205.46153846153845,0.15384615384615385,0.35,1.7303747963728369,0.6172839506172839,26.17530864197531
31,2017-09-14,14.0,67.0,5.0,0.04477611940298507,165.83333333333334,0.16666666666666666,0.40298507462686567,1.3110072042121985,0.7407407407407407,86.6397435897436
31,2017-09-15,46.0,329.0,8.0,0.0972644376899696,220.88235294117646,0.11764705882352941,0.3161094224924012,1.7078890304211272,0.7394366197183099,23.82444444444445
31,2017-09-17,7.0,37.0,4.0,0.0,126.14285714285714,0.2857142857142857,0.7567567567567568,0.8128358867926165,0.6,37.827777777777776
31,2017-09-18,26.0,248.0,5.0,0.18951612903225806,312.9130434782609,0.2608695652173913,0.5524193548387096,1.0530070150944977,0.8775510204081632,52.4
31,2017-09-19,5.0,41.0,5.0,0.07317073170731707,229.8,0.0,0.5121951219512195,1.2613982163487532,0.5294117647058824,69.66666666666667
31,2017-09-20,9.0,49.0,6.0,0.0,246.28571428571428,0.14285714285714285,0.46938775510204084,1.4181216419261373,0.47368421052631576,56.65208333333334
31,2017-09-21,38.0,347.0,6.0,0.0,336.20588235294116,0.17647058823529413,0.6484149855907781,0.9882957169487688,0.8181818181818182,24.54594594594594
31,2017-09-22,9.0,38.0,4.0,0.0,82.85714285714286,0.2857142857142857,0.631578947368421,1.0102099474266797,0.8571428571428571,26.047916666666666
31,2017-09-24,7.0,69.0,4.0,0.0,319.7142857142857,0.0,0.391304347826087,1.3248849767171094,0.4666666666666667,50.50277777777779
31,2017-09-25,18.0,84.0,6.0,0.0,205.8181818181818,0.18181818181818182,0.3333333333333333,1.5932853872810053,0.6111111111111112,28.666666666666664
31,2017-09-26,14.0,156.0,6.0,0.0,263.1,0.1,0.33974358974358976,1.4762948075461217,0.7076923076923077,36.3551282051282
31,2017-09-27,24.0,181.0,8.0,0.0,167.57894736842104,0.42105263157894735,0.5138121546961326,1.5936869588562574,0.7972972972972973,36.2072463768116
31,2017-09-28,28.0,124.0,5.0,0.0,221.33333333333334,0.16666666666666666,0.6209677419354839,1.0506353798710166,0.6808510638297872,30.69320987654321
31,2017-09-29,26.0,356.0,6.0,0.019662921348314606,275.6666666666667,0.16666666666666666,0.46348314606741575,1.3030425251000037,0.5460122699386503,39.326
31,2017-09-30,3.0,20.0,4.0,0.65,253.33333333333334,0.0,0.35,1.3350851650920204,0.625,20.058333333333334
31,2017-10-02,12.0,64.0,3.0,0.0,256.0,0.18181818181818182,0.703125,0.7080903763324851,0.76,55.25454545454544
31,2017-10-03,4.0,51.0,5.0,0.0,286.75,0.0,0.45098039215686275,1.2200056227265867,0.6363636363636364,329.4166666666667
31,2017-10-04,33.0,291.0,6.0,0.0,134.33333333333334,0.36666666666666664,0.3127147766323024,1.522669804896726,0.7868852459016393,30.404166666666665
31,2017-10-05,39.0,356.0,4.0,0.0,181.8918918918919,0.2972972972972973,0.45224719101123595,1.1808944800535235,0.8264462809917356,27.725438596491234
31,2017-10-06,35.0,361.0,6.0,0.23268698060941828,221.15151515151516,0.2727272727272727,0.4487534626038781,1.312843904349599,0.8615384615384616,28.417156862745102
31,2017-10-07,5.0,159.0,4.0,0.0,192.0,0.0,0.5345911949685535,1.1671198818517485,0.8589743589743589,107.43333333333334
31,2017-10-08,2.0,3.0,1.0,0.6666666666666666,0.0,1.0,1.0,0.0,0.0,719.8166666666667
31,2017-10-10,56.0,185.0,5.0,0.021621621621621623,175.525,0.2,0.6216216216216216,1.0316689351502226,0.62,21.576060606060615
31,2017-10-11,35.0,166.0,4.0,0.0,272.1333333333333,0.1,0.4397590361445783,1.0632665582605816,0.76,21.660784313725486
31,2017-10-12,45.0,203.0,5.0,0.0049261083743842365,239.9375,0.1875,0.4975369458128079,1.2540627823734534,0.6833333333333333,24.18522727272727
31,2017-10-13,33.0,612.0,6.0,0.013071895424836602,369.54545454545456,0.18181818181818182,0.5964052287581699,1.0604824935332224,0.8416289592760181,33.73229166666667
31,2017-10-14,36.0,307.0,5.0,0.003257328990228013,386.46666666666664,0.36666666666666664,0.6482084690553745,0.9942302411114045,0.8349514563106796,29.435238095238095
31,2017-10-15,31.0,163.0,5.0,0.03067484662576687,265.5217391304348,0.08695652173913043,0.4294478527607362,1.231461461533938,0.6923076923076923,41.65111111111111
31,2017-10-16,8.0,38.0,2.0,0.0,121.5,0.0,0.6578947368421053,0.6424220210762541,0.6153846153846154,20.83809523809524
31,2017-10-17,12.0,34.0,3.0,0.0,74.28571428571429,0.7142857142857143,0.6764705882352942,0.7828992739245052,0.7692307692307693,53.20757575757575
31,2017-10-18,7.0,49.0,4.0,0.2653061224489796,415.1666666666667,0.16666666666666666,0.5510204081632653,1.0289532217115893,0.7333333333333333,95.79166666666667
31,2017-10-19,35.0,204.0,6.0,0.0196078431372549,109.54838709677419,0.22580645161290322,0.35294117647058826,1.4285289168783035,0.6235294117647059,39.81323529411765
31,2017-10-20,13.0,73.0,5.0,0.0,192.1818181818182,0.2727272727272727,0.4246575342465753,1.3337327189811086,0.6666666666666666,60.145833333333336
31,2017-10-21,42.0,148.0,6.0,0.006756756756756757,179.24137931034483,0.20689655172413793,0.49324324324324326,1.273259864753575,0.6382978723404256,26.185365853658535
31,2017-10-22,26.0,239.0,7.0,0.06694560669456066,200.68,0.24,0.401673640167364,1.5257824033557648,0.7894736842105263,49.662666666666674
31,2017-10-23,3.0,23.0,3.0,0.0,135.33333333333334,0.3333333333333333,0.5217391304347826,0.9189639831203728,0.6,17.683333333333334
31,2017-10-24,24.0,104.0,5.0,0.0,166.0952380952381,0.2857142857142857,0.40384615384615385,1.1910719019962366,0.7297297297297297,37.883333333333326
31,2017-10-25,8.0,42.0,5.0,0.047619047619047616,291.2,0.2,0.5238095238095238,1.1596042033671212,0.6428571428571429,142.91190476190476
31,2017-10-26,27.0,291.0,4.0,0.0,203.95,0.2,0.3711340206185567,1.3167179692017073,0.8823529411764706,36.86089743589743
31,2017-10-28,14.0,61.0,4.0,0.0,286.0,0.4,0.5737704918032787,1.101616576555912,0.6521739130434783,77.33846153846154
31,2017-10-29,20.0,53.0,4.0,0.0,94.0,0.42857142857142855,0.6226415094339622,0.922165876016149,0.6666666666666666,28.8
31,2017-10-30,1.0,4.0,2.0,0.0,77.0,0.0,0.75,0.5623351446188083,1.0,0.0
31,2017-11-01,6.0,9.0,2.0,0.0,119.0,0.0,0.5555555555555556,0.6869615765973234,0.5,100.53
31,2017-11-02,17.0,94.0,4.0,0.02127659574468085,126.6,0.4,0.5319148936170213,1.1200922375883648,0.6470588235294118,68.87291666666667
31,2017-11-03,16.0,61.0,4.0,0.0,77.27272727272727,0.36363636363636365,0.45901639344262296,1.1958395155915391,0.6538461538461539,61.82888888888888
31,2017-11-05,28.0,98.0,4.0,0.0,170.0952380952381,0.09523809523809523,0.5408163265306123,1.1144194432497205,0.6666666666666666,31.410493827160494
31,2017-11-06,28.0,237.0,6.0,0.0,186.4814814814815,0.2222222222222222,0.5358649789029536,1.3181176014210463,0.8481012658227848,34.30123456790123
31,2017-11-07,39.0,355.0,7.0,0.030985915492957747,242.53333333333333,0.2,0.6084507042253521,1.0111563529486107,0.8518518518518519,33.21008771929824
31,2017-11-08,22.0,410.0,5.0,0.0,260.72727272727275,0.36363636363636365,0.33658536585365856,1.413962072470477,0.8405797101449275,34.817460317460316
31,2017-11-09,13.0,84.0,5.0,0.0,149.5,0.5,0.39285714285714285,1.401536986329076,0.7096774193548387,46.53333333333333
31,2017-11-10,33.0,319.0,4.0,0.012539184952978056,178.96428571428572,0.42857142857142855,0.445141065830721,1.0680138598318059,0.8888888888888888,43.5421875
31,2017-11-11,34.0,105.0,3.0,0.01904761904761905,153.16666666666666,0.25,0.7619047619047619,0.6981290172403339,0.6666666666666666,31.62222222222222
31,2017-11-12,16.0,104.0,6.0,0.0,176.30769230769232,0.23076923076923078,0.5384615384615384,1.2528369506988233,0.675,69.11
31,2017-11-13,24.0,121.0,5.0,0.0,177.76190476190476,0.14285714285714285,0.4793388429752066,1.2175367434940334,0.5405405405405406,30.47753623188406
31,2017-11-14,24.0,80.0,2.0,0.0375,195.6,0.26666666666666666,0.6375,0.654843055442027,0.7894736842105263,51.810869565217395
31,2017-11-15,40.0,446.0,5.0,0.0,228.625,0.475,0.4484304932735426,1.2252692250830193,0.8675496688741722,25.41282051282051
31,2017-11-16,17.0,114.0,5.0,0.06140350877192982,384.6875,0.1875,0.5175438596491229,1.235953693088783,0.6666666666666666,32.009375
31,2017-11-17,32.0,110.0,4.0,0.0,232.1904761904762,0.14285714285714285,0.509090909090909,0.8989456838801746,0.78125,28.53064516129032
31,2017-11-19,29.0,141.0,3.0,0.0,139.0952380952381,0.2857142857142857,0.5460992907801419,0.7520106441607979,0.9183673469387755,37.6202380952381
31,2017-11-20,25.0,228.0,3.0,0.0,115.8,0.44,0.4692982456140351,0.8901439522884923,0.9294117647058824,41.617361111111116
31,2017-11-21,8.0,54.0,4.0,0.07407407407407407,175.66666666666666,0.5,0.6666666666666666,0.9124268872944526,0.72,195.1452380952381
31,2017-11-22,1.0,2.0,1.0,0.0,5.0,1.0,1.0,0.0,0.0,0.0
31,2017-11-23,22.0,82.0,4.0,0.0,170.4375,0.375,0.7682926829268293,0.7776413290258597,0.6923076923076923,37.1063492063492
31,2017-11-24,18.0,72.0,4.0,0.125,162.0,0.18181818181818182,0.7222222222222222,0.8135696219820652,0.6923076923076923,44.688235294117646
31,2017-11-25,21.0,116.0,5.0,0.017241379310344827,182.42105263157896,0.3684210526315789,0.646551724137931,1.0741452964326448,0.5813953488372093,58.914166666666674
31,2017-11-26,17.0,91.0,3.0,0.0,235.54545454545453,0.09090909090909091,0.6373626373626373,0.8268611899324816,0.7777777777777778,34.50208333333333
31,2017-11-27,18.0,165.0,4.0,0.10303030303030303,201.64705882352942,0.29411764705882354,0.6909090909090909,0.9426837611615397,0.7741935483870968,62.687254901960785
31,2017-11-28,22.0,378.0,5.0,0.0,150.6818181818182,0.3181818181818182,0.5105820105820106,1.1949809945010947,0.8866666666666667,51.312698412698396
31,2017-11-29,15.0,107.0,2.0,0.07476635514018691,113.26666666666667,0.7333333333333333,0.6261682242990654,0.6609635665763718,0.9534883720930233,74.12619047619047
31,2017-11-30,3.0,23.0,2.0,0.0,35.5,0.0,0.5217391304347826,0.6922017029622767,0.8888888888888888,430.04166666666663
31,2017-12-01,10.0,381.0,3.0,0.0,243.6,0.2,0.4540682414698163,1.0571747791005102,0.8875739644970414,20.616666666666667
31,2017-12-02,37.0,297.0,5.0,0.22895622895622897,167.6875,0.34375,0.5925925925925926,0.9674757012481602,0.7962962962962963,28.561111111111106
31,2017-12-03,15.0,89.0,5.0,0.0,177.45454545454547,0.09090909090909091,0.43820224719101125,1.2322155482577364,0.65,24.045238095238094
31,2017-12-04,28.0,216.0,4.0,0.18518518518518517,142.03703703703704,0.2222222222222222,0.5416666666666666,0.9666333719594047,0.8414634146341463,35.85370370370371
31,2017-12-05,27.0,171.0,4.0,0.0,343.27272727272725,0.13636363636363635,0.6432748538011696,0.8210709361307119,0.7741935483870968,25.182051282051283
31,2017-12-07,10.0,38.0,4.0,0.0,124.5,0.0,0.6052631578947368,0.9879178612845315,0.25,71.03148148148148
31,2017-12-08,1.0,4.0,1.0,1.0,3.0,1.0,1.0,0.0,1.0,0.0
31,2017-12-09,15.0,98.0,5.0,0.0,200.0909090909091,0.18181818181818182,0.42857142857142855,1.344619681425847,0.5609756097560976,56.03690476190476
31,2017-12-10,8.0,60.0,3.0,0.16666666666666666,270.42857142857144,0.42857142857142855,0.4,1.0739607536079796,0.6666666666666666,132.85714285714286
31,2017-12-11,41.0,1375.0,6.0,0.08509090909090909,205.0731707317073,0.4878048780487805,0.42763636363636365,1.3092395543789788,0.9490333919156415,26.611666666666668
31,2017-12-12,25.0,278.0,5.0,0.34532374100719426,137.72,0.44,0.7122302158273381,0.8927586717013233,0.8380952380952381,39.53958333333333
31,2017-12-13,9.0,67.0,4.0,0.23880597014925373,176.88888888888889,0.1111111111111111,0.6119402985074627,1.026877566397518,0.7777777777777778,76.75625
31,2017-12-14,7.0,96.0,3.0,0.0,153.14285714285714,0.14285714285714285,0.6666666666666666,0.857035247680807,0.8717948717948718,47.67499999999999
31,2017-12-15,11.0,215.0,2.0,0.25116279069767444,167.5,0.5,0.5023255813953489,0.6931363638632921,0.9270833333333334,67.43666666666667
31,2017-12-16,13.0,105.0,4.0,0.0,147.83333333333334,0.0,0.5047619047619047,1.074497829495251,0.7659574468085106,76.00416666666666
31,2017-12-17,2.0,24.0,3.0,1.0,372.5,0.0,0.6666666666666666,0.8675632284814613,0.6,49.63333333333333
31,2017-12-19,13.0,133.0,5.0,0.0,146.72727272727272,0.36363636363636365,0.3609022556390977,1.3098502657072226,0.8571428571428571,36.31666666666666
31,2017-12-20,8.0,183.0,6.0,0.0,280.8333333333333,0.16666666666666666,0.22404371584699453,1.7442266455214914,0.7901234567901234,56.67142857142858
31,2017-12-22,11.0,48.0,3.0,0.0,111.14285714285714,0.2857142857142857,0.5625,0.9840865030829147,0.5,85.94833333333334
31,2017-12-25,8.0,50.0,6.0,0.0,146.0,0.14285714285714285,0.32,1.5091255118521796,0.42857142857142855,30.695238095238096
31,2017-12-26,14.0,78.0,3.0,0.0,110.75,0.16666666666666666,0.7692307692307693,0.6624440344790888,0.875,79.76538461538462
31,2017-12-27,17.0,325.0,4.0,0.0,262.1764705882353,0.47058823529411764,0.6246153846153846,1.0124845204329491,0.9111111111111111,28.31875
31,2017-12-28,10.0,79.0,5.0,0.189873417721519,196.1,0.1,0.31645569620253167,1.528823245986003,0.5,66.37592592592594
32,2018-01-19,7.0,98.0,5.0,0.0,147.57142857142858,0.2857142857142857,0.42857142857142855,1.4029424015612442,0.375,92.125
32,2018-01-23,9.0,364.0,8.0,0.0,368.1111111111111,0.0,0.46153846153846156,1.495215205489356,0.7016574585635359,36.920833333333334
32,2018-01-24,1.0,8.0,2.0,0.0,42.0,0.0,0.75,0.5623351446188083,0.3333333333333333,0.0
32,2018-01-28,1.0,4.0,1.0,0.0,48.0,0.0,1.0,0.0,1.0,0.0
33,2018-04-03,27.0,1514.0,11.0,0.0,202.4814814814815,0.2222222222222222,0.428665785997358,1.8569891728781522,0.93234100135318,24.591025641025645
33,2018-04-04,15.0,668.0,7.0,0.008982035928143712,172.2,0.26666666666666666,0.8158682634730539,0.7748722389814137,0.9654088050314465,101.03214285714286
33,2018-04-05,21.0,426.0,11.0,0.007042253521126761,172.33333333333334,0.2857142857142857,0.3544600938967136,1.9455044625192168,0.7794117647058824,52.0
33,2018-04-06,27.0,1047.0,13.0,0.0,163.1851851851852,0.18518518518518517,0.19866284622731614,2.3046513457344084,0.8722986247544204,24.25
33,2018-04-07,33.0,639.0,9.0,0.3286384976525822,154.875,0.1875,0.28794992175273865,1.7648660629585804,0.8801261829652997,40.337500000000006
33,2018-04-08,11.0,219.0,6.0,0.0,172.0909090909091,0.45454545454545453,0.4063926940639269,1.5008557243838903,0.7037037037037037,24.465
33,2018-04-09,31.0,523.0,10.0,0.0038240917782026767,199.28571428571428,0.17857142857142858,0.26577437858508607,2.019958506633069,0.7509881422924901,35.403888888888886
33,2018-04-10,6.0,99.0,6.0,0.6464646464646465,225.83333333333334,0.16666666666666666,0.32323232323232326,1.6225492602315952,0.6875,282.2966666666666
33,2018-04-11,16.0,175.0,9.0,0.10285714285714286,160.86666666666667,0.26666666666666666,0.5942857142857143,1.3692942054303514,0.8072289156626506,94.16444444444444
33,2018-04-12,41.0,605.0,11.0,0.02809917355371901,143.2972972972973,0.32432432432432434,0.21487603305785125,2.111552130999111,0.8356164383561644,35.775416666666665
33,2018-04-13,28.0,1583.0,10.0,0.032217308907138344,175.5,0.39285714285714285,0.5464308275426406,1.5707036047663754,0.9310793237971391,51.816666666666656
33,2018-04-14,23.0,241.0,9.0,0.11618257261410789,135.0,0.2727272727272727,0.4066390041493776,1.7163935493147264,0.8067226890756303,64.26969696969698
33,2018-04-15,26.0,651.0,9.0,0.11367127496159754,169.26923076923077,0.23076923076923078,0.36251920122887865,1.7978236071851053,0.921875,55.377333333333326
33,2018-04-16,14.0,192.0,6.0,0.4479166666666667,264.0,0.46153846153846156,0.6666666666666666,1.053116158250724,0.872093023255814,101.21923076923076
33,2018-04-17,23.0,2431.0,9.0,0.0,310.4347826086956,0.2608695652173913,0.40106951871657753,1.571225292021372,0.963404255319149,32.26590909090909
33,2018-04-18,30.0,1384.0,8.0,0.0,238.6,0.23333333333333334,0.5361271676300579,1.4942286391893613,0.9548872180451128,27.1683908045977
33,2018-04-19,42.0,1683.0,12.0,0.13963161021984552,212.88095238095238,0.11904761904761904,0.3137254901960784,1.8545912118023442,0.9285714285714286,34.86666666666667
33,2018-04-20,34.0,898.0,14.0,0.08463251670378619,233.08823529411765,0.29411764705882354,0.34743875278396436,2.0357138417612086,0.851508120649652,42.15757575757575
33,2018-04-21,28.0,249.0,8.0,0.2248995983935743,228.65217391304347,0.30434782608695654,0.2891566265060241,1.849833105198912,0.7264957264957265,50.386419753086415
33,2018-04-22,22.0,98.0,9.0,0.0,161.16666666666666,0.05555555555555555,0.2857142857142857,1.8595857663193773,0.5111111111111111,25.843650793650788
33,2018-04-23,6.0,46.0,4.0,1.0,204.16666666666666,0.0,0.5652173913043478,1.1544108980639882,0.5909090909090909,22.366666666666667
33,2018-04-24,19.0,500.0,7.0,0.0,118.77777777777777,0.3333333333333333,0.488,1.427478595446703,0.9291666666666667,35.221296296296295
33,2018-04-25,25.0,680.0,9.0,0.17647058823529413,166.08,0.36,0.23823529411764705,1.98585223808062,0.8888888888888888,59.40277777777777
33,2018-04-26,7.0,173.0,6.0,0.9595375722543352,259.0,0.2857142857142857,0.3063583815028902,1.7171303864814151,0.6219512195121951,154.9611111111111
33,2018-04-27,34.0,733.0,9.0,0.04229195088676671,154.41176470588235,0.29411764705882354,0.29195088676671216,1.9222406600302557,0.9109195402298851,41.91616161616162
33,2018-04-28,26.0,474.0,9.0,0.5569620253164557,166.26923076923077,0.34615384615384615,0.21308016877637131,1.8915907340663187,0.8272727272727273,44.86000000000001
33,2018-04-29,16.0,123.0,3.0,0.0,122.71428571428571,0.35714285714285715,0.43902439024390244,1.0611692507830746,0.9137931034482759,42.94555555555555
33,2018-04-30,38.0,2905.0,9.0,0.07882960413080894,233.05263157894737,0.34210526315789475,0.5886402753872634,1.3008927367338496,0.9572649572649573,36.34054054054054
33,2018-05-01,15.0,669.0,8.0,0.9073243647234679,342.8666666666667,0.26666666666666666,0.484304932735426,1.357862347041086,0.89937106918239,50.66666666666667
34,2018-01-18,31.0,245.0,10.0,0.24489795918367346,214.5,0.14285714285714285,0.19591836734693877,2.1438957117817097,0.5655737704918032,41.07888888888889
34,2018-01-19,5.0,50.0,7.0,0.0,496.0,0.2,0.28,1.7348258789461912,0.5,33.3
35,2018-01-05,15.0,106.0,8.0,0.0,251.33333333333334,0.16666666666666666,0.24528301886792453,1.8386892735934186,0.5,54.23928571428571
35,2018-01-09,6.0,23.0,6.0,0.2608695652173913,40.0,0.3333333333333333,0.2608695652173913,1.695723926213483,0.2727272727272727,193.89333333333335
35,2018-02-06,7.0,29.0,3.0,0.034482758620689655,131.0,0.25,0.6551724137931034,0.816738336927131,0.6153846153846154,196.46388888888887
36,2018-04-16,33.0,648.0,12.0,0.018518518518518517,173.5151515151515,0.45454545454545453,0.3595679012345679,1.8615691894690376,0.8062283737024222,40.14062499999999
36,2018-04-17,58.0,907.0,12.0,0.30760749724366043,101.84482758620689,0.5517241379310345,0.2657111356119074,1.9616093968522756,0.8723958333333334,25.111111111111114
36,2018-04-18,58.0,2114.0,13.0,0.2000946073793756,225.39655172413794,0.22413793103448276,0.2403027436140019,2.275996531617891,0.8740416210295728,24.7953216374269
36,2018-04-19,63.0,1412.0,14.0,0.6175637393767706,310.17857142857144,0.19642857142857142,0.2521246458923513,2.051077974212932,0.7567164179104477,22.906451612903222
36,2018-04-20,39.0,404.0,12.0,0.6485148514851485,363.62068965517244,0.1724137931034483,0.24504950495049505,2.0393355137118676,0.5913978494623656,37.7359649122807
36,2018-04-21,62.0,1332.0,12.0,0.10585585585585586,244.01960784313727,0.1568627450980392,0.5487987987987988,1.3438418681089106,0.8467614533965245,23.42950819672131
36,2018-04-22,43.0,698.0,11.0,0.27507163323782235,234.06976744186048,0.37209302325581395,0.2521489971346705,1.9514862299043487,0.7356687898089171,29.50317460317461
37,2018-04-07,3.0,25.0,5.0,0.0,55.0,0.0,0.4,1.310532911846215,0.6666666666666666,72.93333333333334
37,2018-04-08,14.0,58.0,10.0,0.41379310344827586,180.28571428571428,0.14285714285714285,0.1896551724137931,2.0368502904584656,0.6521739130434783,66.9923076923077
37,2018-04-09,1.0,19.0,2.0,0.0,201.0,0.0,0.9473684210526315,0.20619205063323187,1.0,0.0
37,2018-04-10,11.0,48.0,7.0,0.16666666666666666,73.875,0.125,0.4375,1.5396568312768415,0.6,103.31999999999998
37,2018-04-11,7.0,52.0,8.0,0.0,148.66666666666666,0.0,0.4230769230769231,1.6721456501504754,0.7894736842105263,40.99722222222222
37,2018-04-12,22.0,325.0,10.0,0.3230769230769231,115.86363636363636,0.3181818181818182,0.36615384615384616,1.6213687925566593,0.9292035398230089,63.849206349206355
37,2018-04-13,12.0,44.0,7.0,0.6590909090909091,54.666666666666664,0.5555555555555556,0.45454545454545453,1.5143326474236132,0.875,117.61515151515151
37,2018-04-14,24.0,89.0,10.0,0.6067415730337079,126.33333333333333,0.4444444444444444,0.6404494382022472,1.33173650623668,0.7631578947368421,54.77391304347826
37,2018-04-15,13.0,27.0,4.0,0.0,41.857142857142854,0.14285714285714285,0.4074074074074074,1.3172020854117994,0.75,46.09583333333333
37,2018-04-16,16.0,113.0,7.0,0.22123893805309736,55.733333333333334,0.5333333333333333,0.25663716814159293,1.7712843859053904,0.8333333333333334,92.38666666666667
37,2018-04-17,22.0,448.0,8.0,0.43973214285714285,101.13636363636364,0.3181818181818182,0.33482142857142855,1.8246278294019005,0.9470899470899471,53.00873015873015
37,2018-04-18,25.0,156.0,8.0,0.5128205128205128,97.6,0.15,0.30128205128205127,1.7395366402708463,0.7166666666666667,51.388194444444444
37,2018-04-19,13.0,83.0,7.0,0.0,87.84615384615384,0.3076923076923077,0.5662650602409639,1.337710948067051,0.8709677419354839,46.81527777777779
37,2018-04-20,35.0,363.0,11.0,0.25895316804407714,136.4,0.4,0.32231404958677684,1.8404980851166313,0.8695652173913043,40.693627450980394
37,2018-04-21,2.0,11.0,2.0,1.0,17.0,0.5,0.8181818181818182,0.47413931305783735,0.75,41.88333333333333
37,2018-04-22,16.0,55.0,7.0,0.0,107.61538461538461,0.23076923076923078,0.7272727272727273,0.9917208136857643,0.6842105263157895,34.55444444444444
37,2018-04-23,23.0,102.0,8.0,0.5294117647058824,120.66666666666667,0.2,0.3137254901960784,1.7668691835969725,0.7555555555555555,62.12121212121212
37,2018-04-24,24.0,82.0,9.0,0.2073170731707317,81.63157894736842,0.3157894736842105,0.2926829268292683,1.8546845625832284,0.5416666666666666,60.01376811594203
37,2018-04-25,16.0,75.0,7.0,0.21333333333333335,98.91666666666667,0.25,0.44,1.5074418934617917,0.7333333333333333,40.36666666666667
37,2018-04-27,16.0,69.0,7.0,0.057971014492753624,152.1,0.3,0.5652173913043478,1.364932946554826,0.8518518518518519,80.31444444444445
37,2018-04-28,3.0,9.0,5.0,1.0,157.33333333333334,0.3333333333333333,0.3333333333333333,1.5229550675313184,0.0,53.65
37,2018-04-29,9.0,43.0,5.0,0.0,56.75,0.25,0.3488372093023256,1.5073697361458809,0.6363636363636364,103.025
37,2018-04-30,28.0,166.0,10.0,0.42771084337349397,44.875,0.5,0.30120481927710846,1.770812901005838,0.7575757575757576,43.23271604938272
37,2018-05-01,2.0,8.0,3.0,1.0,69.0,0.5,0.5,1.0397207708399179,0.5,8.15
38,2018-04-30,4.0,12.0,5.0,0.0,57.333333333333336,0.0,0.3333333333333333,1.5171063970610277,1.0,11.594444444444443
38,2018-05-01,29.0,179.0,11.0,0.15083798882681565,259.0,0.05555555555555555,0.17318435754189945,2.191543950298447,0.3770491803278688,49.57261904761905
38,2018-05-02,39.0,144.0,8.0,0.0625,88.38709677419355,0.06451612903225806,0.4097222222222222,1.6672540558193625,0.5,35.88377192982457
38,2018-05-03,12.0,83.0,6.0,0.0,44.0,0.6,0.3253012048192771,1.5721999273089728,0.8076923076923077,101.24545454545454
38,2018-05-04,29.0,280.0,10.0,0.4607142857142857,117.04166666666667,0.2916666666666667,0.2642857142857143,1.980006814109359,0.6504854368932039,50.404166666666654
38,2018-05-05,19.0,123.0,7.0,0.43902439024390244,217.5,0.16666666666666666,0.18699186991869918,1.8773095470598957,0.5869565217391305,78.04537037037036
38,2018-05-06,14.0,98.0,9.0,0.12244897959183673,247.3,0.1,0.1836734693877551,2.051440606521616,0.5384615384615384,93.17307692307692
38,2018-05-07,29.0,154.0,9.0,0.006493506493506494,254.89473684210526,0.10526315789473684,0.35064935064935066,1.8143331547385262,0.37735849056603776,44.347023809523805
38,2018-05-08,25.0,151.0,8.0,0.07947019867549669,111.66666666666667,0.2916666666666667,0.2781456953642384,1.7687594596969043,0.7333333333333333,52.50763888888889
38,2018-05-09,17.0,156.0,8.0,0.28846153846153844,139.64705882352942,0.29411764705882354,0.20512820512820512,1.9537650830342332,0.6612903225806451,82.17500000000001
38,2018-05-10,39.0,227.0,10.0,0.4845814977973568,247.42857142857142,0.14285714285714285,0.2599118942731278,1.8335889987304923,0.573170731707317,33.00175438596491
38,2018-05-11,16.0,139.0,6.0,0.2733812949640288,175.6,0.2,0.3669064748201439,1.6173857932362112,0.6851851851851852,82.22444444444444
38,2018-05-12,28.0,361.0,10.0,0.0332409972299169,171.68,0.48,0.2299168975069252,1.9170153288904066,0.68,48.11296296296297
38,2018-05-13,26.0,103.0,6.0,0.0,73.94117647058823,0.35294117647058826,0.4563106796116505,1.5173146074561208,0.6216216216216216,24.524
38,2018-05-14,8.0,34.0,4.0,0.5882352941176471,75.6,0.0,0.4117647058823529,1.2890948578839532,0.36363636363636365,46.34523809523809
39,2018-04-02,31.0,819.0,10.0,0.057387057387057384,328.44444444444446,0.07407407407407407,0.35653235653235654,1.732759049411082,0.8598901098901099,41.329444444444455
39,2018-04-03,36.0,1270.0,14.0,0.28976377952755905,246.58333333333334,0.16666666666666666,0.3464566929133858,1.9738032771144456,0.8772241992882562,40.63333333333333
39,2018-04-04,16.0,289.0,11.0,0.5432525951557093,451.7857142857143,0.14285714285714285,0.5017301038062284,1.6071184000661112,0.7194244604316546,82.12444444444445
39,2018-04-07,1.0,5.0,2.0,0.0,34.0,0.0,0.6,0.6730116670092565,0.5,0.0
39,2018-04-09,27.0,260.0,14.0,0.0,347.7142857142857,0.09523809523809523,0.33076923076923076,1.6864575171651133,0.5391304347826087,18.821153846153848
39,2018-04-10,32.0,631.0,16.0,0.24405705229793978,425.39285714285717,0.17857142857142858,0.25356576862123614,1.9242026547210536,0.6190476190476191,44.56666666666666
39,2018-04-11,2.0,30.0,4.0,0.0,78.5,0.0,0.4,1.2798542258336676,0.36363636363636365,511.01666666666665
39,2018-04-12,1.0,4.0,2.0,0.0,11.0,0.0,0.5,0.6931471805599453,0.0,0.0
39,2018-04-13,36.0,888.0,14.0,0.25563063063063063,518.8611111111111,0.1111111111111111,0.3400900900900901,1.793476433158052,0.5576923076923077,37.46333333333333
39,2018-04-14,22.0,300.0,11.0,0.53,311.10526315789474,0.05263157894736842,0.31,1.7385963726880718,0.4420289855072464,53.12222222222223
40,2018-01-22,40.0,3740.0,15.0,0.07192513368983958,553.775,0.025,0.42219251336898395,1.999597845163758,0.9054696789536266,34.74957264957265
40,2018-01-23,2.0,661.0,9.0,1.0,2072.5,0.0,0.6475037821482602,1.2988268475316467,0.9137380191693291,19.25
41,2018-04-04,23.0,197.0,12.0,0.0,232.11764705882354,0.058823529411764705,0.3248730964467005,1.8916387221017752,0.7528089887640449,34.78636363636363
41,2018-04-05,3.0,73.0,3.0,1.0,301.6666666666667,0.0,0.6301369863013698,0.7174729448873377,0.9714285714285714,11.716666666666667
41,2018-04-06,15.0,84.0,7.0,0.0,123.14285714285714,0.2857142857142857,0.30952380952380953,1.5986024177951743,0.6666666666666666,35.28571428571429
41,2018-04-07,15.0,109.0,2.0,0.6055045871559633,229.36363636363637,0.2727272727272727,0.8073394495412844,0.4900578742816753,0.9411764705882353,65.54999999999998
41,2018-04-08,9.0,34.0,6.0,0.0,143.14285714285714,0.0,0.3235294117647059,1.6160217733124174,0.42857142857142855,26.625
41,2018-04-09,17.0,88.0,7.0,0.03409090909090909,161.6153846153846,0.15384615384615385,0.5681818181818182,1.1538481138107142,0.8157894736842105,69.4125
41,2018-04-10,23.0,361.0,6.0,0.0,324.9047619047619,0.19047619047619047,0.4376731301939058,1.2982580328726425,0.8855421686746988,32.49015151515152
41,2018-04-11,25.0,316.0,9.0,0.2088607594936709,301.1363636363636,0.09090909090909091,0.6329113924050633,1.3111434422117252,0.8435374149659864,56.72152777777777
41,2018-04-12,33.0,611.0,9.0,0.08346972176759411,271.1515151515151,0.24242424242424243,0.5090016366612111,1.2745756027447295,0.8996539792387543,43.45520833333333
41,2018-04-13,33.0,547.0,12.0,0.054844606946983544,374.64516129032256,0.0967741935483871,0.6325411334552102,1.3867444405767317,0.7991967871485943,42.05
42,2018-04-07,13.0,161.0,8.0,0.043478260869565216,187.2,0.1,0.2236024844720497,1.814627425767978,0.6103896103896104,107.2972222222222
42,2018-04-08,14.0,183.0,5.0,0.20765027322404372,72.14285714285714,0.14285714285714285,0.4371584699453552,1.2185862512073133,0.8539325842696629,105.22820512820513
42,2018-04-09,17.0,184.0,8.0,0.4076086956521739,77.41176470588235,0.4117647058823529,0.3532608695652174,1.657771475971082,0.8536585365853658,88.24791666666667
42,2018-04-10,7.0,26.0,2.0,0.8461538461538461,170.83333333333334,0.0,0.8461538461538461,0.4293230219306162,0.9,43.444444444444436
43,2018-04-01,33.0,2702.0,9.0,0.03737971872686899,154.96969696969697,0.2727272727272727,0.3097705403404885,1.6421896033876977,0.9532117367168914,43.466145833333336
43,2018-04-02,57.0,3628.0,15.0,0.5195700110253583,218.64912280701753,0.2631578947368421,0.24090407938257993,2.130522784103264,0.8901425178147269,25.60595238095238
43,2018-04-03,2.0,117.0,7.0,1.0,814.0,0.0,0.2564102564102564,1.8131006631112438,0.2982456140350877,35.333333333333336
44,2018-04-14,10.0,608.0,11.0,0.0,397.9,0.0,0.37006578947368424,1.7464887733168046,0.8833333333333333,45.73518518518518
44,2018-04-15,17.0,1327.0,10.0,0.4310474755086662,387.70588235294116,0.0,0.35116804822908815,1.6696442979899129,0.8897280966767371,87.04062499999999
44,2018-04-16,31.0,1374.0,11.0,0.44395924308588064,315.6774193548387,0.0,0.4017467248908297,1.8407215916156623,0.8768768768768769,41.34444444444444
44,2018-04-17,10.0,318.0,10.0,1.0,299.4,0.1,0.2578616352201258,2.0145465837701138,0.8355263157894737,21.594444444444445
45,2018-04-26,14.0,574.0,7.0,0.006968641114982578,196.64285714285714,0.2857142857142857,0.4808362369337979,1.4330236468773263,0.9688715953307393,88.00384615384615
45,2018-04-27,21.0,4989.0,12.0,0.12126678693124875,329.95238095238096,0.0,0.7396271797955503,1.1378095377613942,0.9841534612176814,67.96916666666667
45,2018-04-28,19.0,786.0,8.0,0.4860050890585242,81.57894736842105,0.21052631578947367,0.3053435114503817,1.6444013225008003,0.9735294117647059,65.12500000000001
45,2018-04-29,7.0,112.0,5.0,0.0,59.285714285714285,0.42857142857142855,0.375,1.3847528477559163,0.9512195121951219,180.00833333333333
45,2018-04-30,4.0,39.0,3.0,0.717948717948718,116.33333333333333,0.0,0.6153846153846154,0.9320181767661446,0.7647058823529411,57.68333333333333
46,2018-01-20,19.0,2309.0,16.0,0.0,419.0,0.21052631578947367,0.299696838458207,2.1878918002263656,0.9088319088319088,28.148148148148152
46,2018-01-21,33.0,3951.0,17.0,0.23032143761073146,308.6969696969697,0.09090909090909091,0.5011389521640092,1.9005063289501434,0.9348534201954397,22.077604166666667
47,2018-01-16,2.0,133.0,8.0,0.0,1937.0,0.0,0.24060150375939848,1.9298957565637638,0.6557377049180327,62.61666666666667
47,2018-01-17,31.0,1161.0,13.0,0.5615848406546081,471.44827586206895,0.20689655172413793,0.3031869078380706,2.1386705850542223,0.7913533834586466,37.70611111111112
47,2018-01-18,9.0,80.0,6.0,1.0,248.77777777777777,0.1111111111111111,0.625,1.238637368920641,0.7142857142857143,13.920833333333334
48,2018-01-05,12.0,403.0,5.0,0.0,271.0,0.25,0.7022332506203474,0.935145831504576,0.9119170984455959,17.26060606060606
48,2018-01-06,35.0,1928.0,16.0,0.01970954356846473,331.85714285714283,0.05714285714285714,0.5964730290456431,1.603766600505957,0.8781014023732471,24.29656862745098
49,2018-04-06,27.0,848.0,12.0,0.0,375.962962962963,0.1111111111111111,0.5047169811320755,1.4163650020131746,0.4543010752688172,17.434615384615384
49,2018-04-07,53.0,1005.0,15.0,0.39800995024875624,232.47058823529412,0.17647058823529413,0.48059701492537316,1.8125573933381003,0.7586206896551724,24.575320512820515
50,2018-04-14,39.0,2160.0,11.0,0.07453703703703704,178.42105263157896,0.3684210526315789,0.3972222222222222,1.608938665171801,0.8359161349134002,37.2311403508772
50,2018-04-15,20.0,2063.0,5.0,0.2651478429471643,201.25,0.25,0.6839554047503635,0.8570542103133524,0.9012464046021093,74.5061403508772
50,2018-04-16,25.0,1155.0,8.0,0.05714285714285714,144.16,0.36,0.7653679653679654,0.805666691251201,0.9209621993127147,57.84236111111111
50,2018-04-17,47.0,6778.0,12.0,0.16347005016228977,251.72340425531914,0.2765957446808511,0.3114488049572145,1.837594725509472,0.8600352112676056,30.863043478260867
50,2018-04-18,41.0,3335.0,10.0,0.21469265367316342,103.3170731707317,0.3170731707317073,0.4971514242878561,1.4778723964192522,0.9128878281622912,33.49333333333333
50,2018-04-19,27.0,4106.0,10.0,0.25718460789089137,308.55555555555554,0.18518518518518517,0.33511933755479784,1.8440410928252151,0.9176814417924988,55.06794871794871
50,2018-04-20,35.0,3908.0,10.0,0.12128966223132037,173.4,0.2857142857142857,0.368474923234391,1.5401811870764819,0.8918503331624807,41.705882352941174
50,2018-04-21,33.0,2956.0,15.0,0.3629905277401895,199.93939393939394,0.2727272727272727,0.30243572395128554,1.9319658650295395,0.9265003371544167,43.952083333333334
50,2018-04-22,26.0,3690.0,10.0,0.20948509485094852,168.5,0.23076923076923078,0.4991869918699187,1.4885264149387427,0.9630242825607064,55.61600000000001
50,2018-04-23,42.0,3341.0,11.0,0.47919784495659984,195.8095238095238,0.40476190476190477,0.4232265788686022,1.5580533019068743,0.9268440145102781,34.579674796747966
50,2018-04-24,29.0,1582.0,11.0,0.34513274336283184,200.6551724137931,0.27586206896551724,0.42604298356510745,1.659068835875626,0.8621586475942783,51.24583333333332
50,2018-04-25,35.0,753.0,10.0,0.5590969455511288,95.6,0.42857142857142855,0.3598937583001328,1.6695746986040971,0.8262108262108262,41.37549019607843
50,2018-04-26,33.0,1133.0,9.0,0.06354810238305383,113.39393939393939,0.3939393939393939,0.49249779346866723,1.133915360253833,0.7517985611510791,38.3890625
50,2018-04-27,30.0,2509.0,13.0,0.14547628537265844,235.43333333333334,0.26666666666666666,0.5559984057393383,1.3147255330309418,0.9023596419853539,47.64252873563218
50,2018-04-28,33.0,2584.0,10.0,0.01238390092879257,242.06060606060606,0.36363636363636365,0.37229102167182665,1.5456793389681969,0.8506191950464397,42.381770833333334
50,2018-04-29,25.0,2979.0,10.0,0.2457200402819738,263.76,0.32,0.68445787176905,1.0046084758669167,0.9627371273712737,49.12847222222222
50,2018-04-30,43.0,1469.0,11.0,0.33968686181075564,191.8372093023256,0.23255813953488372,0.30701157249829814,1.5787683878488465,0.807799442896936,32.20357142857143
50,2018-05-01,20.0,543.0,9.0,0.0570902394106814,325.57894736842104,0.15789473684210525,0.4972375690607735,1.4170054850473803,0.6199261992619927,74.18333333333334
50,2018-05-02,41.0,4176.0,12.0,0.02681992337164751,244.4878048780488,0.21951219512195122,0.3261494252873563,1.6097787476358152,0.8654884634266078,35.57791666666667
50,2018-05-03,36.0,3634.0,6.0,0.3756191524490919,180.30555555555554,0.2777777777777778,0.6953769950467804,0.9323159473384373,0.9388888888888889,40.207619047619055
50,2018-05-04,16.0,690.0,6.0,0.2956521739130435,230.0,0.3125,0.3884057971014493,1.275206145235386,0.880466472303207,62.71444444444444
51,2018-04-01,3.0,9.0,2.0,0.0,42.5,0.0,0.8888888888888888,0.34883209584303193,1.0,26.025
51,2018-04-02,6.0,63.0,6.0,0.873015873015873,198.25,0.0,0.36507936507936506,1.4437677189270999,0.5862068965517241,233.48000000000002
51,2018-04-03,7.0,218.0,4.0,0.26605504587155965,280.2857142857143,0.14285714285714285,0.47706422018348627,1.2337315226796408,0.9019607843137255,174.65555555555557
52,2018-04-09,30.0,329.0,8.0,0.0,242.96,0.16,0.49544072948328266,1.5317496636677914,0.6089743589743589,31.632183908045977
52,2018-04-10,11.0,354.0,11.0,0.8305084745762712,431.0,0.2,0.23728813559322035,2.1207578336907313,0.7705882352941177,132.46666666666664
52,2018-04-11,3.0,7.0,3.0,0.0,21.0,0.5,0.5714285714285714,0.9556998911125343,0.5,265.68333333333334
52,2018-04-12,4.0,81.0,8.0,0.0,263.6666666666667,0.0,0.7407407407407407,1.0128465731972733,0.8333333333333334,241.84444444444443
52,2018-04-13,6.0,66.0,6.0,0.0,239.83333333333334,0.16666666666666666,0.42424242424242425,1.4870634482135403,0.5769230769230769,68.37666666666668
52,2018-04-14,13.0,137.0,8.0,0.029197080291970802,190.84615384615384,0.5384615384615384,0.48905109489051096,1.5021798146112506,0.75,116.21944444444445
53,2018-05-09,1.0,14.0,5.0,0.0,311.0,0.0,0.5,1.3690391777047684,0.0,0.0
53,2018-05-10,4.0,20.0,3.0,0.0,88.0,0.3333333333333333,0.5,0.9433483923290391,0.42857142857142855,125.89999999999999
53,2018-05-11,2.0,4.0,2.0,0.0,76.0,0.0,0.75,0.5623351446188083,0.0,33.266666666666666
53,2018-05-13,1.0,11.0,4.0,0.0,88.0,0.0,0.36363636363636365,1.3421131789144003,0.3333333333333333,0.0
54,2018-03-31,11.0,225.0,6.0,0.0,232.9,0.0,0.32,1.6568768198921562,0.8053097345132744,16.705000000000002
54,2018-04-01,48.0,2756.0,18.0,0.24129172714078376,235.91666666666666,0.2708333333333333,0.29644412191582004,2.2828072675178817,0.9215384615384615,29.908865248226952
54,2018-04-02,54.0,1092.0,21.0,0.2206959706959707,390.6666666666667,0.058823529411764705,0.2619047619047619,2.2183317727657053,0.736,27.059433962264148
54,2018-04-03,11.0,190.0,13.0,0.15789473684210525,422.4,0.3,0.30526315789473685,2.0202707292363113,0.7073170731707317,142.59333333333333
54,2018-04-04,26.0,785.0,16.0,0.17834394904458598,477.38461538461536,0.07692307692307693,0.20764331210191084,2.2511262431590024,0.8248587570621468,54.10266666666667
54,2018-04-05,52.0,520.0,17.0,0.0,228.97727272727272,0.11363636363636363,0.20576923076923076,2.283472610793254,0.6223175965665236,18.230065359477123
54,2018-04-06,11.0,119.0,11.0,1.0,303.22222222222223,0.2222222222222222,0.33613445378151263,1.736128443484889,0.7307692307692307,24.146666666666665
55,2018-04-18,25.0,359.0,17.0,0.0,277.6111111111111,0.1111111111111111,0.34540389972144847,2.148200299229299,0.7125748502994012,26.779861111111114
55,2018-04-19,38.0,857.0,17.0,0.27304550758459745,505.8888888888889,0.05555555555555555,0.23803967327887982,2.352721742794958,0.7254901960784313,35.545945945945945
55,2018-04-20,5.0,23.0,6.0,0.0,151.33333333333334,0.0,0.2608695652173913,1.658200177632816,0.5555555555555556,29.350000000000005
55,2018-04-21,11.0,130.0,10.0,0.3153846153846154,433.7142857142857,0.14285714285714285,0.47692307692307695,1.5745825744738724,0.8135593220338984,102.19833333333332
56,2018-04-04,9.0,804.0,5.0,0.0,162.55555555555554,0.5555555555555556,0.914179104477612,0.40413563363133326,0.979746835443038,40.49791666666666
56,2018-04-05,9.0,1714.0,6.0,0.0,442.8888888888889,0.2222222222222222,0.8623103850641773,0.5970842078534957,0.9776733254994124,29.516666666666666
57,2018-04-10,26.0,544.0,12.0,0.0,438.90909090909093,0.09090909090909091,0.20404411764705882,2.0786764755262106,0.5461847389558233,26.778666666666666
57,2018-04-11,17.0,210.0,12.0,0.5761904761904761,233.57142857142858,0.07142857142857142,0.26666666666666666,2.167744435620101,0.5098039215686274,46.95104166666667
58,2018-04-10,17.0,207.0,9.0,0.0,138.9375,0.5,0.2753623188405797,1.9038473968363423,0.6018518518518519,31.630208333333336
58,2018-04-11,18.0,513.0,11.0,0.0,166.11111111111111,0.2777777777777778,0.2826510721247563,1.9559196490714261,0.7662835249042146,48.023529411764706
58,2018-04-12,13.0,75.0,4.0,0.05333333333333334,94.07692307692308,0.38461538461538464,0.44,1.2529268384273573,0.6764705882352942,100.08194444444445
58,2018-04-13,12.0,196.0,6.0,0.07653061224489796,191.91666666666666,0.25,0.4030612244897959,1.5310536866517261,0.6060606060606061,125.58181818181816
58,2018-04-14,8.0,129.0,5.0,0.0,120.125,0.375,0.31007751937984496,1.5201328809218289,0.6865671641791045,61.19761904761905
58,2018-04-15,2.0,9.0,2.0,0.1111111111111111,1.0,1.0,0.5555555555555556,0.6869615765973234,0.5,737.75
58,2018-04-16,11.0,154.0,4.0,0.07792207792207792,59.90909090909091,0.45454545454545453,0.461038961038961,1.0814305192487088,0.7176470588235294,115.00500000000002
58,2018-04-17,8.0,68.0,4.0,0.17647058823529413,106.875,0.625,0.6470588235294118,0.9625522169176407,0.6,184.35
58,2018-04-18,11.0,132.0,2.0,0.03787878787878788,35.77777777777778,0.5555555555555556,0.696969696969697,0.613410049457059,0.7692307692307693,125.45166666666664
58,2018-04-19,16.0,358.0,7.0,0.0,241.93333333333334,0.26666666666666666,0.4972067039106145,1.4785778676294046,0.7978142076502732,38.12555555555556
58,2018-04-20,22.0,258.0,6.0,0.10852713178294573,112.42857142857143,0.47619047619047616,0.3178294573643411,1.4677624595831706,0.7352941176470589,59.14841269841269
58,2018-04-21,9.0,206.0,4.0,0.02912621359223301,65.22222222222223,0.4444444444444444,0.4854368932038835,1.110861636049211,0.8365384615384616,138.91249999999997
58,2018-04-22,8.0,346.0,5.0,0.5664739884393064,133.375,0.25,0.41329479768786126,1.3346701046865614,0.8695652173913043,171.71666666666667
58,2018-04-23,6.0,63.0,3.0,0.873015873015873,78.66666666666667,0.3333333333333333,0.49206349206349204,0.9786517486005976,0.5454545454545454,126.84333333333333
58,2018-04-28,7.0,131.0,6.0,0.0,353.14285714285717,0.2857142857142857,0.2748091603053435,1.6725599547273502,0.4696969696969697,35.65277777777778
58,2018-04-29,2.0,15.0,3.0,0.0,125.5,0.0,0.6,0.9276173343271816,0.3333333333333333,129.63333333333333
58,2018-05-03,1.0,4.0,2.0,0.0,0.0,1.0,0.5,0.6931471805599453,0.0,0.0
58,2018-05-04,3.0,8.0,2.0,0.0,2.0,1.0,0.75,0.5623351446188083,0.5,66.96666666666667
58,2018-05-06,8.0,118.0,8.0,0.0,142.125,0.625,0.23728813559322035,1.8711407411854322,0.6101694915254238,58.119047619047635
58,2018-05-07,13.0,119.0,8.0,0.35294117647058826,112.75,0.5,0.2857142857142857,1.8497688968345527,0.65,104.00694444444446
58,2018-05-08,1.0,7.0,1.0,1.0,49.0,0.0,1.0,0.0,1.0,0.0
59,2018-01-20,25.0,9426.0,14.0,0.0,791.32,0.12,0.33046891576490556,1.9411144442479704,0.9253865113152588,22.47708333333333
59,2018-01-21,14.0,5502.0,16.0,0.5714285714285714,1090.7857142857142,0.2857142857142857,0.5070883315158125,1.6861121563272472,0.9282700421940928,67.61153846153846
60,2018-04-02,6.0,114.0,6.0,0.08771929824561403,280.1666666666667,0.0,0.40350877192982454,1.4619492252540285,0.7321428571428571,198.37333333333333
60,2018-04-03,10.0,58.0,6.0,0.6206896551724138,58.55555555555556,0.4444444444444444,0.2413793103448276,1.7533196515075264,0.6428571428571429,110.10925925925925
60,2018-04-05,11.0,358.0,7.0,0.8938547486033519,522.8181818181819,0.09090909090909091,0.6480446927374302,1.1774448564821456,0.8651685393258427,45.03
60,2018-04-06,6.0,132.0,4.0,0.8712121212121212,417.0,0.3333333333333333,0.7727272727272727,0.7316079325414969,0.8923076923076924,18.276666666666664
60,2018-04-07,21.0,857.0,15.0,0.7526254375729288,515.3809523809524,0.23809523809523808,0.2193698949824971,2.1636837828361934,0.6401869158878505,56.980000000000004
60,2018-04-08,22.0,341.0,10.0,0.40175953079178883,195.3181818181818,0.045454545454545456,0.22580645161290322,1.9583793683923878,0.8047337278106509,57.55396825396826
60,2018-04-10,13.0,195.0,11.0,0.29743589743589743,427.27272727272725,0.18181818181818182,0.4564102564102564,1.687046444992642,0.711340206185567,93.15138888888889
60,2018-04-12,16.0,244.0,12.0,0.3401639344262295,271.6666666666667,0.06666666666666667,0.38524590163934425,2.0014081052179433,0.743801652892562,78.36111111111111
60,2018-04-13,20.0,391.0,7.0,0.9641943734015346,256.46666666666664,0.3333333333333333,0.8849104859335039,0.5481435057158265,0.9329896907216495,47.34122807017544
60,2018-04-14,11.0,239.0,7.0,1.0,343.8181818181818,0.2727272727272727,0.8284518828451883,0.6851323238445939,0.9067796610169492,17.81
60,2018-04-15,18.0,262.0,8.0,0.5763358778625954,233.0,0.13333333333333333,0.6641221374045801,1.132125933286055,0.8692307692307693,72.59313725490196
60,2018-04-16,19.0,523.0,8.0,0.892925430210325,401.88235294117646,0.11764705882352941,0.8967495219885278,0.466207557309791,0.9578544061302682,78.20370370370371
60,2018-04-17,5.0,54.0,6.0,0.4074074074074074,114.0,0.0,0.4444444444444444,1.536543961618263,0.7307692307692307,317.2291666666667
60,2018-04-18,23.0,629.0,6.0,0.6216216216216216,406.0,0.05,0.9443561208267091,0.29356477941899967,0.9648562300319489,52.718939393939394
60,2018-04-19,14.0,342.0,6.0,1.0,585.0,0.0,0.8421052631578947,0.6756260108916043,0.9,18.300000000000004
60,2018-04-20,15.0,559.0,7.0,0.8568872987477638,703.25,0.16666666666666666,0.9212880143112702,0.3862766305628129,0.9316546762589928,28.64285714285715
60,2018-04-21,15.0,282.0,7.0,0.7375886524822695,307.4166666666667,0.08333333333333333,0.5602836879432624,1.2994757848788496,0.8571428571428571,28.264285714285712
61,2018-04-13,3.0,328.0,11.0,0.0,2763.0,0.0,0.27439024390243905,1.926186243644469,0.7025316455696202,37.24166666666667
61,2018-04-14,35.0,1694.0,14.0,0.3541912632821724,758.6,0.02857142857142857,0.41263282172373084,1.8426770402522006,0.7216624685138538,42.12401960784314
61,2018-04-15,38.0,1568.0,10.0,0.2857142857142857,696.8285714285714,0.08571428571428572,0.3335459183673469,1.5129317645383318,0.7290233837689133,34.85090090090091
61,2018-04-16,31.0,5176.0,19.0,0.0,841.483870967742,0.03225806451612903,0.31839258114374036,1.9135443887791936,0.8971291866028708,37.5011111111111
61,2018-04-17,41.0,7819.0,14.0,0.20923391738073924,742.6829268292682,0.024390243902439025,0.42102570661209876,1.6073547980082412,0.9310972438897556,35.87791666666667
61,2018-04-18,40.0,5571.0,14.0,0.2299407646742057,441.55,0.05,0.577454676000718,1.4621002792843536,0.9466374269005848,36.8025641025641
61,2018-04-19,35.0,5804.0,13.0,0.4682977257064094,326.2857142857143,0.05714285714285714,0.4915575465196416,1.5496676748810776,0.9577661431064572,41.857843137254896
61,2018-04-20,42.0,5108.0,15.0,0.10454189506656225,531.2619047619048,0.07142857142857142,0.4537979639780736,1.693060319945735,0.908433734939759,34.1760162601626
61,2018-04-21,32.0,4787.0,10.0,0.337372049300188,265.34375,0.0625,0.5448088573219135,1.4877733832950442,0.9449501517121803,45.861827956989245
61,2018-04-22,47.0,5608.0,14.0,0.5121255349500713,538.2553191489362,0.02127659574468085,0.469151212553495,1.7120813554416732,0.9091567137169743,27.6518115942029
61,2018-04-23,5.0,43.0,5.0,0.7441860465116279,69.6,0.2,0.5116279069767442,1.3234673936940191,0.47619047619047616,220.30416666666667
62,2018-04-23,12.0,371.0,8.0,0.018867924528301886,401.6,0.2,0.6415094339622641,1.2536978012155267,0.8392857142857143,114.60151515151516
62,2018-04-24,5.0,27.0,3.0,0.37037037037037035,42.25,0.25,0.5185185185185185,1.0247727743980644,0.6363636363636364,313.86249999999995
62,2018-04-25,8.0,357.0,6.0,0.0,315.75,0.25,0.3389355742296919,1.417433115511686,0.7232704402515723,21.50238095238095
62,2018-04-26,12.0,241.0,6.0,0.1825726141078838,249.3,0.2,0.4896265560165975,1.252259999555812,0.8165137614678899,126.67121212121214
62,2018-04-27,6.0,92.0,5.0,0.043478260869565216,162.33333333333334,0.3333333333333333,0.5543478260869565,1.274085964473786,0.6842105263157895,268.85333333333335
62,2018-04-28,11.0,173.0,7.0,0.08092485549132948,214.8,0.3,0.4624277456647399,1.529628942534417,0.5753424657534246,133.9016666666667
62,2018-04-29,5.0,315.0,7.0,0.0,538.6,0.2,0.42857142857142855,1.2847659714849307,0.7972027972027972,21.1125
63,2018-04-29,1.0,6.0,3.0,0.0,21.0,0.0,0.3333333333333333,1.0986122886681096,0.0,0.0
63,2018-04-30,17.0,284.0,13.0,0.014084507042253521,204.41176470588235,0.17647058823529413,0.22535211267605634,2.2223956362349013,0.7543859649122807,71.81145833333333
63,2018-05-01,18.0,288.0,12.0,0.0,156.76470588235293,0.0,0.2638888888888889,1.8971116850418281,0.6967213114754098,47.95490196078431
63,2018-05-02,30.0,581.0,14.0,0.06196213425129088,186.03333333333333,0.3333333333333333,0.3253012048192771,1.9999569298176636,0.8504273504273504,37.46954022988506
63,2018-05-03,9.0,38.0,6.0,0.0,50.666666666666664,0.0,0.2894736842105263,1.5788955637925244,0.6666666666666666,54.02916666666667
64,2018-04-28,10.0,208.0,13.0,0.0,512.4,0.0,0.33653846153846156,2.0457126191398993,0.6666666666666666,19.285185185185185
64,2018-04-29,43.0,3291.0,15.0,0.04405955636584625,371.69767441860466,0.20930232558139536,0.2862351868732908,1.9980692453309148,0.9303385416666666,34.07103174603175
64,2018-04-30,55.0,1797.0,13.0,0.6026711185308848,255.47058823529412,0.17647058823529413,0.41569282136894825,1.7201362454923506,0.8654761904761905,26.247530864197525
64,2018-05-01,42.0,2691.0,14.0,0.05239687848383501,389.6190476190476,0.21428571428571427,0.2564102564102564,2.0025663593979566,0.9163879598662207,34.44308943089432
64,2018-05-02,49.0,7428.0,13.0,0.6977652127086699,417.1489361702128,0.3191489361702128,0.790926225094238,0.9034290166715525,0.965915338097856,29.319791666666664
64,2018-05-03,47.0,3924.0,13.0,0.033129459734964326,368.3777777777778,0.37777777777777777,0.5807849133537207,1.4564016033518046,0.9551760939167556,31.222826086956527
64,2018-05-04,47.0,6197.0,17.0,0.5557527836049702,583.3555555555556,0.17777777777777778,0.5492980474423108,1.3625194476688889,0.957905203844879,31.1731884057971
64,2018-05-05,61.0,3401.0,18.0,0.20993825345486622,401.01724137931035,0.3275862068965517,0.43075566009997057,1.7307902659655738,0.9099756690997567,23.593333333333337
64,2018-05-06,33.0,2815.0,14.0,0.5683836589698046,584.1379310344828,0.10344827586206896,0.5200710479573712,1.2544055361050201,0.9376811594202898,40.92395833333333
64,2018-05-07,52.0,1542.0,14.0,0.005836575875486381,433.4651162790698,0.09302325581395349,0.5201037613488976,1.462732595982834,0.8729946524064172,21.808823529411768
64,2018-05-08,16.0,296.0,6.0,1.0,192.26666666666668,0.26666666666666666,0.4527027027027027,1.1592154029454445,0.8611111111111112,17.48222222222222
64,2018-05-10,36.0,2032.0,14.0,0.0,609.2413793103449,0.10344827586206896,0.43061023622047245,1.4166975581802175,0.8944162436548223,20.479523809523812
64,2018-05-11,24.0,322.0,13.0,0.937888198757764,212.05882352941177,0.17647058823529413,0.453416149068323,1.4288794940679486,0.8376623376623377,15.535507246376811
65,2018-04-06,3.0,186.0,2.0,0.9623655913978495,400.5,0.0,0.989247311827957,0.05943229865313004,0.978494623655914,682.1666666666666
66,2018-04-18,23.0,615.0,12.0,0.02926829268292683,217.95652173913044,0.391304347826087,0.2097560975609756,2.1482175501640945,0.9140625,61.134090909090894
66,2018-04-19,2.0,192.0,8.0,1.0,1065.0,0.0,0.3125,1.7403277077996107,0.8152173913043478,18.933333333333334
67,2018-04-30,47.0,3237.0,17.0,0.05406240345999382,151.82978723404256,0.425531914893617,0.31016373185047885,2.0040639362409802,0.949166004765687,29.82572463768116
67,2018-05-01,58.0,9956.0,18.0,0.3819807151466452,296.5,0.27586206896551724,0.3568702290076336,2.0441578264365643,0.9595959595959596,24.366081871345028
67,2018-05-02,56.0,4291.0,19.0,0.47704497786063854,303.9107142857143,0.30357142857142855,0.3232346772314146,2.187050887914228,0.932716049382716,25.537272727272725
67,2018-05-03,57.0,1878.0,17.0,0.17412140575079874,253.5090909090909,0.36363636363636365,0.29499467518636846,2.019655519028801,0.8362892223738063,25.405654761904763
67,2018-05-04,52.0,4478.0,17.0,0.18557391692719966,381.8076923076923,0.28846153846153844,0.2851719517641804,2.280355915427393,0.9380721593968767,27.731699346405236
67,2018-05-05,61.0,2991.0,20.0,0.44232698094282846,430.77777777777777,0.12962962962962962,0.2938816449348044,2.1246041770328494,0.8193901485535575,23.587222222222223
67,2018-05-06,45.0,573.0,11.0,0.5113438045375218,326.0,0.11764705882352941,0.5270506108202443,1.460562881875825,0.7464788732394366,32.35151515151515
67,2018-05-07,53.0,1060.0,12.0,0.5547169811320755,215.58,0.32,0.35566037735849054,1.8934953446589098,0.8574938574938575,23.26891025641025
67,2018-05-09,49.0,1378.0,17.0,0.17851959361393324,262.53061224489795,0.42857142857142855,0.44992743105950656,1.8909956453877093,0.8342749529190208,26.822569444444444
67,2018-05-10,7.0,179.0,10.0,1.0,301.14285714285717,0.42857142857142855,0.3575418994413408,1.8405079134498945,0.7534246575342466,19.544444444444444
67,2018-05-11,16.0,171.0,9.0,0.0,434.4,0.3,0.3567251461988304,1.8181972158159114,0.7213114754098361,17.015555555555554
67,2018-05-12,55.0,1371.0,10.0,0.21517140773158278,359.64285714285717,0.11904761904761904,0.3238512035010941,1.629428820285268,0.8245315161839863,26.60679012345679
67,2018-05-13,27.0,1034.0,14.0,0.5377176015473888,697.1666666666666,0.05555555555555555,0.5290135396518375,1.475000137280215,0.7966101694915254,26.548076923076923
68,2018-04-14,6.0,84.0,8.0,0.0,176.83333333333334,0.16666666666666666,0.42857142857142855,1.65496672812892,0.85,45.18000000000001
68,2018-04-15,33.0,5017.0,19.0,0.001195933824995017,585.7575757575758,0.30303030303030304,0.5042854295395655,1.557780740438787,0.9769831483764899,34.55520833333334
68,2018-04-16,26.0,5857.0,17.0,0.0017073587160662455,603.9230769230769,0.3076923076923077,0.26105514768652893,2.1992064715475212,0.9610157367668097,44.12133333333333
68,2018-04-17,28.0,13266.0,20.0,0.0020352781546811396,633.7142857142857,0.21428571428571427,0.6304085632443841,1.4874428409238398,0.9892790553138595,47.6037037037037
68,2018-04-18,29.0,15948.0,19.0,0.001128668171557562,747.3103448275862,0.27586206896551724,0.7104966139954854,1.2084654875541299,0.9879687699987201,36.17976190476191
68,2018-04-19,32.0,20167.0,20.0,0.0010908910596519065,646.84375,0.21875,0.7836564684881242,0.993391856818922,0.9915744594457415,31.520967741935483
68,2018-04-20,32.0,8965.0,18.0,0.0033463469046291134,419.4375,0.34375,0.6788622420524261,1.3751680132475879,0.9859187442289935,40.71989247311828
68,2018-04-21,24.0,11085.0,16.0,0.038791159224176815,469.0833333333333,0.2916666666666667,0.7889039242219216,0.9290932248020296,0.9951528709917972,58.47971014492754
68,2018-04-22,33.0,16741.0,18.0,0.10214443581625948,730.6060606060606,0.36363636363636365,0.503434681321307,1.5357706413320615,0.9942710872745002,39.3125
68,2018-04-23,38.0,6010.0,17.0,0.003660565723793677,357.1842105263158,0.3157894736842105,0.4961730449251248,1.8288048753367963,0.9813708260105448,31.466666666666665
68,2018-04-24,32.0,9382.0,18.0,0.0,485.03125,0.25,0.5067149861436794,1.7256131253615434,0.9893262174783188,35.41720430107527
68,2018-04-25,39.0,12859.0,17.0,0.08865386110895093,569.4871794871794,0.3076923076923077,0.5101485341006299,1.7415767514916798,0.9848386044995109,33.438596491228076
68,2018-04-26,10.0,59.0,8.0,0.15254237288135594,89.0,0.375,0.4067796610169492,1.7037742313414952,0.5652173913043478,50.91111111111111
69,2018-01-20,20.0,779.0,7.0,0.0,180.35,0.5,0.4890885750962773,1.242221496945749,0.9673024523160763,17.52456140350877
69,2018-01-21,23.0,2032.0,15.0,0.5964566929133859,341.17391304347825,0.21739130434782608,0.37598425196850394,2.026673323675208,0.9164086687306502,46.325
70,2018-04-04,25.0,834.0,11.0,0.05995203836930456,213.24,0.24,0.44004796163069543,1.7102514967564002,0.8603491271820449,48.611111111111114
70,2018-04-05,41.0,1005.0,11.0,0.25472636815920396,224.21951219512195,0.2926829268292683,0.2945273631840796,1.7823645192248103,0.8498896247240618,35.59041666666667
70,2018-04-06,23.0,124.0,6.0,0.6532258064516129,89.6470588235294,0.23529411764705882,0.4838709677419355,1.366643697754484,0.7090909090909091,37.14621212121212
71,2018-04-02,8.0,1128.0,9.0,0.0,815.375,0.0,0.5797872340425532,1.2479919588826978,0.9044834307992202,34.11904761904762
71,2018-04-03,45.0,11556.0,15.0,0.13629283489096572,653.8666666666667,0.08888888888888889,0.517220491519557,1.5251037039380275,0.9623511333077218,32.25833333333333
71,2018-04-04,45.0,22414.0,16.0,0.28218970286428124,850.5777777777778,0.2,0.614705095029892,1.3417655023554806,0.978117097840887,32.40833333333333
71,2018-04-05,44.0,10718.0,17.0,0.2072214965478634,672.1590909090909,0.13636363636363635,0.46949057660011195,1.5573894139688742,0.9531703273932863,32.60232558139534
71,2018-04-06,54.0,7074.0,18.0,0.453774385072095,460.01851851851853,0.14814814814814814,0.5056545094713034,1.5265536241978936,0.9524879614767255,26.96855345911949
71,2018-04-07,51.0,4810.0,12.0,0.3024948024948025,454.3333333333333,0.0784313725490196,0.6212058212058212,1.2005317526677703,0.9426078971533517,28.714666666666666
71,2018-04-08,45.0,5260.0,12.0,0.25380228136882127,336.4,0.15555555555555556,0.6403041825095057,1.2428268852778699,0.9616019818331957,31.919318181818177
71,2018-04-09,48.0,3288.0,14.0,0.5736009732360098,473.74468085106383,0.14893617021276595,0.6821776155717761,1.1496237170819632,0.9051332033788174,30.555673758865257
71,2018-04-10,45.0,5466.0,19.0,0.20087815587266739,650.8666666666667,0.17777777777777778,0.33516282473472375,1.7084078250946413,0.8950064020486556,31.70909090909091
71,2018-04-11,42.0,1487.0,16.0,0.2952252858103564,467.35714285714283,0.14285714285714285,0.4189643577673167,1.635248680069404,0.81875,34.900406504065046
71,2018-04-12,50.0,6807.0,13.0,0.10606728367856619,485.56,0.12,0.31585132951373585,1.7949792733550178,0.9265263884097965,29.314285714285713
71,2018-04-13,48.0,15530.0,15.0,0.15994848679974244,652.2291666666666,0.0625,0.5748873148744366,1.5442240592127314,0.9649000139840582,30.100709219858153
71,2018-04-14,53.0,9033.0,15.0,0.29724344071736963,536.4716981132076,0.16981132075471697,0.4540019926934573,1.6190652092118625,0.9455645161290323,27.653846153846157
71,2018-04-15,55.0,4835.0,14.0,0.3478800413650465,440.7818181818182,0.12727272727272726,0.5276111685625646,1.4458894387150605,0.9347408829174664,26.12222222222223
71,2018-04-16,42.0,4444.0,18.0,0.2747524752475248,754.9268292682926,0.07317073170731707,0.5146264626462647,1.600136453157942,0.911660777385159,34.63943089430894
71,2018-04-17,51.0,5123.0,13.0,0.08647276986140932,519.7843137254902,0.19607843137254902,0.5934023033378879,1.300407189537781,0.9363799283154122,27.828666666666663
71,2018-04-18,15.0,1692.0,12.0,0.9698581560283688,636.0714285714286,0.07142857142857142,0.5608747044917257,1.3359708177634604,0.9394347240915208,29.749999999999996
72,2018-01-21,5.0,120.0,5.0,0.0,155.8,0.0,0.5333333333333333,1.1859968325381094,0.8909090909090909,9.670833333333334
72,2018-01-22,26.0,808.0,15.0,0.06683168316831684,310.0769230769231,0.15384615384615385,0.3094059405940594,2.0639175314661418,0.8630490956072352,51.312
73,2018-04-15,6.0,58.0,6.0,0.0,112.4,0.4,0.4482758620689655,1.4019814062465283,0.6923076923076923,31.666666666666668
73,2018-04-16,26.0,370.0,10.0,0.2,305.5238095238095,0.19047619047619047,0.47297297297297297,1.5204255721124929,0.6055555555555555,55.455999999999996
73,2018-04-17,30.0,1432.0,9.0,0.2737430167597765,383.46666666666664,0.26666666666666666,0.4755586592178771,1.4731725560317226,0.7874818049490538,46.14655172413793
73,2018-04-18,7.0,152.0,6.0,0.5526315789473685,371.7142857142857,0.42857142857142855,0.7763157894736842,0.7455618859498405,0.8055555555555556,129.82500000000002
73,2018-04-26,20.0,482.0,7.0,0.0,276.1578947368421,0.21052631578947367,0.5020746887966805,1.5232839681245558,0.7582938388625592,21.49298245614035
73,2018-04-27,20.0,1031.0,13.0,0.3588748787584869,474.3,0.2,0.49466537342386036,1.7958881310786086,0.7682926829268293,54.138596491228064
74,2018-04-20,9.0,548.0,11.0,0.0,448.6666666666667,0.2222222222222222,0.23722627737226276,2.081868564539647,0.810077519379845,15.764583333333333
74,2018-04-21,42.0,4410.0,18.0,0.13673469387755102,430.8809523809524,0.23809523809523808,0.2519274376417234,2.285028891027041,0.8939828080229226,34.98130081300813
74,2018-04-22,31.0,3922.0,18.0,0.37863335033146356,308.5483870967742,0.16129032258064516,0.2763895971443141,2.2078360182059162,0.940379403794038,47.504444444444445
74,2018-04-23,29.0,4532.0,14.0,0.48742277140335394,346.9310344827586,0.20689655172413793,0.30119152691968226,1.92816759619706,0.9421911421911422,49.3
74,2018-04-24,50.0,14160.0,16.0,0.3193502824858757,349.14,0.2,0.2057909604519774,2.2168648433532088,0.9466266866566717,29.064965986394554
74,2018-04-25,34.0,15536.0,21.0,0.22122811534500514,531.3529411764706,0.2647058823529412,0.2747167868177137,2.2488572888272373,0.9484256243213898,43.28282828282829
74,2018-04-26,76.0,9743.0,18.0,0.2686030996612953,273.2105263157895,0.27631578947368424,0.2674740839577132,2.2270344289370145,0.9296892219528323,19.04911111111111
74,2018-04-27,63.0,7752.0,21.0,0.31024251805985553,333.6984126984127,0.23809523809523808,0.32004643962848295,2.1411537479300056,0.8879405286343612,22.41962365591398
74,2018-04-28,45.0,5045.0,17.0,0.49038652130822596,404.6222222222222,0.13333333333333333,0.3417244796828543,2.1221010984989515,0.9117402164862615,32.55075757575758
74,2018-04-29,25.0,949.0,12.0,0.6522655426765016,335.2,0.08,0.3329820864067439,1.8639792272834765,0.8329571106094809,16.878472222222218
75,2018-04-29,31.0,643.0,16.0,0.0,287.8666666666667,0.16666666666666666,0.3452566096423017,1.8523497637920552,0.5637583892617449,16.848888888888894
75,2018-04-30,32.0,467.0,17.0,0.7537473233404711,224.89655172413794,0.27586206896551724,0.25267665952890794,2.1754806987593263,0.5607476635514018,28.6005376344086
76,2018-04-01,6.0,23.0,2.0,0.0,73.6,0.6,0.6956521739130435,0.6145033203107282,1.0,67.18333333333332
76,2018-04-02,13.0,267.0,6.0,0.5243445692883895,175.3846153846154,0.3076923076923077,0.449438202247191,1.4129984425716515,0.8682170542635659,88.50555555555555
77,2018-03-18,1.0,12.0,2.0,0.0,17.0,0.0,0.8333333333333334,0.45056120886630463,0.6,0.0
77,2018-03-19,9.0,177.0,4.0,0.0,174.66666666666666,0.3333333333333333,0.7909604519774012,0.7412770230927315,0.8813559322033898,45.287499999999994
77,2018-03-20,6.0,540.0,5.0,0.0,720.0,0.16666666666666666,0.7166666666666667,0.8500469278577779,0.9205607476635514,21.416666666666664
77,2018-03-21,32.0,1017.0,6.0,0.0,252.8,0.06666666666666667,0.3274336283185841,1.5518542759363216,0.8793503480278422,18.832795698924734
77,2018-03-23,2.0,60.0,3.0,0.0,655.0,0.0,0.6166666666666667,0.9012320061044341,0.7619047619047619,30.183333333333334
77,2018-03-24,3.0,16.0,2.0,0.0,128.66666666666666,0.3333333333333333,0.625,0.6615632381579821,0.8333333333333334,21.225
77,2018-03-25,3.0,6.0,1.0,0.0,4.666666666666667,1.0,1.0,0.0,1.0,69.74166666666667
77,2018-04-01,6.0,24.0,1.0,0.0,4.333333333333333,1.0,1.0,0.0,1.0,38.69
78,2018-01-20,7.0,391.0,7.0,0.0,650.8571428571429,0.0,0.5089514066496164,1.2495684108823393,0.7944444444444444,51.175000000000004
78,2018-01-21,29.0,558.0,11.0,0.04659498207885305,190.77777777777777,0.18518518518518517,0.4175627240143369,1.6700619272841446,0.8007968127490039,50.35119047619047
78,2018-01-22,17.0,893.0,10.0,0.3829787234042553,335.5,0.1875,0.4076147816349384,1.634381814642811,0.8852040816326531,82.56770833333334
78,2018-01-23,17.0,290.0,7.0,0.38620689655172413,261.5,0.0625,0.40344827586206894,1.4542972136117136,0.7751937984496124,47.1
78,2018-01-25,19.0,991.0,11.0,0.0,253.89473684210526,0.15789473684210525,0.4399596367305752,1.5818062792734586,0.8997722095671982,22.515740740740743
78,2018-01-26,19.0,1924.0,8.0,0.0015592515592515593,248.47368421052633,0.15789473684210525,0.7068607068607069,0.9222888617486895,0.976271186440678,59.516666666666666
78,2018-01-27,16.0,222.0,10.0,0.23423423423423423,333.0625,0.25,0.24774774774774774,2.095081432827426,0.6808510638297872,36.08
79,2018-03-30,2.0,15.0,3.0,0.0,75.5,0.0,0.8,0.6277052571971504,0.8333333333333334,22.85
79,2018-03-31,36.0,910.0,15.0,0.2549450549450549,141.61111111111111,0.1388888888888889,0.35824175824175825,2.0564536316300925,0.8659517426273459,40.54809523809524
79,2018-04-01,30.0,1530.0,14.0,0.46143790849673205,417.5,0.13333333333333333,0.41633986928104577,1.93808210942008,0.8557692307692307,46.434482758620696
79,2018-04-02,34.0,1109.0,17.0,0.19747520288548243,282.97058823529414,0.20588235294117646,0.38773669972948605,2.115384926660824,0.825,41.008080808080805
79,2018-04-03,41.0,1125.0,14.0,0.13955555555555554,214.34146341463415,0.2926829268292683,0.2808888888888889,2.189027859839373,0.8513189448441247,35.58
79,2018-04-04,46.0,1344.0,19.0,0.42931547619047616,325.9782608695652,0.17391304347826086,0.5014880952380952,1.8868952746268444,0.822429906542056,31.105185185185185
79,2018-04-05,40.0,1770.0,16.0,0.02937853107344633,275.25,0.05,0.5423728813559322,1.721737682281023,0.8588410104011887,36.687179487179485
79,2018-04-06,48.0,1501.0,13.0,0.2918054630246502,224.1304347826087,0.32608695652173914,0.3491005996002665,1.6427279345470198,0.8818040435458787,29.99822695035461
79,2018-04-07,52.0,904.0,16.0,0.39491150442477874,183.76923076923077,0.2692307692307692,0.39601769911504425,2.017435728012787,0.8021978021978022,27.86862745098039
79,2018-04-08,37.0,1276.0,16.0,0.19278996865203762,302.35135135135135,0.21621621621621623,0.5431034482758621,1.5734869651348609,0.8752327746741154,37.835185185185175
79,2018-04-09,33.0,1127.0,14.0,0.1313220940550133,179.9090909090909,0.09090909090909091,0.22715173025732033,2.050489441038363,0.8451882845188284,44.37447916666667
79,2018-04-10,33.0,739.0,14.0,0.4208389715832206,229.96875,0.1875,0.34100135317997293,1.856185020178256,0.8084415584415584,41.8875
79,2018-04-11,34.0,916.0,14.0,0.12008733624454149,275.44117647058823,0.23529411764705882,0.29366812227074235,1.8927932749118639,0.8108974358974359,43.469696969696976
79,2018-04-12,20.0,181.0,12.0,0.23204419889502761,102.26315789473684,0.2631578947368421,0.32044198895027626,1.9878967684017155,0.782608695652174,73.41842105263159
79,2018-04-13,28.0,334.0,13.0,0.24251497005988024,285.2307692307692,0.07692307692307693,0.4550898203592814,1.6513863158914366,0.652542372881356,52.232098765432106
79,2018-04-14,29.0,301.0,11.0,0.19269102990033224,121.89655172413794,0.3793103448275862,0.4684385382059801,1.6679207827904248,0.8125,48.35059523809524
79,2018-04-15,41.0,1385.0,14.0,0.051263537906137184,403.05405405405406,0.13513513513513514,0.3631768953068592,1.6083094639121434,0.8895027624309392,33.26208333333334
79,2018-04-16,50.0,2265.0,15.0,0.2119205298013245,385.1,0.1,0.543046357615894,1.568122114025836,0.8826086956521739,28.565646258503403
79,2018-04-17,27.0,1048.0,14.0,0.32633587786259544,395.25925925925924,0.14814814814814814,0.4074427480916031,1.8131294120930443,0.8197530864197531,40.77564102564103
80,2018-04-28,16.0,692.0,8.0,0.0,394.84615384615387,0.15384615384615385,0.8222543352601156,0.7109160348835133,0.8919753086419753,26.887777777777778
80,2018-04-29,46.0,3162.0,11.0,0.2618595825426945,390.24444444444447,0.17777777777777778,0.6467425679949399,1.324264147807415,0.9365079365079365,23.54925925925926
80,2018-04-30,49.0,5172.0,10.0,0.02668213457076566,359.51020408163265,0.22448979591836735,0.6459783449342614,1.2532987371626867,0.9631449631449631,25.503819444444446
80,2018-05-01,19.0,967.0,8.0,0.6039296794208894,238.47058823529412,0.11764705882352941,0.8521199586349535,0.6411525911567797,0.9362637362637363,31.230555555555554
81,2017-09-19,2.0,8.0,2.0,0.0,180.5,0.0,0.75,0.5623351446188083,0.3333333333333333,14.516666666666667
81,2017-09-20,23.0,274.0,9.0,0.0,233.0,0.13636363636363635,0.24817518248175183,1.8696725826251233,0.5317460317460317,38.39772727272727
81,2017-09-24,10.0,78.0,6.0,0.0,248.11111111111111,0.0,0.48717948717948717,1.2106454425138575,0.6764705882352942,30.970370370370365
81,2017-09-25,13.0,67.0,3.0,0.014925373134328358,151.58333333333334,0.16666666666666666,0.6567164179104478,0.8729587730768901,0.8214285714285714,64.08472222222223
82,2018-05-03,55.0,1591.0,11.0,0.10245128849780012,390.72222222222223,0.037037037037037035,0.3048397234443746,1.9706643798103576,0.8025,25.769444444444442
82,2018-05-04,43.0,2053.0,10.0,0.23477837311251826,725.5,0.07142857142857142,0.6936190940087676,1.1459716794151131,0.9114785992217899,31.646428571428572
82,2018-05-05,40.0,785.0,13.0,0.41273885350318473,351.55,0.2,0.2764331210191083,1.917922582276166,0.7873417721518987,27.440170940170937
82,2018-05-06,47.0,400.0,6.0,0.4425,199.47727272727272,0.38636363636363635,0.495,1.1468363394625172,0.729064039408867,30.201449275362318
82,2018-05-07,21.0,383.0,9.0,0.40992167101827676,499.6,0.2,0.5091383812010444,1.4262373560906478,0.7268041237113402,59.9525
82,2018-05-08,6.0,100.0,4.0,1.0,270.3333333333333,0.5,0.46,1.224355640998354,0.8163265306122449,15.626666666666665
82,2018-05-09,46.0,992.0,10.0,0.1935483870967742,363.3863636363636,0.2727272727272727,0.4576612903225806,1.5392138270707796,0.8577154308617234,23.67037037037037
82,2018-05-11,1.0,79.0,3.0,1.0,1310.0,0.0,0.7215189873417721,0.7740521915224434,0.7894736842105263,0.0
82,2018-05-12,44.0,609.0,7.0,0.25287356321839083,415.4878048780488,0.21951219512195122,0.5730706075533661,1.18350237091719,0.8306709265175719,30.441472868217048
82,2018-05-13,19.0,884.0,4.0,0.9242081447963801,597.3888888888889,0.3333333333333333,0.8371040723981901,0.5817308696634458,0.9774266365688488,47.30092592592593
82,2018-05-15,18.0,419.0,7.0,0.5727923627684964,368.1764705882353,0.23529411764705882,0.3031026252983294,1.5174912837938601,0.7962085308056872,23.401960784313726
82,2018-05-16,14.0,215.0,8.0,0.7395348837209302,279.7857142857143,0.07142857142857142,0.4790697674418605,1.5792003205205267,0.7685185185185185,41.52948717948718
82,2018-05-17,2.0,44.0,3.0,1.0,64.5,0.0,0.6818181818181818,0.8158498651845185,0.8095238095238095,6.483333333333333
83,2018-04-14,24.0,349.0,9.0,0.0,305.17391304347825,0.13043478260869565,0.6389684813753582,1.1806450719691104,0.8860759493670886,38.35434782608696
83,2018-04-15,7.0,340.0,5.0,1.0,836.0,0.0,0.9705882352941176,0.16705266937447644,0.9878048780487805,36.44444444444445
83,2018-04-16,38.0,733.0,9.0,0.0,344.65714285714284,0.02857142857142857,0.6903137789904502,1.162103460389434,0.869942196531792,23.127477477477477
83,2018-04-17,10.0,365.0,5.0,1.0,690.9,0.1,0.9095890410958904,0.3654795200728936,0.9421965317919075,19.440740740740743
83,2018-04-18,39.0,1063.0,10.0,0.3273753527751646,569.8055555555555,0.16666666666666666,0.8927563499529633,0.5435874940817554,0.9586614173228346,35.21140350877193
83,2018-04-19,5.0,95.0,3.0,1.0,367.0,0.0,0.9263157894736842,0.3071492747860927,0.9545454545454546,14.158333333333333
83,2018-04-20,22.0,501.0,7.0,0.0,215.85714285714286,0.0,0.46506986027944114,1.0725674487675285,0.9310344827586207,36.37380952380953
83,2018-04-21,19.0,467.0,7.0,0.8137044967880086,363.3333333333333,0.13333333333333333,0.9464668094218416,0.2926690498700594,0.9653679653679653,46.464814814814815
83,2018-04-22,29.0,726.0,9.0,0.03305785123966942,479.61538461538464,0.038461538461538464,0.928374655647383,0.3833749544974682,0.9545454545454546,41.34464285714285
83,2018-04-23,16.0,206.0,6.0,1.0,314.3076923076923,0.23076923076923078,0.7427184466019418,0.8303411989484254,0.9072164948453608,14.321111111111113
83,2018-04-24,25.0,300.0,11.0,0.0,280.39130434782606,0.08695652173913043,0.5166666666666667,1.710793101882342,0.803030303030303,34.36666666666667
83,2018-04-25,9.0,214.0,5.0,0.985981308411215,387.8888888888889,0.0,0.9485981308411215,0.26236302085300606,0.9607843137254902,72.11666666666666
83,2018-04-26,24.0,922.0,9.0,0.29067245119305857,309.4583333333333,0.2916666666666667,0.7364425162689805,1.0379410035190615,0.9425287356321839,60.68623188405796
83,2018-04-27,9.0,196.0,7.0,0.05102040816326531,503.22222222222223,0.1111111111111111,0.4489795918367347,1.258169445092522,0.8764044943820225,173.88541666666669
83,2018-04-28,43.0,1374.0,8.0,0.5218340611353712,166.51162790697674,0.32558139534883723,0.8995633187772926,0.4836030268332904,0.9830246913580247,32.71111111111112
83,2018-04-29,17.0,934.0,11.0,0.17558886509635974,834.4375,0.125,0.9625267665952891,0.2364064166159678,0.9674620390455532,87.54583333333335
83,2018-04-30,20.0,470.0,6.0,0.4106382978723404,571.875,0.0625,0.8468085106382979,0.5930990498534752,0.9347826086956522,74.85350877192982
83,2018-05-01,14.0,450.0,8.0,0.6666666666666666,537.3076923076923,0.0,0.8644444444444445,0.6293696543098692,0.9631336405529954,90.14871794871796
83,2018-05-03,7.0,460.0,4.0,0.0,941.1666666666666,0.0,0.9847826086956522,0.0940725621443948,0.986784140969163,27.444444444444446
83,2018-05-04,23.0,598.0,9.0,0.3762541806020067,315.17391304347825,0.13043478260869565,0.7391304347826086,0.952095163262617,0.956989247311828,64.01590909090909
83,2018-05-05,38.0,2462.0,11.0,0.07920389926888709,472.7105263157895,0.10526315789473684,0.43013809910641754,1.2620040895681226,0.9527272727272728,36.68783783783783
83,2018-05-06,15.0,455.0,6.0,0.7318681318681318,558.5,0.0,0.9560439560439561,0.24609555016885232,0.9683257918552036,101.88333333333334
83,2018-05-07,16.0,575.0,10.0,0.23130434782608697,313.125,0.1875,0.5895652173913043,1.1995595639404366,0.96875,93.91777777777777
83,2018-05-08,7.0,135.0,3.0,1.0,178.4,0.0,0.43703703703703706,1.0468572269539607,0.9552238805970149,11.075000000000001
83,2018-05-09,11.0,427.0,6.0,0.0,544.8181818181819,0.09090909090909091,0.9437939110070258,0.2666886623413084,0.9856459330143541,31.76333333333334
83,2018-05-10,20.0,428.0,10.0,0.1308411214953271,320.2105263157895,0.05263157894736842,0.7873831775700935,0.8997464103983814,0.9427083333333334,70.81228070175437
83,2018-05-11,1.0,56.0,5.0,1.0,749.0,0.0,0.6071428571428571,1.2129990015918073,0.7407407407407407,0.0
83,2018-05-13,31.0,507.0,12.0,0.2583826429980276,321.5357142857143,0.03571428571428571,0.6410256410256411,1.3039586253528876,0.9110169491525424,47.6188888888889
84,2018-01-19,4.0,150.0,11.0,0.0,800.5,0.0,0.22,1.9982098472970455,0.7536231884057971,82.97222222222223
84,2018-01-20,1.0,24.0,1.0,0.0,366.0,0.0,1.0,0.0,1.0,0.0
84,2018-01-21,2.0,17.0,4.0,0.7647058823529411,84.0,0.5,0.47058823529411764,1.1407201964134568,0.6666666666666666,1034.65
84,2018-01-24,1.0,16.0,2.0,0.0,128.0,0.0,0.9375,0.2337916587064593,1.0,0.0
84,2018-01-30,1.0,7.0,2.0,0.0,45.0,0.0,0.8571428571428571,0.410116318288409,1.0,0.0
84,2018-01-31,2.0,3.0,2.0,0.6666666666666666,86.0,0.0,0.6666666666666666,0.6365141682948128,0.0,959.9
84,2018-02-01,6.0,73.0,8.0,0.0,159.6,0.2,0.6438356164383562,1.2349647672798858,0.8181818181818182,47.81
84,2018-02-04,2.0,2.0,2.0,0.0,0.0,0.0,0.5,0.6931471805599453,0.0,28.483333333333334
84,2018-02-05,2.0,19.0,3.0,0.0,59.0,0.0,0.5263157894736842,0.8569977547780645,0.5,202.11666666666667
84,2018-02-06,1.0,2.0,1.0,1.0,2.0,1.0,1.0,0.0,0.0,0.0
84,2018-02-08,5.0,50.0,6.0,0.0,157.0,0.2,0.34,1.5659211687041457,0.7391304347826086,141.275
84,2018-02-09,2.0,7.0,2.0,0.0,27.0,0.0,0.8571428571428571,0.410116318288409,1.0,555.05
84,2018-02-11,1.0,1.0,1.0,1.0,0.0,0.0,1.0,0.0,0.0,0.0
84,2018-02-13,10.0,88.0,7.0,0.0,160.11111111111111,0.3333333333333333,0.3181818181818182,1.6846962316165468,0.6904761904761905,58.3574074074074
84,2018-02-14,8.0,68.0,5.0,0.0,121.14285714285714,0.14285714285714285,0.7058823529411765,0.9647996360055444,0.84375,52.240476190476194
84,2018-02-15,3.0,7.0,2.0,0.0,5.333333333333333,0.6666666666666666,0.8571428571428571,0.410116318288409,1.0,25.775
84,2018-02-21,10.0,150.0,12.0,0.0,276.0,0.1111111111111111,0.18,2.2670091860851547,0.6956521739130435,47.668518518518525
84,2018-02-22,5.0,112.0,6.0,0.0,311.8,0.2,0.4642857142857143,1.41596559770286,0.7169811320754716,72.52916666666667
84,2018-02-23,3.0,13.0,3.0,1.0,13.0,0.5,0.7692307692307693,0.6870920273799715,0.8,13.033333333333333
84,2018-02-28,5.0,37.0,3.0,0.0,124.25,0.0,0.43243243243243246,1.0715849248248062,0.875,51.94166666666666
84,2018-03-01,2.0,3.0,1.0,0.6666666666666666,0.0,1.0,1.0,0.0,0.0,245.03333333333333
84,2018-03-27,1.0,1.0,1.0,1.0,0.0,0.0,1.0,0.0,0.0,0.0
84,2018-03-31,1.0,31.0,2.0,0.0,78.0,0.0,0.9032258064516129,0.3179367802622418,0.8,0.0
84,2018-04-01,4.0,142.0,5.0,0.0,706.6666666666666,0.0,0.795774647887324,0.7324985047595134,0.8088235294117647,31.73888888888889
84,2018-04-02,14.0,109.0,7.0,0.1834862385321101,268.0,0.1,0.3761467889908257,1.5062511538932553,0.5918367346938775,55.838461538461544
84,2018-04-04,1.0,3.0,2.0,1.0,80.0,0.0,0.6666666666666666,0.6365141682948128,0.0,0.0
84,2018-04-11,1.0,5.0,3.0,0.0,20.0,0.0,0.4,1.0549201679861442,0.0,0.0
84,2018-04-12,3.0,5.0,3.0,0.0,46.0,0.0,0.4,1.0549201679861442,0.0,175.25833333333333
84,2018-04-13,1.0,4.0,2.0,0.0,48.0,0.0,0.75,0.5623351446188083,0.0,0.0
84,2018-04-14,3.0,17.0,5.0,0.0,19.666666666666668,0.6666666666666666,0.5882352941176471,1.2341113432738555,0.6666666666666666,29.599999999999998
84,2018-04-15,1.0,5.0,2.0,1.0,30.0,0.0,0.8,0.5004024235381879,1.0,0.0
84,2018-04-19,2.0,9.0,2.0,0.0,27.5,0.0,0.8888888888888888,0.34883209584303193,1.0,111.31666666666666
84,2018-04-20,5.0,45.0,6.0,0.08888888888888889,138.0,0.2,0.3111111111111111,1.5846263670437988,0.7058823529411765,253.33333333333334
84,2018-04-22,4.0,27.0,4.0,0.6666666666666666,121.0,0.25,0.5185185185185185,1.1059289996142598,0.7272727272727273,255.91666666666666
84,2018-04-25,4.0,8.0,2.0,0.0,133.0,0.0,0.875,0.37677016125643675,1.0,9.188888888888888
84,2018-04-26,1.0,1.0,1.0,0.0,0.0,0.0,1.0,0.0,0.0,0.0
85,2018-04-20,18.0,164.0,6.0,0.0,114.33333333333333,0.4166666666666667,0.5609756097560976,1.3216172758531939,0.8026315789473685,13.602941176470589
85,2018-04-21,35.0,302.0,12.0,0.347682119205298,209.48,0.32,0.5165562913907285,1.612529070781879,0.6642335766423357,33.418627450980395
86,2018-05-03,3.0,54.0,4.0,0.0,609.5,0.0,0.48148148148148145,1.2069777321644193,0.6538461538461539,58.9
86,2018-05-04,3.0,122.0,4.0,1.0,379.6666666666667,0.0,0.39344262295081966,1.3059418035758015,0.8666666666666667,42.916666666666664
87,2018-04-01,6.0,170.0,7.0,0.0,164.2,0.2,0.6764705882352942,1.098534391219856,0.958904109589041,52.59333333333334
87,2018-04-02,15.0,776.0,12.0,0.1172680412371134,268.93333333333334,0.26666666666666666,0.3079896907216495,1.8421398873828498,0.9098591549295775,99.83928571428574
87,2018-04-03,20.0,536.0,10.0,0.6268656716417911,189.11764705882354,0.23529411764705882,0.3582089552238806,1.8079597970984023,0.9106382978723404,73.0640350877193
87,2018-04-04,25.0,1888.0,9.0,0.037076271186440676,283.2,0.28,0.864406779661017,0.613067006124609,0.9685807150595883,57.549305555555556
87,2018-04-05,16.0,232.0,11.0,0.20689655172413793,139.4,0.2,0.3879310344827586,1.9258415292398903,0.8269230769230769,89.17888888888888
87,2018-04-06,24.0,758.0,16.0,0.010554089709762533,164.75,0.25,0.37467018469656993,2.003751755957582,0.9426934097421203,59.81884057971015
87,2018-04-07,18.0,617.0,15.0,0.640194489465154,215.8235294117647,0.23529411764705882,0.2755267423014587,2.1043385889548776,0.910958904109589,79.93823529411765
87,2018-04-08,15.0,249.0,11.0,0.05622489959839357,245.15384615384616,0.3076923076923077,0.3253012048192771,1.916316380371569,0.6864406779661016,100.63809523809523
87,2018-04-09,23.0,420.0,17.0,0.4738095238095238,428.0,0.05555555555555555,0.20476190476190476,2.1943340707303456,0.5920398009950248,63.643939393939384
87,2018-04-10,5.0,72.0,10.0,0.9583333333333334,609.5,0.25,0.4444444444444444,1.7842835597934292,0.7,142.5625
88,2018-04-28,4.0,225.0,5.0,1.0,915.5,0.0,0.6133333333333333,0.9393134712029365,0.9285714285714286,31.166666666666668
89,2018-04-17,6.0,76.0,4.0,0.0,290.5,0.0,0.39473684210526316,1.321309006957198,0.5945945945945946,48.76333333333333
89,2018-04-18,1.0,9.0,2.0,0.0,138.0,0.0,0.7777777777777778,0.5297061990576545,0.5,0.0
89,2018-04-23,1.0,6.0,3.0,0.0,42.0,0.0,0.5,1.0114042647073518,0.5,0.0
89,2018-04-24,1.0,3.0,1.0,0.0,1.0,1.0,1.0,0.0,0.0,0.0
89,2018-04-25,5.0,38.0,5.0,0.0,125.5,0.25,0.5263157894736842,1.3238438368466365,0.3888888888888889,89.25833333333333
89,2018-04-26,6.0,32.0,5.0,0.5,248.0,0.25,0.40625,1.4454939868198844,0.2,36.973333333333336
89,2018-04-29,1.0,9.0,3.0,0.0,19.0,0.0,0.4444444444444444,1.0608569471580214,0.5,0.0
90,2018-03-30,38.0,640.0,18.0,0.0,296.1,0.03333333333333333,0.3203125,2.077382322297874,0.7456445993031359,29.13198198198198
90,2018-03-31,2.0,17.0,6.0,1.0,72.5,0.0,0.4117647058823529,1.5426758611087728,0.0,171.58333333333334
91,2018-01-20,21.0,748.0,11.0,0.0,201.28571428571428,0.3333333333333333,0.4264705882352941,1.2596243392425877,0.9002849002849003,42.53666666666667
91,2018-01-21,30.0,2248.0,15.0,0.7780249110320284,361.7931034482759,0.20689655172413793,0.5969750889679716,1.2915913266357106,0.9382022471910112,49.214942528735634
91,2018-01-22,31.0,2604.0,13.0,0.4754224270353303,402.93548387096774,0.1935483870967742,0.5180491551459293,1.3653322432566473,0.9493049877350777,47.29944444444444
91,2018-01-23,36.0,2414.0,12.0,0.1864125932062966,335.72222222222223,0.2222222222222222,0.5095277547638773,1.4455152969423777,0.8857890148212729,40.39190476190476
91,2018-01-24,36.0,1339.0,13.0,0.2837938760268857,330.8,0.2,0.5862584017923824,1.4062971839572742,0.8757763975155279,40.30380952380952
91,2018-01-25,36.0,893.0,14.0,0.22732362821948487,269.7352941176471,0.14705882352941177,0.48600223964165734,1.4668131236432191,0.8604651162790697,40.76714285714286
91,2018-01-26,37.0,2778.0,18.0,0.2361411087113031,373.1081081081081,0.2702702702702703,0.3333333333333333,2.0642121614295257,0.9152410575427683,38.63611111111111
91,2018-01-27,42.0,854.0,10.0,0.14168618266978922,302.7837837837838,0.05405405405405406,0.6264637002341921,1.165709801186125,0.8175182481751825,34.7609756097561
91,2018-01-28,21.0,419.0,15.0,0.4105011933174224,477.0,0.05263157894736842,0.38424821002386633,1.6996670364064237,0.7611940298507462,45.5
91,2018-04-02,26.0,555.0,10.0,0.04504504504504504,479.25,0.05,0.409009009009009,1.4258219382546453,0.8461538461538461,45.635333333333335
91,2018-04-03,43.0,1984.0,15.0,0.12348790322580645,368.9767441860465,0.09302325581395349,0.2540322580645161,2.0887852649565115,0.8469162995594713,33.83888888888889
91,2018-04-04,13.0,323.0,10.0,0.9411764705882353,332.0,0.3076923076923077,0.33126934984520123,1.748150397646112,0.8116883116883117,24.979166666666668
92,2018-04-29,5.0,136.0,8.0,0.0,210.4,0.2,0.4117647058823529,1.7100979777611345,0.8064516129032258,43.233333333333334
92,2018-04-30,43.0,2505.0,15.0,0.09141716566866268,214.4418604651163,0.2558139534883721,0.25788423153692613,2.1598452044255136,0.8588785046728972,32.334920634920636
92,2018-05-01,13.0,281.0,12.0,0.9288256227758007,214.45454545454547,0.09090909090909091,0.3594306049822064,2.0463300156415687,0.5669291338582677,57.87083333333334
93,2018-04-15,31.0,1808.0,16.0,0.0,191.48387096774192,0.0967741935483871,0.18584070796460178,2.4533415554448927,0.9118303571428571,36.74611111111111
93,2018-04-16,32.0,1944.0,19.0,0.17644032921810698,205.6875,0.1875,0.30092592592592593,2.4845898603856105,0.8900634249471459,42.60967741935484
93,2018-04-17,38.0,5279.0,16.0,0.16897139609774578,288.0,0.10526315789473684,0.3288501610153438,2.1311747656648476,0.945489443378119,38.16666666666667
93,2018-04-18,21.0,832.0,13.0,0.5216346153846154,142.04761904761904,0.2857142857142857,0.1875,2.1630640410363426,0.9215189873417722,21.901666666666667
94,2018-04-04,21.0,670.0,12.0,0.0,348.95,0.05,0.41492537313432837,1.8355213353986974,0.8087774294670846,25.692500000000003
94,2018-04-05,37.0,1526.0,18.0,0.1690694626474443,226.51351351351352,0.24324324324324326,0.15727391874180865,2.4874227105432127,0.8340486409155937,39.93842592592593
94,2018-04-06,30.0,1634.0,16.0,0.4339045287637699,330.64285714285717,0.21428571428571427,0.3635250917992656,2.0553631019089265,0.8553137003841229,48.73850574712643
95,2018-01-06,7.0,84.0,3.0,0.38095238095238093,87.66666666666667,0.3333333333333333,0.5238095238095238,0.9597916051265445,0.8048780487804879,122.66388888888889
96,2018-04-15,20.0,128.0,7.0,0.2421875,107.0,0.4375,0.34375,1.6800625741117974,0.746031746031746,71.75000000000001
96,2018-04-16,7.0,40.0,5.0,0.25,126.33333333333333,0.0,0.4,1.4446460691338838,0.631578947368421,202.50277777777774
96,2018-04-17,7.0,46.0,2.0,0.0,140.66666666666666,0.3333333333333333,0.7391304347826086,0.5739644913933235,0.8181818181818182,19.069444444444443
96,2018-04-18,11.0,166.0,7.0,0.6987951807228916,248.36363636363637,0.2727272727272727,0.2891566265060241,1.7385009473233128,0.5853658536585366,127.53666666666666
96,2018-04-20,11.0,69.0,6.0,0.9130434782608695,151.33333333333334,0.3333333333333333,0.43478260869565216,1.4472558544209544,0.5454545454545454,34.196666666666665
96,2018-04-21,6.0,25.0,4.0,0.44,98.5,0.16666666666666666,0.4,1.3093727503767298,0.2727272727272727,198.03
96,2018-04-22,12.0,96.0,6.0,0.5833333333333334,158.8181818181818,0.09090909090909091,0.6458333333333334,1.0581878502108166,0.6808510638297872,96.06060606060606
96,2018-04-25,4.0,22.0,4.0,0.0,135.5,0.0,0.36363636363636365,1.2636544318820966,0.6,34.88333333333333
96,2018-04-26,3.0,40.0,2.0,0.0,10.0,0.3333333333333333,0.85,0.42270908780599087,0.9473684210526315,209.05
96,2018-04-27,5.0,47.0,4.0,0.8723404255319149,391.0,0.25,0.574468085106383,1.064119381368333,0.6363636363636364,58.791666666666664
96,2018-04-29,1.0,6.0,1.0,0.0,182.0,0.0,1.0,0.0,1.0,0.0
97,2017-09-26,1.0,10.0,2.0,0.0,486.0,0.0,0.9,0.3250829733914482,0.0,0.0
97,2017-10-06,2.0,9.0,2.0,0.0,18.5,0.5,0.6666666666666666,0.6365141682948128,0.5,103.66666666666667
97,2018-01-10,1.0,2.0,1.0,0.0,3.0,1.0,1.0,0.0,0.0,0.0
97,2018-01-22,1.0,3.0,1.0,0.0,7.0,1.0,1.0,0.0,1.0,0.0
97,2018-02-02,2.0,6.0,2.0,0.0,6.0,0.5,0.6666666666666666,0.6365141682948128,0.5,11.883333333333333
97,2018-02-19,1.0,2.0,1.0,0.0,4.0,1.0,1.0,0.0,0.0,0.0
97,2018-02-27,1.0,3.0,2.0,0.0,12.0,0.0,0.6666666666666666,0.6365141682948128,0.0,0.0
97,2018-04-12,1.0,12.0,3.0,0.0,32.0,0.0,0.5833333333333334,0.887694275799104,0.8,0.0
97,2018-04-13,1.0,10.0,1.0,0.0,601.0,0.0,1.0,0.0,1.0,0.0
97,2018-04-17,6.0,60.0,4.0,0.0,46.833333333333336,0.8333333333333334,0.4666666666666667,1.2105578441774711,0.7586206896551724,12.45
97,2018-04-20,1.0,10.0,3.0,0.0,43.0,0.0,0.6,0.9502705392332347,0.5,0.0
97,2018-05-02,1.0,2.0,1.0,0.0,2.0,1.0,1.0,0.0,0.0,0.0
97,2018-05-03,2.0,27.0,2.0,0.0,76.0,0.5,0.5555555555555556,0.6869615765973234,0.9090909090909091,9.616666666666667
97,2018-05-04,7.0,151.0,5.0,0.0,151.14285714285714,0.42857142857142855,0.3973509933774834,1.285456360762196,0.7837837837837838,59.47222222222223
98,2018-01-20,11.0,28.0,4.0,0.0,61.375,0.125,0.6428571428571429,1.0285137640248474,0.6923076923076923,55.40333333333333
98,2018-01-21,3.0,12.0,2.0,0.16666666666666666,34.0,0.0,0.6666666666666666,0.6365141682948128,0.8,414.325
99,2018-04-03,41.0,645.0,13.0,0.0015503875968992248,431.3142857142857,0.08571428571428572,0.4697674418604651,1.7049491394215928,0.7116788321167883,29.740000000000002
99,2018-04-04,48.0,676.0,15.0,0.10502958579881656,361.225,0.075,0.41124260355029585,1.831154360156031,0.7379310344827587,30.332269503546108
99,2018-04-05,50.0,499.0,16.0,0.1462925851703407,265.85,0.125,0.39478957915831664,1.8701677313972604,0.6926605504587156,29.129931972789112
99,2018-04-06,6.0,39.0,8.0,1.0,99.6,0.2,0.3076923076923077,1.8449830436827417,0.5714285714285714,30.893333333333334
99,2018-04-18,47.0,641.0,14.0,0.0405616224648986,320.6818181818182,0.13636363636363635,0.4539781591263651,1.6597947739966776,0.7624113475177305,29.18007246376812
99,2018-04-19,6.0,71.0,6.0,1.0,295.0,0.0,0.323943661971831,1.5058260687330105,0.71875,13.793333333333333
100,2018-04-25,4.0,61.0,5.0,0.0,108.5,0.25,0.45901639344262296,1.274362338227774,0.7692307692307693,64.71666666666667
100,2018-04-26,2.0,76.0,3.0,0.0,135.0,0.5,0.5263157894736842,0.8569977547780645,0.9714285714285714,216.31666666666666
100,2018-04-27,1.0,6.0,1.0,0.0,0.0,1.0,1.0,0.0,1.0,0.0
100,2018-04-28,1.0,2.0,1.0,0.0,7.0,1.0,1.0,0.0,0.0,0.0
101,2018-01-20,6.0,91.0,5.0,0.0,113.16666666666667,0.16666666666666666,0.4725274725274725,1.2834117362589266,0.8421052631578947,44.589999999999996
101,2018-01-21,13.0,370.0,10.0,0.2648648648648649,256.84615384615387,0.23076923076923078,0.24864864864864866,1.9835232302646089,0.8424242424242424,91.17222222222223
102,2018-04-16,45.0,2401.0,12.0,0.042898792169929194,243.35714285714286,0.4523809523809524,0.4602249062890462,1.7246593277778313,0.9551282051282052,29.874999999999996
102,2018-04-17,31.0,3188.0,11.0,0.46016311166875784,235.1290322580645,0.25806451612903225,0.3842534504391468,1.8136895408347224,0.9368351063829787,46.800555555555555
102,2018-04-18,48.0,1337.0,12.0,0.12415856394913986,292.4166666666667,0.20833333333333334,0.4300673148840688,1.7036912025687023,0.8983870967741936,28.97198581560284
102,2018-04-19,63.0,2039.0,14.0,0.08827856792545366,287.1587301587302,0.23809523809523808,0.40166748406081415,1.4524621767439643,0.9012474012474012,21.054301075268814
102,2018-04-20,44.0,1767.0,18.0,0.06281833616298811,356.1162790697674,0.13953488372093023,0.21731748726655348,2.213968208819371,0.8802902055622733,32.334883720930236
102,2018-04-21,28.0,354.0,17.0,0.06779661016949153,380.96,0.0,0.3248587570621469,2.224675158491805,0.6459627329192547,52.943209876543214
102,2018-04-22,41.0,631.0,16.0,0.07765451664025357,453.7647058823529,0.0,0.5467511885895404,1.7063961187066923,0.7194719471947195,35.83958333333333
102,2018-04-23,10.0,32.0,5.0,1.0,85.0,0.0,0.53125,1.2126568050390603,0.7692307692307693,26.17962962962963
103,2018-01-25,26.0,857.0,8.0,0.0,364.32,0.08,0.33022170361726955,1.7600964433290858,0.7354368932038835,33.12866666666667
103,2018-01-26,15.0,291.0,9.0,1.0,322.1818181818182,0.09090909090909091,0.31958762886597936,1.6919149603335288,0.6402877697841727,17.461904761904766
104,2018-04-26,7.0,38.0,6.0,0.0,222.0,0.2,0.34210526315789475,1.5127935166817552,0.5,17.575
104,2018-04-27,40.0,1407.0,12.0,0.01847903340440654,141.73684210526315,0.02631578947368421,0.294953802416489,2.179175125166474,0.8713550600343053,35.34572649572649
104,2018-04-28,47.0,3170.0,11.0,0.09369085173501578,254.9787234042553,0.0851063829787234,0.29116719242902206,1.9457772560915798,0.9294871794871795,31.120652173913044
104,2018-04-29,31.0,2078.0,10.0,0.2925890279114533,218.09677419354838,0.12903225806451613,0.3383060635226179,1.8155240816752714,0.9085106382978724,47.766666666666666
104,2018-04-30,37.0,2955.0,11.0,0.033164128595600674,347.5135135135135,0.2972972972972973,0.4074450084602369,1.7123509581547656,0.9267751479289941,39.60277777777778
104,2018-05-01,38.0,1167.0,12.0,0.09168808911739502,289.3157894736842,0.0,0.16023993144815768,2.238018249033403,0.7208835341365462,38.52162162162162
104,2018-05-02,43.0,2571.0,14.0,0.36833916763905095,345.4186046511628,0.0,0.31388564760793464,2.051724484873274,0.8192771084337349,33.44563492063493
104,2018-05-03,35.0,2178.0,14.0,0.472910927456382,281.14285714285717,0.05714285714285714,0.3549127640036731,2.026742283797318,0.6923076923076923,42.00098039215686
104,2018-05-04,44.0,1788.0,12.0,0.18176733780760626,230.9318181818182,0.022727272727272728,0.18288590604026847,2.1534170588407857,0.8198529411764706,33.201937984496126
104,2018-05-05,52.0,2073.0,12.0,0.48191027496382055,233.0,0.25,0.3077665219488664,2.066145562082737,0.8237113402061855,27.9078431372549
104,2018-05-06,44.0,1321.0,12.0,0.029523088569265707,309.8863636363636,0.1590909090909091,0.2906888720666162,2.1530069105294727,0.7708674304418985,32.936821705426354
104,2018-05-07,46.0,515.0,10.0,0.3048543689320388,171.475,0.175,0.34757281553398056,1.7290749568434596,0.6741071428571429,28.678518518518512
105,2018-01-20,18.0,660.0,11.0,0.0,590.1111111111111,0.2222222222222222,0.4727272727272727,1.527179258405783,0.7987220447284346,26.05980392156863
105,2018-01-21,29.0,1108.0,16.0,0.631768953068592,446.62068965517244,0.1724137931034483,0.296028880866426,1.9354631225038268,0.6965648854961832,34.86607142857143
106,2018-01-20,4.0,356.0,5.0,0.0,491.5,0.25,0.4943820224719101,1.2133043736089058,0.9395973154362416,12.677777777777777
106,2018-01-21,46.0,4936.0,14.0,0.3525121555915721,443.2826086956522,0.08695652173913043,0.25992706645056723,2.15416129358811,0.924613987284287,30.02592592592593
107,2018-04-30,22.0,119.0,9.0,0.0,140.15,0.35,0.3025210084033613,1.8142807723135193,0.7380952380952381,14.363492063492064
107,2018-05-01,46.0,913.0,16.0,0.3307776560788609,273.82608695652175,0.2391304347826087,0.20920043811610076,2.352040675674091,0.7920792079207921,31.483703703703707
107,2018-05-02,48.0,1063.0,13.0,0.27469426152398874,224.125,0.2916666666666667,0.38381937911571024,1.9767752984467473,0.8698347107438017,30.08652482269503
107,2018-05-03,45.0,642.0,14.0,0.3894080996884735,294.5,0.18181818181818182,0.29283489096573206,2.096464292052531,0.785234899328859,31.535984848484848
107,2018-05-04,40.0,311.0,11.0,0.3536977491961415,211.8,0.2,0.2958199356913183,2.0417927302183756,0.7272727272727273,30.611538461538466
107,2018-05-05,39.0,519.0,8.0,0.09826589595375723,252.22222222222223,0.3611111111111111,0.5394990366088632,1.4291557690698091,0.786096256684492,30.557456140350883
107,2018-05-06,17.0,322.0,11.0,0.9658385093167702,236.4,0.06666666666666667,0.30124223602484473,1.8637674729465863,0.7299270072992701,58.75937499999999
107,2018-05-07,42.0,328.0,11.0,0.11280487804878049,350.53333333333336,0.16666666666666666,0.3902439024390244,1.840100250008842,0.5986394557823129,29.256910569105692
107,2018-05-08,7.0,47.0,7.0,1.0,154.16666666666666,0.3333333333333333,0.3404255319148936,1.701314177594219,0.55,23.900000000000002
108,2018-04-22,1.0,34.0,4.0,0.0,763.0,0.0,0.6764705882352942,0.9647420442002673,0.5833333333333334,0.0
108,2018-04-23,34.0,8325.0,16.0,0.03123123123123123,449.88235294117646,0.20588235294117646,0.5887087087087087,1.4473609903969455,0.9570083948104808,42.7969696969697
108,2018-04-24,35.0,11999.0,16.0,0.3200266688890741,638.4857142857143,0.0,0.4774564547045587,1.5657206774983699,0.9216986203189392,41.268137254901966
108,2018-04-25,50.0,7111.0,17.0,0.15286176346505415,515.32,0.04,0.360005625087892,1.7992572734738366,0.8914230645679408,28.849659863945586
108,2018-04-26,46.0,3162.0,17.0,0.3083491461100569,243.8913043478261,0.10869565217391304,0.3776091081593928,1.6809076236900684,0.8932461873638344,30.626296296296296
108,2018-04-27,13.0,1126.0,12.0,0.9760213143872114,474.45454545454544,0.0,0.5230905861456483,1.4075856955575923,0.8933333333333333,61.95416666666668
109,2018-04-18,1.0,15.0,1.0,1.0,779.0,0.0,1.0,0.0,1.0,0.0
109,2018-04-19,1.0,6.0,1.0,0.0,48.0,0.0,1.0,0.0,1.0,0.0
109,2018-04-24,11.0,68.0,7.0,0.08823529411764706,98.72727272727273,0.09090909090909091,0.35294117647058826,1.7041157704270675,0.6666666666666666,136.075
109,2018-04-25,20.0,169.0,9.0,0.16568047337278108,158.57894736842104,0.15789473684210525,0.3431952662721893,1.8467093608586642,0.5,72.63859649122809
109,2018-04-26,4.0,20.0,3.0,0.0,108.75,0.25,0.5,0.9433483923290391,0.4444444444444444,27.66111111111111
109,2018-04-27,7.0,63.0,5.0,0.0,138.33333333333334,0.0,0.47619047619047616,1.356024550840987,0.6875,68.7
109,2018-04-30,3.0,12.0,3.0,0.0,22.666666666666668,0.0,0.5,1.0114042647073518,0.6,6.458333333333334
109,2018-05-02,4.0,30.0,6.0,0.0,199.0,0.25,0.5333333333333333,1.414175464056979,0.42857142857142855,18.05
109,2018-05-03,1.0,4.0,1.0,1.0,278.0,0.0,1.0,0.0,1.0,0.0
109,2018-05-04,1.0,8.0,2.0,0.0,47.0,0.0,0.75,0.5623351446188083,0.6666666666666666,0.0
109,2018-05-05,11.0,59.0,2.0,0.0,126.33333333333333,0.5555555555555556,0.8305084745762712,0.4550790449673947,0.8275862068965517,19.951666666666668
109,2018-05-06,9.0,48.0,4.0,0.20833333333333334,222.85714285714286,0.14285714285714285,0.75,0.8151862107956462,0.6956521739130435,90.4125
109,2018-05-08,15.0,126.0,6.0,0.14285714285714285,192.2,0.2,0.3333333333333333,1.4794362942690606,0.6612903225806451,81.34523809523809
109,2018-05-09,2.0,71.0,4.0,0.0,805.5,0.0,0.5915492957746479,1.0936380872578502,0.6470588235294118,24.0
109,2018-05-10,15.0,241.0,7.0,0.6597510373443983,271.6923076923077,0.23076923076923078,0.45643153526970953,1.3986542523574608,0.7416666666666667,62.669047619047625
109,2018-05-11,22.0,161.0,7.0,0.043478260869565216,162.85,0.1,0.2546583850931677,1.734556784118723,0.6329113924050633,51.82380952380952
109,2018-05-12,21.0,118.0,8.0,0.5423728813559322,197.57894736842104,0.2631578947368421,0.5254237288135594,1.4727249836868301,0.7068965517241379,54.888333333333335
109,2018-05-14,3.0,21.0,3.0,1.0,397.0,0.0,0.6666666666666666,0.8359373644898984,0.7,23.641666666666666
110,2017-09-09,1.0,22.0,2.0,0.0,268.0,0.0,0.7272727272727273,0.5859526183035508,0.7,0.0
110,2017-09-18,3.0,14.0,2.0,0.0,11.333333333333334,0.3333333333333333,0.5714285714285714,0.6829081047004717,0.8333333333333334,89.94166666666666
110,2017-09-25,1.0,8.0,1.0,0.0,13.0,0.0,1.0,0.0,1.0,0.0
110,2017-09-27,1.0,8.0,2.0,0.0,15.0,0.0,0.5,0.6931471805599453,0.6666666666666666,0.0
110,2017-10-10,1.0,10.0,2.0,0.0,52.0,0.0,0.6,0.6730116670092565,0.5,0.0
110,2017-12-03,1.0,2.0,1.0,0.0,2.0,1.0,1.0,0.0,0.0,0.0
110,2017-12-26,8.0,50.0,3.0,0.0,87.0,0.375,0.74,0.6435661541222999,0.7391304347826086,68.03809523809524
110,2017-12-27,5.0,27.0,2.0,0.0,81.8,0.4,0.7037037037037037,0.6076934238709566,0.6666666666666666,51.25416666666667
110,2017-12-28,7.0,48.0,2.0,0.0,78.85714285714286,0.5714285714285714,0.75,0.5623351446188083,0.9130434782608695,71.42222222222223
110,2017-12-29,4.0,45.0,3.0,0.0,36.5,0.25,0.4888888888888889,0.8439025002771037,0.6190476190476191,62.822222222222216
110,2017-12-30,1.0,13.0,2.0,1.0,22.0,0.0,0.6153846153846154,0.666278442414676,0.6,0.0
110,2017-12-31,4.0,22.0,2.0,0.4090909090909091,20.333333333333332,0.3333333333333333,0.5454545454545454,0.6890092384766586,0.6666666666666666,356.34444444444443
110,2018-01-01,3.0,6.0,2.0,0.0,4.0,1.0,0.8333333333333334,0.45056120886630463,0.5,226.95
110,2018-01-02,3.0,12.0,1.0,0.0,7.0,0.6666666666666666,1.0,0.0,1.0,268.44166666666666
110,2018-01-03,13.0,135.0,6.0,0.24444444444444444,94.0909090909091,0.45454545454545453,0.4666666666666667,1.374871532506605,0.7580645161290323,100.47361111111111
110,2018-01-04,1.0,8.0,2.0,0.0,20.0,0.0,0.75,0.5623351446188083,0.6666666666666666,0.0
110,2018-01-08,3.0,12.0,2.0,0.0,23.0,0.0,0.6666666666666666,0.6365141682948128,0.4,95.85833333333333
110,2018-01-10,1.0,8.0,2.0,0.0,71.0,0.0,0.75,0.5623351446188083,1.0,0.0
110,2018-01-12,2.0,22.0,3.0,0.0,42.0,0.5,0.4090909090909091,1.0843629508682477,0.6666666666666666,133.65
110,2018-01-15,1.0,2.0,1.0,0.0,5.0,1.0,1.0,0.0,0.0,0.0
110,2018-01-17,2.0,21.0,2.0,0.0,57.5,0.0,0.6190476190476191,0.6645284386549151,0.7777777777777778,70.96666666666667
110,2018-01-19,1.0,1.0,1.0,0.0,0.0,0.0,1.0,0.0,0.0,0.0
110,2018-01-20,1.0,12.0,2.0,0.0,48.0,0.0,0.6666666666666666,0.6365141682948128,0.5,0.0
111,2018-04-24,11.0,696.0,11.0,0.0,565.9090909090909,0.18181818181818182,0.44396551724137934,1.57358058170965,0.8713450292397661,20.633333333333333
111,2018-04-25,35.0,2429.0,13.0,0.3433511733223549,333.62857142857143,0.14285714285714285,0.515850144092219,1.385079260988487,0.9029535864978903,41.74460784313725
111,2018-04-26,4.0,207.0,7.0,0.9565217391304348,508.5,0.0,0.391304347826087,1.5100218961930247,0.7448979591836735,260.0777777777778
112,2018-04-07,23.0,3772.0,20.0,0.0,960.3913043478261,0.08695652173913043,0.23064687168610817,2.1579748261664142,0.8706998813760379,31.20151515151515
112,2018-04-08,51.0,26048.0,23.0,0.140509828009828,738.2941176470588,0.09803921568627451,0.4054821867321867,2.0589671156875635,0.9522792607802875,28.288666666666668
112,2018-04-09,42.0,5813.0,22.0,0.13297780836057113,509.1666666666667,0.047619047619047616,0.39084809908825047,2.029083084929674,0.8915750915750916,34.17886178861789
112,2018-04-10,15.0,892.0,17.0,0.8531390134529148,813.1333333333333,0.13333333333333333,0.32847533632286996,2.1391732390230525,0.7052631578947368,25.58452380952381
112,2018-04-14,21.0,1483.0,18.0,0.0,697.1428571428571,0.23809523809523808,0.21105866486850977,2.202618881574875,0.8343653250773994,27.0925
112,2018-04-15,37.0,4515.0,17.0,0.746843853820598,695.972972972973,0.24324324324324326,0.2378737541528239,2.1276543356063202,0.8410419989367358,39.527314814814815
112,2018-04-16,31.0,3421.0,19.0,0.0710318620286466,790.1612903225806,0.06451612903225806,0.4144986845951476,2.0366895868670074,0.8366533864541833,37.90111111111112
112,2018-04-17,61.0,11112.0,19.0,0.22237221022318215,461.8360655737705,0.04918032786885246,0.3560115190784737,2.0383986673410392,0.8676642052079285,23.411944444444444
112,2018-04-18,48.0,11560.0,21.0,0.408477508650519,668.2708333333334,0.0625,0.29282006920415227,2.0503011109914655,0.8993662377568657,30.525886524822692
112,2018-04-19,49.0,11694.0,19.0,0.11082606464853771,600.5102040816327,0.12244897959183673,0.2508123824183342,2.228597631870606,0.9029486428431946,28.831597222222218
112,2018-04-20,55.0,5853.0,19.0,0.21373654536135314,406.3454545454546,0.12727272727272726,0.3374337946352298,2.078750943559161,0.8871975019516003,26.25493827160494
112,2018-04-21,49.0,6155.0,19.0,0.3223395613322502,441.16326530612247,0.04081632653061224,0.34947197400487406,2.216147540460697,0.9177146963708228,29.808680555555554
112,2018-04-22,44.0,5240.0,17.0,0.47557251908396947,452.3181818181818,0.11363636363636363,0.3830152671755725,1.9767714283687738,0.8769294952023362,32.95
112,2018-04-23,45.0,4205.0,19.0,0.23876337693222355,501.0444444444444,0.1111111111111111,0.3581450653983353,2.1068143036653195,0.7799791449426486,32.066287878787875
112,2018-04-24,46.0,4231.0,22.0,0.5187898841881352,740.4347826086956,0.08695652173913043,0.2755849680926495,2.2251735384387943,0.7922755741127349,31.832222222222224
112,2018-04-25,47.0,3197.0,21.0,0.26556146387238033,620.8085106382979,0.1276595744680851,0.2668126368470441,2.1665675211320106,0.764456981664316,30.844927536231875
112,2018-04-26,50.0,1848.0,18.0,0.3869047619047619,366.02,0.06,0.3425324675324675,2.019027353593292,0.7518072289156627,29.003061224489798
112,2018-04-27,45.0,2471.0,19.0,0.39457709429380816,454.3333333333333,0.15555555555555556,0.3136382031566168,2.1714780148815973,0.7895196506550218,31.667424242424246
112,2018-04-28,52.0,4341.0,18.0,0.16885510251094218,395.5,0.1346153846153846,0.3102971665514858,2.1763233082744304,0.8562367864693446,26.672875816993464
112,2018-04-29,45.0,1498.0,16.0,0.42990654205607476,310.75555555555553,0.08888888888888889,0.472630173564753,1.7294034778118759,0.7063142437591777,32.6655303030303
112,2018-04-30,42.0,2112.0,21.0,0.17613636363636365,533.047619047619,0.07142857142857142,0.3494318181818182,2.214649650660099,0.7226277372262774,34.806097560975616
112,2018-05-01,56.0,2079.0,21.0,0.13468013468013468,441.75,0.03571428571428571,0.4656084656084656,1.98265327362783,0.7577706323687031,25.087272727272726
112,2018-05-02,45.0,6705.0,21.0,0.17360178970917226,446.5777777777778,0.044444444444444446,0.3579418344519016,1.9573186115211318,0.9022658099425093,31.679545454545448
112,2018-05-03,52.0,2659.0,19.0,0.38510718315156073,498.78846153846155,0.15384615384615385,0.341481760060173,2.1601632620231572,0.7778716216216216,26.420588235294115
112,2018-05-04,35.0,856.0,21.0,0.3037383177570093,383.7878787878788,0.06060606060606061,0.36098130841121495,2.1704321887784994,0.5664893617021277,42.062745098039215
112,2018-05-05,34.0,651.0,18.0,0.3717357910906298,322.79411764705884,0.3235294117647059,0.3271889400921659,2.1355311301250564,0.5309090909090909,43.02424242424243
112,2018-05-06,36.0,880.0,16.0,0.3340909090909091,268.8285714285714,0.11428571428571428,0.38522727272727275,2.034201525213474,0.7109004739336493,39.59714285714285
112,2018-05-07,24.0,829.0,15.0,0.007237635705669481,375.2083333333333,0.125,0.4221954161640531,1.948869801475495,0.7590673575129534,59.780434782608715
112,2018-05-08,52.0,2496.0,22.0,0.20432692307692307,546.7884615384615,0.11538461538461539,0.29967948717948717,2.211246912735811,0.7449605609114811,26.948692810457516
112,2018-05-09,40.0,1634.0,21.0,0.7270501835985312,519.2307692307693,0.07692307692307693,0.32313341493268055,2.0431153116629583,0.663013698630137,36.07094017094017
112,2018-05-10,53.0,1136.0,21.0,0.2975352112676056,372.0192307692308,0.11538461538461539,0.34507042253521125,2.130831597004344,0.598825831702544,26.324358974358972
113,2018-01-20,2.0,19.0,3.0,0.0,83.0,0.0,0.6842105263157895,0.7659373365785205,0.8571428571428571,54.0
113,2018-01-21,7.0,148.0,7.0,0.10135135135135136,333.75,0.25,0.4797297297297297,1.2881241846016758,0.6338028169014085,136.02777777777777
114,2018-04-14,6.0,650.0,11.0,0.0,625.0,0.0,0.8584615384615385,0.6833549080375084,0.9675324675324676,22.163333333333334
114,2018-04-15,10.0,193.0,8.0,0.7253886010362695,148.9,0.5,0.27979274611398963,1.6880034916081854,0.7701149425287356,125.52777777777777
114,2018-04-16,12.0,156.0,10.0,0.28846153846153844,157.75,0.5,0.2692307692307692,1.9837282010881623,0.7285714285714285,96.57272727272726
114,2018-04-17,11.0,116.0,7.0,0.4396551724137931,9.272727272727273,0.7272727272727273,0.6206896551724138,1.130329542119517,0.8292682926829268,96.11166666666666
114,2018-04-18,1.0,2.0,1.0,1.0,86.0,0.0,1.0,0.0,0.0,0.0
114,2018-04-19,4.0,35.0,6.0,0.37142857142857144,13.25,0.5,0.6,1.248092244466433,1.0,208.33333333333337
114,2018-04-20,8.0,340.0,8.0,0.6529411764705882,141.5,0.5,0.7588235294117647,0.9539708360890019,0.9536423841059603,90.60952380952381
114,2018-04-21,5.0,22.0,5.0,0.5,5.75,0.75,0.3181818181818182,1.431552497210873,0.3333333333333333,160.75416666666666
114,2018-04-22,1.0,2.0,1.0,0.0,0.0,1.0,1.0,0.0,0.0,0.0
114,2018-04-23,2.0,9.0,6.0,1.0,30.0,0.0,0.3333333333333333,1.6769877743224173,0.0,23.333333333333332
114,2018-04-24,23.0,466.0,8.0,0.8090128755364807,236.0,0.5714285714285714,0.7360515021459227,0.8735781641860333,0.9678899082568807,33.732575757575766
114,2018-04-25,11.0,36.0,7.0,0.4166666666666667,95.875,0.25,0.5277777777777778,1.4707644975178003,0.2,65.44833333333334
114,2018-04-26,4.0,38.0,6.0,0.21052631578947367,52.5,0.5,0.3684210526315789,1.5887430728572083,0.4,399.7388888888889
114,2018-04-27,10.0,83.0,9.0,0.2289156626506024,131.22222222222223,0.2222222222222222,0.46987951807228917,1.680664617933714,0.78125,69.96666666666667
114,2018-04-28,7.0,377.0,9.0,0.04774535809018567,679.1666666666666,0.5,0.8222811671087533,0.8081863113028168,0.8920454545454546,134.38888888888889
114,2018-04-29,8.0,32.0,5.0,0.28125,19.0,0.42857142857142855,0.46875,1.4108139782101974,0.5,160.05952380952382
114,2018-04-30,9.0,84.0,12.0,0.15476190476190477,172.25,0.375,0.35714285714285715,1.938597230514028,0.6296296296296297,87.18958333333335
114,2018-05-01,10.0,58.0,9.0,0.8620689655172413,124.875,0.375,0.3103448275862069,1.847489562715549,0.4117647058823529,91.3685185185185
114,2018-05-02,11.0,67.0,7.0,0.7164179104477612,96.33333333333333,0.4444444444444444,0.4925373134328358,1.3020537374155894,0.6521739130434783,87.57333333333334
114,2018-05-03,7.0,307.0,8.0,0.0,336.85714285714283,0.14285714285714285,0.7785016286644951,0.8997423988299338,0.9115646258503401,33.13611111111111
114,2018-05-04,16.0,580.0,8.0,0.15172413793103448,121.1875,0.3125,0.7931034482758621,0.7897786424466451,0.9481481481481482,48.41555555555556
114,2018-05-05,20.0,402.0,9.0,0.47761194029850745,225.0,0.3333333333333333,0.746268656716418,1.000348753683757,0.9120879120879121,39.23859649122807
114,2018-05-06,6.0,195.0,6.0,0.035897435897435895,613.0,0.6666666666666666,0.9179487179487179,0.37894571806284744,0.9777777777777777,246.9833333333333
114,2018-05-07,11.0,223.0,7.0,0.968609865470852,192.75,0.5,0.8654708520179372,0.613971164914692,0.9223300970873787,58.404999999999994
114,2018-05-10,1.0,2.0,2.0,0.0,0.0,1.0,0.5,0.6931471805599453,0.0,0.0
115,2018-04-02,8.0,168.0,10.0,0.0,409.125,0.125,0.5,1.6388229696023582,0.7792207792207793,20.61666666666667
115,2018-04-03,53.0,6735.0,19.0,0.05998515219005197,332.37735849056605,0.33962264150943394,0.24261321455085375,2.266575023436033,0.9449208443271768,27.536858974358974
115,2018-04-04,56.0,9993.0,17.0,0.2949064345041529,362.19642857142856,0.23214285714285715,0.22725908135694986,2.2742978112691667,0.9629213483146067,25.800909090909094
115,2018-04-05,44.0,8427.0,17.0,0.23709505161979352,504.75,0.25,0.3071081049009137,2.050844679707597,0.951769406392694,32.98255813953488
115,2018-04-06,46.0,5805.0,18.0,0.13333333333333333,455.5869565217391,0.391304347826087,0.27906976744186046,2.1209054824844085,0.9345833333333333,31.391481481481485
115,2018-04-07,50.0,1396.0,14.0,0.37679083094555876,257.7083333333333,0.4375,0.4383954154727794,1.7216598271353551,0.8469656992084432,28.74115646258504
115,2018-04-08,42.0,638.0,15.0,0.12539184952978055,264.5945945945946,0.1891891891891892,0.30094043887147337,1.9237159118859208,0.7647058823529411,34.82642276422764
115,2018-04-09,41.0,654.0,13.0,0.15749235474006115,677.5862068965517,0.13793103448275862,0.4847094801223242,1.72246948670352,0.547945205479452,34.29
115,2018-04-10,31.0,546.0,15.0,0.5091575091575091,641.6,0.2,0.23992673992673993,2.1446137647623766,0.6451612903225806,47.70833333333333
115,2018-04-11,57.0,1419.0,18.0,0.1226215644820296,459.7708333333333,0.20833333333333334,0.19309372797744892,2.3219742614697303,0.6723259762308998,25.47232142857143
115,2018-04-12,51.0,1683.0,15.0,0.09803921568627451,337.5869565217391,0.2391304347826087,0.22875816993464052,2.14408799168526,0.8225806451612904,28.39633333333333
115,2018-04-13,69.0,2581.0,19.0,0.16892677256877178,288.8970588235294,0.1323529411764706,0.22006974041069352,2.252820006159452,0.8663716814159292,21.139705882352942
115,2018-04-14,49.0,7135.0,16.0,0.1807988787666433,303.265306122449,0.30612244897959184,0.24260686755430974,2.053328166259104,0.9638810198300283,29.699305555555554
115,2018-04-15,50.0,3769.0,18.0,0.4873971875829132,308.88,0.26,0.31042716901034756,2.1401199371279644,0.9270304568527918,28.909523809523808
115,2018-04-16,57.0,6630.0,17.0,0.07209653092006033,230.47368421052633,0.3508771929824561,0.1636500754147813,2.3376968890570766,0.9416722859069454,25.541666666666664
115,2018-04-17,52.0,6434.0,16.0,0.14019272614236866,399.78846153846155,0.2692307692307692,0.19490208268573206,2.3134272324671006,0.9270251396648045,27.551633986928103
115,2018-04-18,53.0,3696.0,17.0,0.24053030303030304,419.1320754716981,0.20754716981132076,0.24134199134199133,2.1096380730626647,0.9091580502215657,27.623397435897434
115,2018-04-19,62.0,1593.0,20.0,0.386691776522285,374.037037037037,0.16666666666666666,0.24356559949780288,2.3306811218589356,0.7103825136612022,23.50409836065574
115,2018-04-20,56.0,931.0,15.0,0.13533834586466165,403.7755102040816,0.12244897959183673,0.317937701396348,1.9860525940681428,0.6274509803921569,26.145757575757575
115,2018-04-21,42.0,1161.0,16.0,0.3031869078380706,506.8292682926829,0.12195121951219512,0.3281653746770026,1.9990355274497575,0.625,33.15406504065041
115,2018-04-22,40.0,928.0,16.0,0.05495689655172414,431.0810810810811,0.21621621621621623,0.24892241379310345,2.0275491158320715,0.7320099255583127,30.72606837606838
115,2018-04-23,40.0,1067.0,15.0,0.22305529522024367,453.9230769230769,0.20512820512820512,0.4723523898781631,1.797222758881923,0.721868365180467,29.86923076923077
116,2018-03-31,27.0,4976.0,12.0,0.0,704.4814814814815,0.07407407407407407,0.5544614147909968,1.3655350010030505,0.9436274509803921,25.128846153846155
116,2018-04-01,57.0,6921.0,16.0,0.20575061407311082,427.56140350877195,0.12280701754385964,0.4497904927033666,1.7361045936776711,0.9280597014925374,25.350595238095234
116,2018-04-02,51.0,5604.0,17.0,0.05460385438972163,518.4509803921569,0.13725490196078433,0.502498215560314,1.586875304024114,0.9252852410747148,28.306000000000004
116,2018-04-03,56.0,9450.0,15.0,0.05164021164021164,354.25,0.10714285714285714,0.4633862433862434,1.7784836665961474,0.9513008672448299,25.724242424242426
116,2018-04-04,50.0,16647.0,16.0,0.12572835946416772,584.38,0.06,0.5543941851384634,1.4263420592614875,0.9790608350885888,29.19829931972789
116,2018-04-05,56.0,18502.0,17.0,0.22916441465787482,565.8928571428571,0.14285714285714285,0.5265917198140742,1.474315328227804,0.9744960463303263,25.58969696969697
116,2018-04-06,42.0,12898.0,17.0,0.0821832842301132,762.6904761904761,0.16666666666666666,0.42510466739029307,1.837947720587866,0.9503670603255665,34.68902439024391
116,2018-04-07,52.0,9179.0,15.0,0.19544612702908815,541.0192307692307,0.09615384615384616,0.5772960017431092,1.4486780838756699,0.9478630566122175,27.606209150326798
116,2018-04-08,48.0,5781.0,17.0,0.23386957273828057,573.8541666666666,0.0625,0.5490399584846912,1.5230796096347197,0.913658881811748,30.47304964539007
116,2018-04-09,66.0,5181.0,17.0,0.15460335842501446,402.7878787878788,0.07575757575757576,0.5178536961976452,1.5015362140469246,0.9181170886075949,21.743333333333336
116,2018-04-10,44.0,2185.0,15.0,0.33638443935926776,645.225,0.075,0.5450800915331808,1.4938450226437319,0.8007590132827325,33.02015503875969
116,2018-04-11,43.0,3489.0,13.0,0.13986815706506162,685.9767441860465,0.06976744186046512,0.5196331327027802,1.514483111140638,0.8801410105757932,34.211111111111116
116,2018-04-12,58.0,7790.0,14.0,0.11925545571245186,459.0,0.15517241379310345,0.4833119383825417,1.5668972209871594,0.9452418926103137,25.05964912280702
116,2018-04-13,49.0,5034.0,15.0,0.29419944378228047,515.0204081632653,0.04081632653061224,0.40762812872467225,1.7284456854555446,0.9230454359394188,29.805555555555554
116,2018-04-14,58.0,7248.0,14.0,0.14804083885209712,479.8448275862069,0.06896551724137931,0.5169701986754967,1.308236468019286,0.9307909604519774,24.892397660818716
116,2018-04-15,39.0,4828.0,16.0,0.19117647058823528,549.8974358974359,0.02564102564102564,0.47659486329743167,1.668935972864738,0.9238621863037005,32.82368421052631
116,2018-04-16,49.0,6639.0,12.0,0.16237385148365718,615.3265306122449,0.08163265306122448,0.4914896821810514,1.4201367342626867,0.9254237288135593,26.189236111111114
116,2018-04-17,55.0,9730.0,16.0,0.16906474820143885,512.8,0.09090909090909091,0.3680369989722508,1.7195096809635775,0.9502750740584004,25.82839506172839
116,2018-04-18,44.0,12267.0,19.0,0.2181462460259232,713.5813953488372,0.09302325581395349,0.289068231841526,1.957184556017231,0.9525153577951188,33.19418604651163
116,2018-04-19,58.0,1585.0,14.0,0.2605678233438486,540.7636363636364,0.05454545454545454,0.4416403785488959,1.5459723127927405,0.7135483870967742,24.88157894736842
116,2018-04-20,11.0,311.0,8.0,1.0,475.72727272727275,0.0,0.4983922829581994,1.2258344429764683,0.7320261437908496,18.111666666666665
117,2018-01-25,5.0,101.0,4.0,1.0,263.4,0.2,0.8217821782178217,0.6356504915586227,0.7755102040816326,32.545833333333334
117,2018-01-27,16.0,149.0,5.0,0.4966442953020134,183.71428571428572,0.35714285714285715,0.38926174496644295,1.370165084618436,0.7972972972972973,73.27222222222221
118,2018-01-21,4.0,126.0,9.0,0.0,590.5,0.25,0.4126984126984127,1.419301306438372,0.8596491228070176,31.51666666666667
118,2018-01-22,22.0,699.0,17.0,0.6638054363376252,622.8636363636364,0.09090909090909091,0.38912732474964234,2.070162640273533,0.7774193548387097,60.938888888888904
119,2017-09-09,19.0,245.0,10.0,0.0,260.1764705882353,0.0,0.47346938775510206,1.7625411062148821,0.7657657657657657,16.634259259259256
119,2017-09-10,38.0,703.0,16.0,0.07112375533428165,163.94594594594594,0.10810810810810811,0.31436699857752487,2.1297290650380267,0.821656050955414,27.42612612612612
119,2017-09-11,27.0,843.0,14.0,0.0,325.03846153846155,0.15384615384615385,0.47568208778173193,1.7977170772238094,0.7832512315270936,24.141025641025642
119,2017-09-12,46.0,570.0,16.0,0.03684210526315789,265.31111111111113,0.08888888888888889,0.21403508771929824,2.221814452715069,0.5758754863813229,24.219629629629633
119,2017-09-13,24.0,436.0,13.0,0.009174311926605505,335.85714285714283,0.14285714285714285,0.24770642201834864,2.147760304846153,0.5476190476190477,46.86159420289855
119,2017-09-14,47.0,806.0,14.0,0.0024813895781637717,307.24444444444447,0.2,0.3014888337468983,2.0839879247414705,0.6307277628032345,23.730797101449273
119,2017-09-15,8.0,101.0,12.0,0.0,303.0,0.0,0.25742574257425743,2.0215034671985697,0.5869565217391305,31.226190476190478
119,2018-01-05,26.0,504.0,9.0,0.0,96.3076923076923,0.3076923076923077,0.3611111111111111,1.6787880469198146,0.8884297520661157,22.339333333333332
119,2018-01-06,46.0,2125.0,18.0,0.07764705882352942,431.10869565217394,0.13043478260869565,0.21835294117647058,2.3513596827927583,0.7853560682046138,31.0862962962963
119,2018-01-07,44.0,775.0,15.0,0.02838709677419355,280.9047619047619,0.09523809523809523,0.26838709677419353,2.199552191505021,0.6612021857923497,29.815503875968997
119,2018-01-09,39.0,1012.0,18.0,0.0,357.25,0.16666666666666666,0.1551383399209486,2.3656291421239306,0.7292110874200426,22.469736842105263
119,2018-01-10,33.0,668.0,14.0,0.0,280.28125,0.0625,0.1781437125748503,2.1701722966120163,0.673202614379085,22.35625
119,2018-01-11,41.0,5885.0,17.0,0.0,282.5121951219512,0.17073170731707318,0.7855564995751911,0.9923905528757768,0.9652323580034423,23.041249999999998
119,2018-01-12,36.0,1117.0,17.0,0.34914950760966873,341.3529411764706,0.058823529411764705,0.3088630259623993,2.0335656352999187,0.7495327102803738,40.52666666666667
119,2018-01-13,41.0,619.0,15.0,0.34894991922455576,217.72222222222223,0.2222222222222222,0.2859450726978998,2.1367836584671283,0.6338983050847458,34.69875
119,2018-01-14,33.0,425.0,13.0,0.0,181.1875,0.1875,0.2776470588235294,1.8715639292666868,0.68,22.45729166666667
119,2018-01-15,8.0,78.0,7.0,0.46153846153846156,193.875,0.125,0.41025641025641024,1.541555204994737,0.6388888888888888,84.6952380952381
119,2018-01-21,31.0,421.0,14.0,0.0,264.4642857142857,0.21428571428571427,0.3657957244655582,1.9412063427887196,0.6217616580310881,27.044444444444448
119,2018-01-22,28.0,371.0,15.0,0.0,252.92307692307693,0.23076923076923078,0.3557951482479784,2.065099936143972,0.6761363636363636,37.70370370370371
119,2018-01-23,33.0,782.0,16.0,0.0012787723785166241,348.21875,0.125,0.24680306905370844,2.0546831722162517,0.5883977900552486,33.81197916666667
120,2018-04-01,31.0,298.0,13.0,0.1610738255033557,263.5833333333333,0.125,0.4228187919463087,1.932195039508243,0.6756756756756757,40.61666666666667
121,2018-04-01,4.0,50.0,6.0,0.0,494.6666666666667,0.0,0.4,1.569988818387952,0.7142857142857143,14.527777777777779
121,2018-04-02,49.0,2283.0,18.0,0.1279018834866404,360.14285714285717,0.24489795918367346,0.2855891371003066,2.3827489190353264,0.8837448559670782,29.009027777777778
121,2018-04-03,6.0,859.0,7.0,0.5180442374854481,770.0,0.2,0.9359720605355064,0.3300498460213632,0.9882629107981221,60.92666666666666
122,2018-04-09,2.0,44.0,5.0,0.0,147.5,0.0,0.3409090909090909,1.3120821386972916,0.42105263157894735,9.95
122,2018-04-11,1.0,6.0,2.0,0.0,66.0,0.0,0.8333333333333334,0.45056120886630463,1.0,0.0
122,2018-04-17,6.0,19.0,4.0,0.7894736842105263,60.5,0.5,0.5263157894736842,1.0937704472491416,0.7142857142857143,253.21666666666664
122,2018-04-18,4.0,57.0,4.0,0.6491228070175439,198.75,0.25,0.45614035087719296,1.0720165959770034,0.5555555555555556,267.5388888888889
122,2018-04-19,1.0,3.0,2.0,0.0,80.0,0.0,0.6666666666666666,0.6365141682948128,0.0,0.0
122,2018-04-20,1.0,2.0,1.0,0.0,5.0,1.0,1.0,0.0,0.0,0.0
122,2018-04-23,1.0,2.0,1.0,1.0,7.0,1.0,1.0,0.0,0.0,0.0
122,2018-04-26,1.0,2.0,1.0,0.0,7.0,1.0,1.0,0.0,0.0,0.0
122,2018-05-01,2.0,33.0,4.0,0.0,235.5,0.0,0.42424242424242425,1.1874419149404192,0.7692307692307693,94.06666666666666
122,2018-05-02,26.0,483.0,6.0,0.3498964803312629,113.0,0.16,0.8178053830227743,0.6907995134924695,0.8634361233480177,54.15599999999999
122,2018-05-03,7.0,92.0,3.0,0.20652173913043478,61.714285714285715,0.2857142857142857,0.75,0.6070463727980202,0.7857142857142857,203.8833333333333
122,2018-05-04,4.0,60.0,3.0,0.9666666666666667,249.25,0.25,0.5333333333333333,1.0143919935751258,0.8620689655172413,76.24444444444445
122,2018-05-09,3.0,37.0,5.0,0.0,198.0,0.0,0.5405405405405406,1.1107526696502892,0.4375,14.808333333333334
122,2018-05-10,4.0,9.0,3.0,0.0,14.0,0.5,0.4444444444444444,0.9649629230074277,1.0,91.88333333333333
123,2017-09-20,3.0,34.0,5.0,0.0,178.0,0.0,0.4117647058823529,1.395498677715188,0.5,18.216666666666665
123,2017-09-21,7.0,86.0,3.0,0.0,133.85714285714286,0.5714285714285714,0.4186046511627907,1.0786340166813146,0.7435897435897436,53.11666666666667
124,2018-04-18,51.0,1098.0,13.0,0.0,283.94117647058823,0.27450980392156865,0.3333333333333333,1.944288522836986,0.8030973451327433,14.267999999999999
124,2018-04-19,37.0,1031.0,13.0,0.5897187196896218,441.0571428571429,0.14285714285714285,0.4742967992240543,1.6953328512027221,0.7931818181818182,39.60046296296297
124,2018-04-20,35.0,790.0,15.0,0.4544303797468354,733.4827586206897,0.10344827586206896,0.24936708860759493,2.1942191336935313,0.6688963210702341,34.17696078431373
125,2018-04-10,17.0,285.0,10.0,0.0,111.3529411764706,0.5294117647058824,0.37894736842105264,1.7214625725599564,0.8974358974358975,40.25625
125,2018-04-11,16.0,677.0,11.0,0.24076809453471196,183.125,0.375,0.2865583456425406,2.0007314077086855,0.8976897689768977,88.83888888888889
125,2018-04-12,24.0,389.0,13.0,0.532133676092545,186.75,0.4,0.2622107969151671,1.8861826792745233,0.8362573099415205,58.81884057971015
125,2018-04-13,7.0,27.0,5.0,0.18518518518518517,156.25,0.0,0.3333333333333333,1.4553877364020678,0.4444444444444444,120.9972222222222
125,2018-04-15,14.0,563.0,13.0,0.0,225.07142857142858,0.35714285714285715,0.19182948490230906,2.2163467293106276,0.8884615384615384,36.38461538461539
125,2018-04-16,27.0,1396.0,13.0,0.14756446991404013,206.07407407407408,0.4444444444444444,0.2614613180515759,2.133356680593422,0.9353312302839116,53.15641025641026
125,2018-04-17,21.0,458.0,10.0,0.27729257641921395,44.23809523809524,0.42857142857142855,0.44541484716157204,1.4932043277845704,0.95,68.30833333333334
125,2018-04-18,29.0,1359.0,10.0,0.20088300220750552,162.3793103448276,0.4482758620689655,0.48491537895511405,1.5775422818532685,0.9513888888888888,50.93095238095238
125,2018-04-19,9.0,114.0,6.0,0.8771929824561403,112.77777777777777,0.2222222222222222,0.6052631578947368,1.1885275360785963,0.813953488372093,89.26458333333333
125,2018-04-21,13.0,217.0,9.0,0.0,251.91666666666666,0.16666666666666666,0.4377880184331797,1.6744165921276262,0.8064516129032258,27.529166666666658
125,2018-04-22,30.0,304.0,12.0,0.21052631578947367,153.03703703703704,0.25925925925925924,0.28289473684210525,2.0444582482378104,0.6946564885496184,44.63793103448276
125,2018-04-23,11.0,262.0,10.0,0.0,115.0,0.3,0.48091603053435117,1.3943745286124898,0.9009009009009009,59.35
125,2018-04-24,21.0,657.0,13.0,0.771689497716895,123.19047619047619,0.47619047619047616,0.6727549467275494,1.1386417274825371,0.9473684210526315,71.45499999999998
125,2018-04-25,13.0,260.0,9.0,0.023076923076923078,171.63636363636363,0.45454545454545453,0.4076923076923077,1.6417267398883781,0.8888888888888888,117.93194444444443
125,2018-04-26,31.0,431.0,12.0,0.2552204176334107,107.72413793103448,0.4827586206896552,0.4037122969837587,1.761415457866653,0.8253968253968254,46.211111111111116
125,2018-04-27,18.0,163.0,10.0,0.5337423312883436,160.25,0.1875,0.31901840490797545,1.7638176071044778,0.8285714285714286,64.3156862745098
125,2018-04-29,9.0,47.0,6.0,0.0,127.2,0.0,0.3829787234042553,1.33497429988782,0.7058823529411765,26.02708333333333
125,2018-04-30,25.0,213.0,11.0,0.03755868544600939,386.46666666666664,0.06666666666666667,0.3427230046948357,1.7810141352688793,0.7407407407407407,47.40694444444444
125,2018-05-02,4.0,34.0,5.0,0.0,76.33333333333333,0.0,0.6470588235294118,1.085725367508723,0.8461538461538461,47.82777777777778
125,2018-05-03,18.0,117.0,12.0,0.26495726495726496,319.875,0.0,0.3418803418803419,1.9257014119108153,0.7346938775510204,63.34999999999999
125,2018-05-04,4.0,13.0,4.0,0.0,143.0,0.0,0.6153846153846154,1.0317671113505356,1.0,21.62777777777778
125,2018-05-05,28.0,207.0,8.0,0.2318840579710145,209.0,0.2857142857142857,0.6086956521739131,1.1091320412735475,0.8823529411764706,49.858024691358025
126,2018-01-20,10.0,48.0,8.0,0.0,46.166666666666664,0.3333333333333333,0.3958333333333333,1.4688379783140169,0.6111111111111112,43.903703703703705
126,2018-01-21,21.0,897.0,21.0,0.21627647714604237,314.0,0.35,0.19063545150501673,2.3953681034048095,0.8352402745995423,60.798333333333325
127,2018-04-02,40.0,1898.0,15.0,0.04636459430979979,363.05128205128204,0.1794871794871795,0.46944151738672285,1.7340453224248895,0.8875,31.068376068376057
127,2018-04-03,36.0,921.0,10.0,0.6036916395222585,256.625,0.21875,0.41150922909880566,1.7060508450617113,0.7795698924731183,31.686190476190475
128,2018-01-16,7.0,136.0,8.0,0.0,175.57142857142858,0.2857142857142857,0.7279411764705882,1.0810277433966755,0.746268656716418,22.99722222222222
128,2018-01-17,47.0,2534.0,15.0,0.35398579321231255,343.31111111111113,0.26666666666666666,0.46093133385951063,1.8322898434964292,0.8729773462783171,30.996014492753616
128,2018-01-18,4.0,48.0,8.0,0.4166666666666667,204.25,0.25,0.375,1.755042979584493,0.5238095238095238,414.7
128,2018-01-19,45.0,2193.0,13.0,0.4122207022343821,245.88888888888889,0.3333333333333333,0.5827633378932968,1.5571893175051619,0.872794800371402,32.60909090909091
128,2018-01-20,39.0,1993.0,13.0,0.020572002007024585,249.92307692307693,0.3076923076923077,0.5418966382338184,1.5850750846283974,0.8512820512820513,36.7188596491228
128,2018-01-21,35.0,1258.0,12.0,0.09062003179650238,339.6666666666667,0.21212121212121213,0.604133545310016,1.4726857401103812,0.7703583061889251,37.72990196078432
128,2018-03-28,1.0,175.0,4.0,0.0,543.0,0.0,0.84,0.5925818619793484,0.9186046511627907,0.0
128,2018-03-29,23.0,2054.0,17.0,0.43670886075949367,274.7826086956522,0.2608695652173913,0.2667964946445959,2.1941986265385816,0.8916750250752257,64.25530303030304
128,2018-03-30,4.0,259.0,9.0,0.9961389961389961,513.3333333333334,0.0,0.5482625482625483,1.1407567437598838,0.8650793650793651,442.2222222222222
128,2018-03-31,29.0,721.0,12.0,0.5825242718446602,224.04347826086956,0.043478260869565216,0.3550624133148405,1.6796946951831675,0.7175141242937854,45.1702380952381
128,2018-04-14,1.0,12.0,4.0,0.0,105.0,0.0,0.4166666666666667,1.236684869140504,0.6,0.0
128,2018-04-16,1.0,1.0,1.0,0.0,0.0,0.0,1.0,0.0,0.0,0.0
128,2018-04-17,1.0,8.0,1.0,0.0,0.0,1.0,1.0,0.0,1.0,0.0
129,2018-05-14,4.0,1560.0,10.0,0.0,743.25,0.0,0.45897435897435895,1.6081766368793295,0.8058252427184466,70.85
129,2018-05-15,32.0,2637.0,18.0,0.0,476.59375,0.09375,0.3333333333333333,2.0180036616977444,0.6365914786967418,35.43010752688172
129,2018-05-16,43.0,3574.0,16.0,0.0408505875769446,413.3953488372093,0.0,0.31225517627308336,1.8244459127905834,0.6138433515482696,32.726984126984135
129,2018-05-17,9.0,154.0,12.0,0.15584415584415584,181.66666666666666,0.2222222222222222,0.3246753246753247,2.0063426177639947,0.49206349206349204,65.02291666666666
130,2018-04-06,31.0,510.0,13.0,0.0,201.41935483870967,0.3870967741935484,0.6607843137254902,1.334423327420273,0.9240506329113924,36.100555555555545
130,2018-04-07,68.0,3336.0,19.0,0.2092326139088729,278.1641791044776,0.26865671641791045,0.21612709832134291,2.1041844088774293,0.8919597989949749,20.80223880597015
130,2018-04-08,17.0,401.0,13.0,0.2518703241895262,148.23529411764707,0.47058823529411764,0.41895261845386533,1.8088509719528303,0.8287292817679558,57.70104166666666
131,2018-05-01,17.0,427.0,14.0,0.0,633.25,0.0,0.38173302107728335,1.8838189157427268,0.6581632653061225,37.59583333333333
131,2018-05-02,31.0,1017.0,18.0,0.17010816125860373,485.2903225806452,0.06451612903225806,0.33136676499508355,2.233553349624137,0.6646216768916156,46.49944444444444
131,2018-05-03,32.0,3935.0,15.0,0.05972045743329098,440.125,0.09375,0.2599745870393901,2.370944971932124,0.9208672086720867,45.994623655913976
131,2018-05-04,31.0,2550.0,15.0,0.49607843137254903,590.6129032258065,0.16129032258064516,0.3572549019607843,2.118564376635452,0.8396694214876033,47.25555555555557
131,2018-05-05,24.0,1339.0,12.0,0.19716206123973115,437.625,0.08333333333333333,0.5489171023151606,1.5723307649459553,0.8031007751937984,45.6413043478261
131,2018-05-06,29.0,1422.0,13.0,0.07383966244725738,373.9310344827586,0.20689655172413793,0.4578059071729958,1.8003259078365408,0.8804841149773072,45.40059523809524
131,2018-05-07,23.0,1768.0,14.0,0.4824660633484163,606.8260869565217,0.0,0.3009049773755656,2.188433855620959,0.8375757575757575,64.42121212121212
131,2018-05-08,24.0,2714.0,15.0,0.13927781871775977,826.7083333333334,0.25,0.340825350036846,2.060821939757986,0.8813694267515924,58.54710144927536
131,2018-05-09,33.0,3041.0,16.0,0.40480105228543245,737.375,0.15625,0.4222295297599474,1.8957137709619967,0.8398091342876619,43.978125
131,2018-05-10,11.0,281.0,12.0,0.02491103202846975,297.54545454545456,0.0,0.33451957295373663,1.9865919500770002,0.8333333333333334,119.10666666666665
131,2018-05-11,20.0,1156.0,15.0,0.1522491349480969,556.15,0.15,0.5873702422145328,1.586456243412224,0.8096118299445472,66.1061403508772
131,2018-05-12,33.0,2309.0,13.0,0.1494153313122564,488.0,0.12121212121212122,0.35253356431355565,1.6053400233836326,0.8896797153024911,37.8640625
131,2018-05-13,10.0,281.0,12.0,0.6725978647686833,590.6666666666666,0.0,0.3274021352313167,1.8281930274145068,0.5597014925373134,74.96481481481482
132,2018-04-14,3.0,38.0,2.0,0.0,95.66666666666667,0.6666666666666666,0.631578947368421,0.6581099875431143,0.8333333333333334,218.125
132,2018-04-15,6.0,124.0,5.0,0.20967741935483872,173.0,0.16666666666666666,0.27419354838709675,1.4440225221961305,0.9137931034482759,280.21999999999997
132,2018-04-16,5.0,34.0,6.0,0.0,65.75,0.0,0.29411764705882354,1.6766961325918528,0.6666666666666666,139.32916666666665
133,2018-04-07,23.0,2429.0,14.0,0.0,283.5652173913044,0.08695652173913043,0.4256895841910251,1.7467958236298933,0.898981324278438,27.281818181818185
133,2018-04-08,30.0,5542.0,16.0,0.4960303139660772,473.43333333333334,0.16666666666666666,0.3448213641284735,1.9290704083954011,0.8966679146387121,48.30172413793104
133,2018-04-09,2.0,21.0,2.0,1.0,457.5,0.0,0.9523809523809523,0.19144408195771734,1.0,24.8
133,2018-04-13,1.0,25.0,5.0,0.0,321.0,0.0,0.48,1.3188394881312493,0.5454545454545454,0.0
133,2018-04-14,22.0,765.0,14.0,0.30718954248366015,363.8181818181818,0.3181818181818182,0.3934640522875817,1.9146591255150949,0.712707182320442,66.40555555555555
133,2018-04-15,27.0,1374.0,12.0,0.17685589519650655,200.8148148148148,0.2222222222222222,0.5735080058224163,1.4349125986033848,0.8900763358778626,54.3423076923077
133,2018-04-16,33.0,1280.0,13.0,0.3375,243.75757575757575,0.24242424242424243,0.44921875,1.706635241079176,0.802065404475043,40.251041666666666
133,2018-04-17,38.0,774.0,9.0,0.24935400516795866,169.57894736842104,0.18421052631578946,0.4625322997416021,1.7207920080294845,0.7783783783783784,38.737387387387386
133,2018-04-18,35.0,400.0,12.0,0.1075,224.05882352941177,0.20588235294117646,0.3575,1.8525165617012398,0.5879120879120879,41.9656862745098
133,2018-04-19,32.0,927.0,14.0,0.2837108953613808,202.25,0.28125,0.45307443365695793,1.797934878745968,0.8246013667425968,45.33440860215054
133,2018-04-20,40.0,483.0,15.0,0.38095238095238093,188.54054054054055,0.1891891891891892,0.5548654244306418,1.6435852407713658,0.7217391304347827,36.909401709401706
133,2018-04-21,29.0,508.0,10.0,0.30708661417322836,217.53846153846155,0.23076923076923078,0.2755905511811024,1.896927201067291,0.6284403669724771,50.15833333333334
133,2018-04-22,20.0,713.0,9.0,0.3870967741935484,198.15,0.15,0.4123422159887798,1.5185375634556866,0.8173913043478261,61.07456140350877
134,2018-04-24,7.0,41.0,5.0,1.0,214.33333333333334,0.16666666666666666,0.3170731707317073,1.442339281826359,0.5789473684210527,24.938888888888886
135,2018-04-23,12.0,367.0,11.0,0.0,241.0,0.09090909090909091,0.4904632152588556,1.5641952255727052,0.75,15.093939393939392
135,2018-04-24,66.0,4631.0,18.0,0.16605484776506155,361.9848484848485,0.21212121212121213,0.3191535305549557,2.171637679017179,0.7378815080789947,22.00025641025641
135,2018-04-25,52.0,2673.0,18.0,0.2936775158997381,499.61538461538464,0.1346153846153846,0.21922933034044145,2.3490994181652876,0.7387529597474349,25.30522875816994
136,2018-01-06,13.0,718.0,10.0,0.0,591.4615384615385,0.07692307692307693,0.6462395543175488,1.2158580861781603,0.8169014084507042,33.57083333333333
136,2018-01-07,14.0,174.0,8.0,0.0,235.66666666666666,0.25,0.3103448275862069,1.6758239452488102,0.7926829268292683,38.650000000000006
136,2018-01-15,12.0,417.0,10.0,0.0,537.4545454545455,0.09090909090909091,0.5995203836930456,1.2060456401805622,0.8676470588235294,47.86666666666667
136,2018-01-16,29.0,1682.0,13.0,0.06837098692033294,599.2142857142857,0.14285714285714285,0.49048751486325803,1.4743040463592059,0.8401442307692307,48.48273809523808
136,2018-01-17,2.0,98.0,6.0,0.5510204081632653,570.0,0.0,0.3469387755102041,1.4812973949738664,0.7291666666666666,269.56666666666666
136,2018-01-18,5.0,308.0,6.0,0.0,894.0,0.0,0.7727272727272727,0.7586805937045317,0.8733333333333333,24.304166666666664
136,2018-01-19,29.0,647.0,13.0,0.0,344.65384615384613,0.11538461538461539,0.47295208655332305,1.664019242543222,0.7151898734177216,31.795238095238098
136,2018-01-20,16.0,175.0,7.0,0.0,236.57142857142858,0.35714285714285715,0.38857142857142857,1.469307484152319,0.7976190476190477,39.90444444444446
136,2018-01-21,9.0,203.0,8.0,0.2955665024630542,283.6666666666667,0.1111111111111111,0.4729064039408867,1.6147871045218385,0.7575757575757576,91.85416666666667
136,2018-01-22,8.0,354.0,7.0,0.0,647.375,0.125,0.4463276836158192,1.1825071424659923,0.7657142857142857,51.55952380952381
136,2018-01-23,30.0,2027.0,8.0,0.003946719289590528,479.26666666666665,0.03333333333333333,0.7123828317710903,0.9966029094349566,0.9166666666666666,46.98275862068966
136,2018-01-24,1.0,16.0,2.0,0.0,364.0,0.0,0.75,0.5623351446188083,0.8571428571428571,0.0
136,2018-01-25,10.0,514.0,6.0,0.0,559.3,0.1,0.5311284046692607,1.0159538699224138,0.8582677165354331,57.73148148148149
136,2018-01-26,20.0,1314.0,11.0,0.16057838660578386,835.0,0.0,0.624048706240487,1.1759132895237503,0.848159509202454,46.430701754385964
136,2018-01-27,12.0,198.0,3.0,0.0,324.3333333333333,0.0,0.5656565656565656,0.90733223686041,0.845360824742268,17.069696969696967
136,2018-01-28,28.0,372.0,10.0,0.02956989247311828,321.95454545454544,0.09090909090909091,0.3817204301075269,1.7740563485467633,0.6534090909090909,35.1037037037037
136,2018-01-30,17.0,1052.0,8.0,0.0,730.8823529411765,0.11764705882352941,0.6254752851711026,1.060801802946892,0.781190019193858,25.896875
136,2018-01-31,27.0,529.0,12.0,0.29867674858223064,429.88461538461536,0.15384615384615385,0.44045368620037806,1.5028898831613071,0.7587548638132295,36.841025641025645
137,2018-03-29,58.0,2113.0,17.0,0.03928064363464269,280.84,0.16,0.2252721249408424,2.1701446276981353,0.8904823989569752,22.880701754385967
137,2018-03-30,48.0,12405.0,21.0,0.25199516324062876,494.5,0.3125,0.26771463119709793,2.2247231500480993,0.9473899692937564,29.81560283687943
137,2018-03-31,54.0,7676.0,18.0,0.1950234497133924,345.3333333333333,0.25925925925925924,0.3688118811881188,1.9135207128213778,0.9431783652385293,26.399056603773587
137,2018-04-01,41.0,6569.0,17.0,0.41680621099101844,493.2926829268293,0.2926829268292683,0.5600548028619272,1.5383873561447785,0.9612403100775194,34.93
137,2018-04-02,42.0,6108.0,17.0,0.15880812049770793,437.8333333333333,0.2619047619047619,0.3100851342501637,1.9822925186513687,0.9379652605459057,34.78292682926829
137,2018-04-03,44.0,16411.0,16.0,0.28937907501066357,688.0909090909091,0.1590909090909091,0.2040704405581622,2.0957297999096083,0.9336367640581412,33.18333333333334
137,2018-04-04,61.0,6458.0,19.0,0.5730876432331992,412.5409836065574,0.22950819672131148,0.384639207184887,1.844513136563523,0.8888500524292205,23.812777777777782
137,2018-04-05,44.0,1321.0,14.0,0.04769114307342922,500.875,0.225,0.4201362604087812,1.8018873444312615,0.7797270955165692,33.297286821705434
137,2018-04-06,59.0,2746.0,14.0,0.4009468317552804,328.8474576271187,0.22033898305084745,0.2833211944646759,1.7983714157163977,0.8139963167587477,24.288505747126436
137,2018-04-07,51.0,2552.0,13.0,0.15634796238244514,338.8235294117647,0.39215686274509803,0.2817398119122257,1.9288549535352464,0.7992315081652257,27.71899999999999
137,2018-04-08,44.0,1881.0,16.0,0.2126528442317916,298.9047619047619,0.3333333333333333,0.30515683147262096,2.0065801810316595,0.8258575197889182,29.784108527131778
137,2018-04-09,54.0,2630.0,17.0,0.5992395437262358,222.74074074074073,0.2777777777777778,0.5608365019011406,1.5109685807650441,0.9069565217391304,25.86132075471698
137,2018-04-10,51.0,3944.0,18.0,0.348630831643002,433.4117647058824,0.17647058823529413,0.20892494929006086,2.104146604639561,0.8279773156899811,27.94366666666667
137,2018-04-11,70.0,2406.0,17.0,0.3329177057356609,261.3768115942029,0.3188405797101449,0.2169576059850374,2.0949635284576105,0.8227722772277227,20.20845410628019
137,2018-04-12,63.0,2227.0,17.0,0.22721149528513696,196.0983606557377,0.36065573770491804,0.31477323753929054,1.8801478719407898,0.783419689119171,22.758602150537637
137,2018-04-13,44.0,1057.0,20.0,0.37464522232734154,243.5581395348837,0.37209302325581395,0.3339640491958373,2.1354534991532796,0.7679814385150812,33.26744186046512
137,2018-04-14,81.0,2123.0,14.0,0.2213848327837965,180.80246913580248,0.41975308641975306,0.3570419218087612,1.9033277422639312,0.8633754305396096,17.982083333333332
137,2018-04-15,47.0,1215.0,15.0,0.31275720164609055,515.8684210526316,0.15789473684210525,0.24773662551440329,2.106508679107137,0.7123015873015873,31.02210144927536
137,2018-04-16,63.0,3163.0,20.0,0.21087575086942775,403.8095238095238,0.2698412698412698,0.4302877015491622,2.0087790653326314,0.8508371385083714,22.558602150537634
137,2018-04-17,45.0,1844.0,20.0,0.14913232104121474,605.4615384615385,0.23076923076923078,0.3378524945770065,2.082987392076696,0.7305764411027569,32.44583333333333
137,2018-04-18,61.0,8976.0,20.0,0.17569073083778966,446.72131147540983,0.22950819672131148,0.3502673796791444,2.133730881156789,0.9158089205595144,23.811944444444446
137,2018-04-19,3.0,3628.0,11.0,1.0,3041.6666666666665,0.0,0.5027563395810364,1.4044802823043,0.972488038277512,22.85
138,2018-01-04,45.0,1133.0,19.0,0.0,650.7222222222222,0.08333333333333333,0.28596646072374227,2.41111415444912,0.5676959619952494,24.588636363636365
138,2018-01-05,13.0,238.0,16.0,0.0,420.0,0.2,0.2184873949579832,2.1966475251325694,0.5128205128205128,93.77638888888889
138,2018-01-06,64.0,1010.0,18.0,0.1306930693069307,389.1224489795918,0.14285714285714285,0.26435643564356437,2.218193337706342,0.697560975609756,22.576190476190483
138,2018-01-07,46.0,724.0,18.0,0.3328729281767956,316.3,0.175,0.26243093922651933,2.417323546302499,0.6386861313868614,22.327037037037037
138,2018-01-08,4.0,244.0,8.0,0.0,786.0,0.0,0.44672131147540983,1.5041203260011633,0.8207547169811321,35.25
138,2018-01-09,62.0,1429.0,18.0,0.3470958712386284,450.28,0.2,0.31350594821553535,2.3301783127604674,0.6407185628742516,23.035245901639346
138,2018-01-10,35.0,726.0,18.0,0.49173553719008267,450.12,0.16,0.30165289256198347,1.9682141519634333,0.6217228464419475,26.356372549019603
138,2018-01-11,51.0,1018.0,14.0,0.31335952848722987,473.0,0.12,0.35461689587426326,1.9103659027946784,0.6014492753623188,27.90533333333333
138,2018-01-12,22.0,545.0,17.0,0.012844036697247707,483.6842105263158,0.0,0.1981651376146789,2.3274771931918465,0.6973684210526315,67.04761904761904
138,2018-01-13,57.0,674.0,18.0,0.5459940652818991,259.5365853658537,0.21951219512195122,0.27299703264094954,2.1766101590507008,0.5675675675675675,18.806250000000002
138,2018-01-14,57.0,673.0,15.0,0.0,341.4222222222222,0.26666666666666666,0.2139673105497771,2.237693378989702,0.6730769230769231,19.95714285714286
138,2018-01-15,69.0,1306.0,21.0,0.2450229709035222,379.4029850746269,0.2537313432835821,0.3721286370597244,2.2748665220020166,0.696551724137931,20.91642156862745
138,2018-01-16,54.0,1834.0,21.0,0.2998909487459106,721.8723404255319,0.0851063829787234,0.33969465648854963,2.2087569585593476,0.5704225352112676,26.64276729559748
138,2018-01-19,8.0,180.0,14.0,0.0,535.375,0.0,0.16666666666666666,2.3992959032196306,0.6615384615384615,15.273809523809524
138,2018-01-20,51.0,1199.0,16.0,0.16847372810675562,390.3333333333333,0.020833333333333332,0.2793994995829858,1.928617317772349,0.6758893280632411,25.72633333333334
138,2018-01-22,50.0,931.0,18.0,0.08915145005370569,548.675,0.125,0.2620837808807734,2.2351232774336895,0.5565217391304348,24.14421768707483
138,2018-01-23,9.0,350.0,16.0,1.0,858.1111111111111,0.0,0.22857142857142856,2.2856798659098305,0.6293706293706294,28.37083333333333
138,2018-01-24,42.0,790.0,15.0,0.0,550.4545454545455,0.06060606060606061,0.28354430379746837,1.9938128893176514,0.698051948051948,26.041463414634148
138,2018-01-25,19.0,254.0,14.0,0.937007874015748,303.375,0.0,0.3464566929133858,1.7128457905112393,0.5480769230769231,79.14629629629628
138,2018-01-26,64.0,2148.0,20.0,0.1685288640595903,443.765625,0.28125,0.3049348230912477,2.4461887552310517,0.7188755020080321,21.971693121693118
138,2018-01-27,7.0,154.0,13.0,1.0,464.14285714285717,0.14285714285714285,0.2532467532467532,2.0912357052739954,0.46774193548387094,16.85
138,2018-01-28,68.0,1191.0,22.0,0.2955499580184719,398.25396825396825,0.07936507936507936,0.28547439126784213,2.2851567990870745,0.6260869565217392,21.254975124378113
138,2018-01-29,52.0,508.0,18.0,0.0,278.5405405405405,0.05405405405405406,0.16929133858267717,2.5888524291974147,0.6169154228855721,17.219607843137254
138,2018-01-30,29.0,507.0,19.0,0.4437869822485207,362.2,0.04,0.3333333333333333,2.2833820530124695,0.7156862745098039,50.34761904761904
138,2018-01-31,66.0,2445.0,22.0,0.2392638036809816,391.55384615384617,0.26153846153846155,0.27443762781186093,2.4573673061308825,0.8230366492146597,21.614102564102566
138,2018-02-01,22.0,377.0,17.0,0.4217506631299735,284.44444444444446,0.16666666666666666,0.3925729442970822,2.0815053154695082,0.7290322580645161,68.37857142857142
138,2018-02-02,49.0,1096.0,20.0,0.3768248175182482,531.3846153846154,0.05128205128205128,0.21624087591240876,2.387343935526606,0.639618138424821,25.834374999999998
138,2018-02-03,33.0,702.0,18.0,0.0,393.2758620689655,0.13793103448275862,0.2934472934472934,2.2442787317070305,0.7407407407407407,20.848437500000003
138,2018-02-04,38.0,542.0,17.0,0.5811808118081181,361.65625,0.15625,0.477859778597786,1.9731071329844005,0.6378378378378379,19.51801801801802
138,2018-02-05,56.0,612.0,17.0,0.0,243.8695652173913,0.10869565217391304,0.1781045751633987,2.4196806855520268,0.6867469879518072,19.836969696969696
138,2018-02-06,56.0,1414.0,20.0,0.4016973125884017,690.8863636363636,0.11363636363636363,0.21923620933521923,2.626067358278431,0.6174757281553398,25.65909090909091
138,2018-02-07,13.0,269.0,16.0,0.4349442379182156,534.1666666666666,0.0,0.20074349442379183,2.4514616658528166,0.5887850467289719,119.25555555555557
138,2018-02-08,60.0,1482.0,22.0,0.25708502024291496,451.42,0.22,0.2165991902834008,2.5328200962714273,0.7289377289377289,24.1364406779661
138,2018-02-09,29.0,488.0,18.0,0.6331967213114754,483.22727272727275,0.18181818181818182,0.2889344262295082,2.15485478023646,0.6305732484076433,26.14345238095238
138,2018-02-10,44.0,610.0,15.0,0.0,325.19444444444446,0.1388888888888889,0.19672131147540983,2.260469197289615,0.6814159292035398,19.496124031007756
138,2018-02-11,27.0,597.0,17.0,0.7587939698492462,367.88461538461536,0.11538461538461539,0.20268006700167504,2.4014663902385993,0.6133333333333333,18.637179487179488
138,2018-02-12,48.0,702.0,20.0,0.29914529914529914,403.97058823529414,0.23529411764705882,0.21082621082621084,2.412062014064864,0.5924528301886792,27.190780141843977
138,2018-02-13,34.0,409.0,21.0,0.29584352078239606,377.64285714285717,0.03571428571428571,0.15403422982885084,2.6177345602596938,0.68,43.32171717171717
138,2018-02-14,50.0,498.0,19.0,0.4879518072289157,372.02941176470586,0.14705882352941177,0.20281124497991967,2.410812901094462,0.6223404255319149,20.360544217687078
138,2018-02-15,45.0,859.0,16.0,0.0,626.7647058823529,0.14705882352941177,0.30034924330616997,2.005682869364235,0.568561872909699,19.8844696969697
138,2018-02-16,13.0,451.0,17.0,0.9800443458980045,1076.625,0.0,0.22172949002217296,2.1995453460587204,0.4666666666666667,41.666666666666664
138,2018-02-17,52.0,683.0,21.0,0.34699853587115664,579.8857142857142,0.11428571428571428,0.38945827232796487,2.0220817039829257,0.6101694915254238,25.81928104575163
138,2018-02-18,28.0,313.0,14.0,0.003194888178913738,366.9166666666667,0.125,0.3738019169329074,1.9482527783696488,0.36752136752136755,51.876543209876544
138,2018-02-19,43.0,537.0,19.0,0.5418994413407822,331.9428571428571,0.2857142857142857,0.18808193668528864,2.589749611813833,0.5714285714285714,20.828174603174602
138,2018-02-20,36.0,596.0,18.0,0.0,373.14285714285717,0.10714285714285714,0.4815436241610738,1.8042799125030353,0.7818930041152263,16.129047619047622
138,2018-02-21,67.0,1066.0,23.0,0.2551594746716698,368.14,0.04,0.3198874296435272,2.2858751857054465,0.7294117647058823,21.544949494949492
138,2018-02-22,32.0,544.0,18.0,0.4724264705882353,416.6363636363636,0.09090909090909091,0.2555147058823529,2.344732634783417,0.6371681415929203,29.06344086021505
138,2018-02-23,56.0,1138.0,24.0,0.4358523725834798,466.7083333333333,0.16666666666666666,0.22407732864674867,2.3896367227299518,0.6223776223776224,25.647878787878785
138,2018-02-24,60.0,609.0,17.0,0.008210180623973728,243.78571428571428,0.14285714285714285,0.31198686371100165,2.1310552985847404,0.7096774193548387,22.144915254237286
138,2018-02-25,12.0,496.0,14.0,0.9939516129032258,698.0833333333334,0.08333333333333333,0.2399193548387097,2.124444950332899,0.6363636363636364,24.719696969696972
138,2018-02-26,60.0,824.0,19.0,0.1553398058252427,423.04651162790697,0.11627906976744186,0.2924757281553398,2.330692960495473,0.602112676056338,21.6909604519774
138,2018-02-27,6.0,211.0,14.0,1.0,582.3333333333334,0.0,0.32701421800947866,2.063705123064433,0.5517241379310345,18.786666666666665
138,2018-02-28,55.0,1079.0,20.0,0.12048192771084337,727.05,0.1,0.5291936978683967,1.8312090601433189,0.62751677852349,24.295061728395062
138,2018-03-01,6.0,72.0,8.0,1.0,254.16666666666666,0.0,0.2916666666666667,1.7674512421794568,0.68,17.093333333333334
138,2018-03-02,70.0,1055.0,18.0,0.1971563981042654,386.8070175438597,0.10526315789473684,0.2966824644549763,2.241553451448463,0.6878172588832487,19.226811594202896
138,2018-03-03,8.0,24.0,6.0,0.08333333333333333,125.66666666666667,0.3333333333333333,0.2916666666666667,1.5990924388327938,0.6666666666666666,200.94523809523818
138,2018-03-04,67.0,1585.0,20.0,0.06435331230283911,309.40983606557376,0.16393442622950818,0.22712933753943218,2.359813724560481,0.7591973244147158,21.557323232323235
138,2018-03-05,73.0,1511.0,19.0,0.2726671078755791,397.06349206349205,0.09523809523809523,0.3110522832561218,2.09340909942307,0.7066666666666667,19.662731481481483
138,2018-03-06,34.0,447.0,18.0,0.1767337807606264,464.2307692307692,0.0,0.2550335570469799,2.116259027397543,0.740506329113924,43.18737373737374
138,2018-03-07,72.0,1157.0,22.0,0.1996542783059637,391.0169491525424,0.05084745762711865,0.2843560933448574,2.367911006504331,0.6976190476190476,20.27183098591549
138,2018-03-08,63.0,1765.0,23.0,0.31671388101983,502.01785714285717,0.21428571428571427,0.2169971671388102,2.4766324612179615,0.7644305772230889,23.14032258064516
138,2018-03-09,2.0,60.0,8.0,1.0,822.0,0.0,0.3,1.8025267988456157,0.5652173913043478,128.05
138,2018-03-11,36.0,417.0,16.0,0.0,302.84,0.04,0.4172661870503597,1.9531120763920407,0.7204968944099379,20.91142857142857
138,2018-03-12,59.0,1426.0,20.0,0.24684431977559607,316.89473684210526,0.24561403508771928,0.25455820476858343,2.3901022972965604,0.7630662020905923,24.311781609195403
138,2018-03-13,9.0,55.0,9.0,0.36363636363636365,184.57142857142858,0.14285714285714285,0.5636363636363636,1.4420048706560409,0.6428571428571429,179.4875
138,2018-03-14,80.0,2645.0,21.0,0.19319470699432892,366.64102564102564,0.23076923076923078,0.4113421550094518,2.0366717520704216,0.8542805100182149,18.100632911392406
138,2018-03-15,63.0,961.0,18.0,0.19771071800208118,332.5357142857143,0.08928571428571429,0.21227887617065558,2.2093425112917586,0.6561679790026247,23.14166666666667
138,2018-03-16,63.0,1099.0,19.0,0.28480436760691535,384.1111111111111,0.18518518518518517,0.33848953594176523,2.1872525177683224,0.7313432835820896,22.62069892473119
138,2018-03-17,52.0,736.0,18.0,0.34782608695652173,392.77272727272725,0.29545454545454547,0.35054347826086957,2.081880785577632,0.5053763440860215,20.900326797385624
138,2018-03-18,58.0,1387.0,19.0,0.11319394376351838,285.67241379310343,0.1724137931034483,0.32227829848594086,2.2891837095338317,0.8004484304932735,21.303801169590646
138,2018-03-19,32.0,557.0,19.0,0.5834829443447038,412.3076923076923,0.19230769230769232,0.3375224416517056,2.369097076870622,0.6740331491712708,46.281720430107534
138,2018-03-20,56.0,1033.0,20.0,0.20716360116166505,473.3333333333333,0.17777777777777778,0.30009680542110356,2.274329024289643,0.655786350148368,21.00151515151515
138,2018-03-21,10.0,248.0,12.0,0.0,268.57142857142856,0.0,0.38306451612903225,1.8878338425025916,0.8586956521739131,14.588888888888887
138,2018-03-22,55.0,2565.0,22.0,0.2994152046783626,415.8727272727273,0.23636363636363636,0.24015594541910332,2.336379587941842,0.781,24.637654320987647
138,2018-03-23,47.0,642.0,19.0,0.0,391.97435897435895,0.05128205128205128,0.2632398753894081,2.379417600978124,0.6217391304347826,16.936956521739134
138,2018-03-24,33.0,246.0,16.0,0.7317073170731707,196.42307692307693,0.38461538461538464,0.23577235772357724,2.226804477298842,0.51,19.597395833333334
138,2018-03-25,63.0,881.0,21.0,0.022701475595913734,395.0816326530612,0.16326530612244897,0.29284903518728717,2.2997542954044747,0.6145251396648045,18.805376344086024
138,2018-03-26,37.0,1095.0,21.0,0.3680365296803653,472.6388888888889,0.1388888888888889,0.17990867579908676,2.3679801746653113,0.6050955414012739,38.749537037037044
138,2018-03-27,40.0,476.0,19.0,0.41386554621848737,281.969696969697,0.09090909090909091,0.1869747899159664,2.3928757236015823,0.7070707070707071,23.18504273504274
138,2018-03-28,46.0,676.0,18.0,0.0,401.2857142857143,0.05714285714285714,0.21301775147928995,2.492872236290573,0.628,18.82962962962963
138,2018-03-29,22.0,691.0,15.0,0.9869753979739508,755.3636363636364,0.09090909090909091,0.41389290882778584,1.7233685218007946,0.6679245283018868,25.576190476190476
138,2018-03-30,39.0,1812.0,22.0,0.08443708609271523,646.5526315789474,0.05263157894736842,0.2488962472406181,2.474091994214652,0.6358118361153262,32.61228070175439
138,2018-03-31,38.0,1003.0,20.0,0.654037886340977,505.56666666666666,0.1,0.2662013958125623,2.3632704355474075,0.5978835978835979,26.2518018018018
138,2018-04-01,22.0,365.0,15.0,0.0,381.45,0.1,0.30684931506849317,1.9469960168196818,0.5912408759124088,23.497619047619047
138,2018-04-02,48.0,523.0,14.0,0.6653919694072657,303.44444444444446,0.1388888888888889,0.23518164435946462,2.0725041391468166,0.7294685990338164,19.158510638297873
138,2018-04-03,65.0,1427.0,19.0,0.1506657323055361,251.75,0.234375,0.2831114225648213,2.2407013461085326,0.8089668615984406,22.063020833333333
138,2018-04-04,47.0,960.0,19.0,0.027083333333333334,456.4418604651163,0.09302325581395349,0.2375,2.2569627497924913,0.6146095717884131,30.44746376811594
138,2018-04-05,51.0,973.0,21.0,0.47070914696813976,455.34090909090907,0.18181818181818182,0.3237410071942446,2.2656949601300176,0.6339522546419099,28.415000000000006
138,2018-04-06,47.0,498.0,18.0,0.5120481927710844,237.11428571428573,0.2857142857142857,0.19076305220883535,2.3373484483841476,0.7208121827411168,20.692753623188405
138,2018-04-07,49.0,512.0,14.0,0.27734375,216.11428571428573,0.2,0.279296875,2.0939390381004324,0.6820512820512821,26.816319444444446
138,2018-04-08,62.0,2187.0,22.0,0.24554183813443073,518.5686274509804,0.09803921568627451,0.2345679012345679,2.3783713577483128,0.7328687572590011,23.397540983606557
138,2018-04-09,60.0,1389.0,18.0,0.30669546436285094,282.89285714285717,0.2857142857142857,0.17062634989200864,2.435559728368344,0.8003663003663004,20.519209039548024
138,2018-04-10,30.0,431.0,14.0,0.0,416.03846153846155,0.0,0.2853828306264501,2.0419122437192883,0.6753246753246753,20.55862068965517
138,2018-04-11,51.0,799.0,22.0,0.47434292866082606,430.2894736842105,0.05263157894736842,0.22528160200250313,2.4576830816665463,0.6025641025641025,28.581333333333333
138,2018-04-12,45.0,1107.0,22.0,0.5844625112917796,574.8333333333334,0.1111111111111111,0.25383920505871727,2.405874415317975,0.5656565656565656,23.290909090909096
138,2018-04-13,43.0,812.0,19.0,0.0,521.7878787878788,0.06060606060606061,0.18842364532019704,2.4081898044946444,0.6885245901639344,23.60674603174603
138,2018-04-14,67.0,1125.0,19.0,0.42133333333333334,356.2830188679245,0.11320754716981132,0.2728888888888889,2.2230457011905984,0.5870069605568445,21.80328282828283
138,2018-04-15,27.0,419.0,13.0,0.4128878281622912,270.3333333333333,0.16666666666666666,0.21241050119331742,2.2156287608030185,0.5588235294117647,54.799358974358974
138,2018-04-16,68.0,1210.0,19.0,0.06611570247933884,329.5,0.1346153846153846,0.2421487603305785,2.157960402822852,0.7240618101545254,21.268407960199003
138,2018-04-17,37.0,732.0,10.0,0.4959016393442623,346.22857142857146,0.02857142857142857,0.3319672131147541,1.6745990219559315,0.7615894039735099,18.121296296296297
138,2018-04-18,32.0,417.0,15.0,0.0,389.4782608695652,0.08695652173913043,0.29256594724220625,2.112137740574963,0.76875,23.854838709677423
138,2018-04-19,25.0,253.0,16.0,0.8063241106719368,197.71428571428572,0.42857142857142855,0.21739130434782608,2.317416236304883,0.7333333333333333,24.183333333333337
138,2018-04-20,55.0,1249.0,21.0,0.044035228182546036,320.921568627451,0.09803921568627451,0.25060048038430743,2.244680450034152,0.8019607843137255,25.423148148148147
138,2018-04-21,27.0,548.0,16.0,0.0,480.625,0.041666666666666664,0.3102189781021898,2.07734022036729,0.5467289719626168,19.814743589743593
138,2018-04-22,36.0,772.0,17.0,0.7927461139896373,496.7826086956522,0.043478260869565216,0.23963730569948186,2.1376305296422022,0.6161616161616161,25.43619047619048
138,2018-04-23,32.0,713.0,15.0,0.0,567.925925925926,0.07407407407407407,0.24684431977559607,2.041904026124685,0.6739130434782609,24.3752688172043
138,2018-04-24,19.0,327.0,13.0,0.7584097859327217,508.0,0.125,0.2782874617737003,2.0918530095966172,0.7318840579710145,34.40740740740741
138,2018-04-25,44.0,710.0,13.0,0.0,449.5882352941176,0.11764705882352941,0.2323943661971831,2.110591215720305,0.6547619047619048,19.712015503875968
138,2018-04-26,13.0,275.0,13.0,0.9818181818181818,582.2222222222222,0.1111111111111111,0.3418181818181818,1.9521092586384556,0.3888888888888889,112.14722222222223
138,2018-04-27,50.0,959.0,18.0,0.17205422314911367,599.0285714285715,0.11428571428571428,0.4056308654848801,1.9325808327126994,0.7472826086956522,24.185714285714283
138,2018-04-28,33.0,392.0,15.0,0.0,216.93548387096774,0.12903225806451613,0.30612244897959184,2.071553801279883,0.6764705882352942,22.696875
138,2018-04-29,48.0,2372.0,22.0,0.23608768971332209,537.7173913043479,0.021739130434782608,0.2668634064080944,2.0754455722528506,0.6838905775075987,30.545744680851065
138,2018-04-30,32.0,496.0,14.0,0.5887096774193549,340.64,0.16,0.3528225806451613,1.7928019246862485,0.5755813953488372,23.898924731182795
138,2018-05-01,50.0,908.0,21.0,0.0,543.170731707317,0.0975609756097561,0.23898678414096916,2.4180842395843296,0.6341463414634146,19.356122448979594
138,2018-05-02,54.0,2310.0,20.0,0.20043290043290043,626.2448979591836,0.08163265306122448,0.30865800865800863,2.081052034764777,0.7300743889479278,26.86383647798742
138,2018-05-03,41.0,1094.0,16.0,0.6087751371115173,503.3103448275862,0.13793103448275862,0.2915904936014625,1.930778427246397,0.7592190889370932,25.115000000000002
138,2018-05-04,22.0,769.0,11.0,0.0,334.04545454545456,0.13636363636363635,0.5227568270481144,1.1387276608442085,0.8220064724919094,31.8952380952381
138,2018-05-05,19.0,866.0,17.0,0.7967667436489607,435.8421052631579,0.10526315789473684,0.24249422632794457,2.235401289204997,0.7427055702917772,39.69166666666667
138,2018-05-07,26.0,422.0,17.0,0.0,375.3478260869565,0.21739130434782608,0.25118483412322273,2.240774766003971,0.6842105263157895,34.160666666666664
138,2018-05-08,39.0,923.0,19.0,0.5395449620801733,230.92307692307693,0.28205128205128205,0.2296858071505959,2.214956079597043,0.7062146892655368,36.2828947368421
138,2018-05-09,53.0,1737.0,18.0,0.059297639608520435,187.8653846153846,0.3269230769230769,0.3546344271732873,2.0204006096098333,0.8793342579750347,24.539743589743594
138,2018-05-10,5.0,222.0,12.0,1.0,454.8,0.2,0.3918918918918919,1.890341548310805,0.7555555555555555,14.925
138,2018-05-11,44.0,782.0,17.0,0.19437340153452684,364.8888888888889,0.1388888888888889,0.2237851662404092,2.297924830355442,0.717687074829932,30.75968992248062
138,2018-05-12,19.0,363.0,12.0,0.4820936639118457,351.0769230769231,0.15384615384615385,0.13774104683195593,2.355442295917164,0.6805555555555556,39.94537037037038
138,2018-05-13,42.0,1113.0,18.0,0.23450134770889489,497.15625,0.25,0.46990116801437554,1.9461473790353632,0.7445544554455445,33.299593495934964
138,2018-05-14,1.0,12.0,3.0,1.0,260.0,0.0,0.5833333333333334,0.887694275799104,0.5,0.0
139,2018-04-02,34.0,486.0,10.0,0.0,184.08823529411765,0.4117647058823529,0.20164609053497942,2.0983222679248894,0.813953488372093,31.827272727272724
139,2018-04-03,30.0,398.0,12.0,0.44221105527638194,294.88461538461536,0.2692307692307692,0.26884422110552764,1.951728029249736,0.6149068322981367,49.48793103448276
139,2018-04-04,57.0,1768.0,11.0,0.13970588235294118,191.40350877192984,0.43859649122807015,0.2239819004524887,2.119359898922868,0.8887381275440976,25.42202380952381
139,2018-04-05,53.0,1448.0,12.0,0.23066298342541436,215.0754716981132,0.49056603773584906,0.3052486187845304,2.0181252385149917,0.8547297297297297,26.46089743589744
139,2018-04-06,46.0,584.0,10.0,0.5736301369863014,122.8913043478261,0.5434782608695652,0.2602739726027397,1.8220017905584966,0.7813765182186235,31.81962962962963
139,2018-04-07,37.0,714.0,10.0,0.08543417366946779,121.89189189189189,0.5405405405405406,0.23949579831932774,2.0983517697926333,0.8662207357859532,39.9574074074074
139,2018-04-08,53.0,696.0,10.0,0.36063218390804597,158.1509433962264,0.41509433962264153,0.20689655172413793,2.0850048586728596,0.7206349206349206,27.680448717948714
139,2018-04-09,68.0,2447.0,11.0,0.04944830404577033,231.86764705882354,0.38235294117647056,0.2729873314262362,2.0211848491754534,0.9173764906303237,21.299502487562187
139,2018-04-10,55.0,1536.0,11.0,0.4765625,242.8909090909091,0.4,0.21354166666666666,2.119351441483821,0.8375558867362146,24.858024691358022
139,2018-04-11,41.0,303.0,11.0,0.18811881188118812,224.64864864864865,0.4594594594594595,0.24752475247524752,2.1181348233585924,0.46153846153846156,35.422916666666666
139,2018-04-12,49.0,720.0,9.0,0.26805555555555555,255.64583333333334,0.3333333333333333,0.20277777777777778,2.016868661276305,0.6821192052980133,29.019097222222225
139,2018-04-13,47.0,866.0,13.0,0.1420323325635104,258.1276595744681,0.40425531914893614,0.2471131639722864,1.982092539747093,0.6984924623115578,30.61449275362319
139,2018-04-14,41.0,560.0,10.0,0.25892857142857145,119.26829268292683,0.4634146341463415,0.2785714285714286,2.063844684173672,0.8106995884773662,35.42333333333333
139,2018-04-15,36.0,574.0,8.0,0.5104529616724739,137.61111111111111,0.5555555555555556,0.4355400696864111,1.4848289615137547,0.8647540983606558,40.22095238095238
139,2018-04-16,50.0,960.0,12.0,0.07395833333333333,255.5625,0.375,0.3375,2.0862117207606485,0.7711442786069652,29.186734693877554
139,2018-04-17,35.0,606.0,12.0,0.42574257425742573,205.0857142857143,0.3142857142857143,0.15016501650165018,2.3526955681780635,0.7366412213740458,41.86078431372548
139,2018-04-18,11.0,75.0,10.0,0.8933333333333333,197.14285714285714,0.2857142857142857,0.24,1.9995368821772286,0.45161290322580644,141.02166666666662
139,2018-04-19,43.0,300.0,10.0,0.12333333333333334,192.97058823529412,0.4117647058823529,0.25666666666666665,1.9409562264855,0.5916666666666667,33.85595238095239
139,2018-04-20,24.0,113.0,9.0,0.4778761061946903,115.0,0.47368421052631576,0.30973451327433627,1.835675268688904,0.3488372093023256,46.45869565217391
139,2018-04-21,15.0,89.0,9.0,0.0,207.78571428571428,0.21428571428571427,0.3595505617977528,1.7879481091167972,0.48717948717948717,25.348809523809525
139,2018-04-22,24.0,294.0,9.0,0.41496598639455784,215.3913043478261,0.391304347826087,0.30952380952380953,1.7741291010210454,0.6515151515151515,61.90434782608696
139,2018-04-23,47.0,642.0,11.0,0.1526479750778816,196.32608695652175,0.391304347826087,0.19314641744548286,2.121009856559648,0.7003484320557491,26.3945652173913
139,2018-04-24,2.0,16.0,5.0,1.0,324.0,0.5,0.3125,1.4898487964741864,0.125,63.43333333333333
139,2018-04-25,33.0,1051.0,9.0,0.02093244529019981,283.8181818181818,0.2727272727272727,0.38534728829686016,1.7370610949110832,0.878727634194831,37.8453125
139,2018-04-26,30.0,278.0,11.0,0.6330935251798561,158.76923076923077,0.5384615384615384,0.3381294964028777,1.9776306427967072,0.8032786885245902,47.26954022988505
139,2018-04-27,55.0,503.0,10.0,0.25646123260437376,181.47916666666666,0.3333333333333333,0.22664015904572565,2.051406142322395,0.6929824561403509,26.152777777777786
139,2018-04-28,32.0,279.0,11.0,0.3942652329749104,151.10714285714286,0.42857142857142855,0.36917562724014336,1.7604169346509797,0.75,44.744623655913976
139,2018-04-29,27.0,154.0,8.0,0.012987012987012988,164.58333333333334,0.5,0.33116883116883117,1.671370779307406,0.4393939393939394,53.54423076923077
139,2018-04-30,6.0,14.0,5.0,0.5714285714285714,65.25,0.5,0.5714285714285714,1.252762968495368,0.0,86.98666666666665
139,2018-05-01,31.0,349.0,10.0,0.0,230.20689655172413,0.27586206896551724,0.42406876790830944,1.6838686336923212,0.5859872611464968,33.46388888888889
139,2018-05-02,12.0,194.0,11.0,0.9948453608247423,478.1111111111111,0.1111111111111111,0.28865979381443296,1.8983285554244937,0.5568181818181818,32.5469696969697
140,2018-04-03,56.0,2930.0,16.0,0.029351535836177476,387.77777777777777,0.25925925925925924,0.2546075085324232,2.139280886271567,0.8912408759124087,25.449393939393943
140,2018-04-04,55.0,1781.0,16.0,0.16507580011229647,440.25,0.07692307692307693,0.20494104435710275,2.1930605308154734,0.7910628019323671,26.081481481481482
140,2018-04-05,52.0,1292.0,13.0,0.0696594427244582,240.80392156862746,0.19607843137254902,0.18421052631578946,2.1896629629613478,0.7621440536013401,27.968627450980392
140,2018-04-06,42.0,825.0,17.0,0.17212121212121212,365.7560975609756,0.14634146341463414,0.2084848484848485,2.4205883830060495,0.6303191489361702,34.74552845528454
140,2018-04-07,38.0,356.0,14.0,0.2696629213483146,328.0882352941176,0.17647058823529413,0.22191011235955055,2.30098584338759,0.5695364238410596,38.247297297297294
140,2018-04-08,47.0,812.0,17.0,0.17980295566502463,477.92857142857144,0.11904761904761904,0.2524630541871921,2.2562530228817397,0.6176470588235294,30.624275362318848
140,2018-04-09,51.0,592.0,15.0,0.11824324324324324,372.6744186046512,0.13953488372093023,0.16891891891891891,2.3677823722935867,0.6377358490566037,28.648999999999997
140,2018-04-10,62.0,1914.0,17.0,0.17920585161964472,367.62295081967216,0.16393442622950818,0.38140020898641586,2.0381961811749973,0.8254545454545454,23.455191256830602
140,2018-04-11,29.0,1026.0,14.0,0.06725146198830409,405.86206896551727,0.10344827586206896,0.27485380116959063,2.2617005020352328,0.801354401805869,48.22857142857141
140,2018-04-12,40.0,1268.0,14.0,0.20110410094637224,311.25,0.325,0.22712933753943218,2.1563157112589786,0.8431734317343174,35.985042735042725
140,2018-04-13,29.0,225.0,12.0,0.0,185.95652173913044,0.21739130434782608,0.39555555555555555,1.9320137593732196,0.8,18.101190476190478
140,2018-04-14,43.0,741.0,16.0,0.18353576248313092,205.25581395348837,0.2558139534883721,0.2496626180836707,2.1682661051791334,0.8276923076923077,33.48968253968254
140,2018-04-15,42.0,2402.0,13.0,0.052872606161532054,442.65,0.1,0.4321398834304746,1.9472423532948935,0.8808664259927798,34.91097560975609
140,2018-04-16,41.0,2135.0,15.0,0.10772833723653395,311.0731707317073,0.17073170731707318,0.13021077283372365,2.4458681423336053,0.9164859002169198,35.877916666666664
140,2018-04-17,19.0,416.0,13.0,0.12980769230769232,592.0625,0.0625,0.3581730769230769,1.991128320507246,0.6358695652173914,79.46666666666665
140,2018-04-18,40.0,449.0,14.0,0.062360801781737196,202.71052631578948,0.2631578947368421,0.19599109131403117,2.2270891812526306,0.6825396825396826,36.150000000000006
140,2018-04-19,18.0,195.0,13.0,0.28717948717948716,242.58823529411765,0.058823529411764705,0.1794871794871795,2.1549619136832816,0.6179775280898876,43.59019607843137
140,2018-04-20,35.0,401.0,13.0,0.0,305.51612903225805,0.0967741935483871,0.34663341645885287,2.0502982738295596,0.7425149700598802,16.11029411764706
140,2018-04-21,14.0,253.0,15.0,0.4150197628458498,600.25,0.0,0.2608695652173913,2.137858188180673,0.6339285714285714,66.8076923076923
140,2018-04-22,2.0,12.0,1.0,0.0,154.0,0.5,1.0,0.0,1.0,14.866666666666667
140,2018-05-05,1.0,2.0,1.0,1.0,2.0,1.0,1.0,0.0,0.0,0.0
141,2018-04-15,27.0,376.0,13.0,0.48404255319148937,582.6521739130435,0.0,0.4920212765957447,1.5524215002825361,0.7659574468085106,37.70192307692308
142,2018-01-23,10.0,90.0,9.0,0.0,260.44444444444446,0.1111111111111111,0.4111111111111111,1.5374288106362968,0.7631578947368421,14.724074074074075
142,2018-01-24,41.0,944.0,15.0,0.3940677966101695,476.2432432432432,0.08108108108108109,0.3697033898305085,1.7595666308823625,0.8047210300429185,29.16291666666667
142,2018-01-25,17.0,123.0,11.0,0.16260162601626016,215.3846153846154,0.0,0.3983739837398374,1.7280472880625852,0.6727272727272727,74.16979166666667
142,2018-01-26,5.0,121.0,7.0,1.0,588.0,0.0,0.8181818181818182,0.6940682615265353,0.8979591836734694,59.9375
143,2017-09-11,23.0,523.0,11.0,0.0,227.72727272727272,0.22727272727272727,0.5162523900573613,1.5837281495040256,0.7222222222222222,29.686363636363637
143,2017-09-12,25.0,681.0,11.0,0.0,330.0,0.08333333333333333,0.3436123348017621,1.944259083058703,0.7647058823529411,35.15277777777778
143,2017-09-14,2.0,11.0,4.0,0.0,23.0,0.5,0.5454545454545454,1.1685184057430877,0.25,31.25
144,2018-05-01,10.0,99.0,5.0,0.0,76.55555555555556,0.4444444444444444,0.5454545454545454,1.1087658893123662,0.8085106382978723,14.52037037037037
144,2018-05-02,28.0,477.0,9.0,0.22641509433962265,147.92857142857142,0.42857142857142855,0.5303983228511531,1.388655691459022,0.8805309734513275,51.54753086419752
144,2018-05-03,30.0,443.0,9.0,0.600451467268623,183.28571428571428,0.21428571428571427,0.4401805869074492,1.5396065205639178,0.832579185520362,49.37241379310344
144,2018-05-04,11.0,45.0,6.0,0.13333333333333333,268.8333333333333,0.3333333333333333,0.5777777777777777,1.1691453148953372,0.7619047619047619,97.15833333333333
144,2018-05-05,14.0,49.0,5.0,0.0,71.8,0.5,0.3877551020408163,1.3280252205493124,0.7391304347826086,18.176923076923078
144,2018-05-06,16.0,80.0,8.0,0.6,43.333333333333336,0.3333333333333333,0.275,1.7551119025629653,0.7105263157894737,69.47
144,2018-05-07,20.0,138.0,8.0,0.4855072463768116,137.16666666666666,0.3333333333333333,0.42028985507246375,1.5608805877365879,0.7538461538461538,72.54561403508772
144,2018-05-08,9.0,61.0,5.0,0.9508196721311475,200.75,0.375,0.5901639344262295,1.1447731138978434,0.8,121.225
145,2018-04-16,17.0,388.0,9.0,0.002577319587628866,230.9375,0.0,0.22164948453608246,1.9655726055000924,0.851063829787234,80.43125
145,2018-04-17,21.0,1203.0,12.0,0.2502078137988362,316.6190476190476,0.14285714285714285,0.257689110556941,2.1315169867411683,0.895017793594306,64.79666666666665
145,2018-04-18,11.0,136.0,7.0,0.36764705882352944,326.4,0.2,0.3602941176470588,1.544994417340038,0.7846153846153846,124.45666666666668
146,2018-01-20,12.0,3528.0,12.0,0.0,643.9166666666666,0.0,0.6187641723356009,1.4918173695144819,0.9723023658395845,33.583333333333336
146,2018-01-21,26.0,2878.0,12.0,0.7817929117442669,194.15384615384616,0.38461538461538464,0.6400277970813064,1.3173865901744928,0.971997052321297,42.45133333333333
147,2018-04-06,14.0,1930.0,11.0,0.0,377.7857142857143,0.07142857142857142,0.35958549222797925,1.8807227589202822,0.7528795811518325,29.607692307692307
147,2018-04-07,28.0,3406.0,16.0,0.22724603640634175,253.59259259259258,0.07407407407407407,0.26130358191426895,2.2155967021520535,0.7597560975609756,50.94012345679013
147,2018-04-08,36.0,2220.0,16.0,0.03783783783783784,338.6666666666667,0.25,0.49594594594594593,1.741561548669481,0.7502287282708143,38.17809523809524
147,2018-04-09,6.0,408.0,7.0,0.8921568627450981,310.1666666666667,0.0,0.5392156862745098,1.4652645009857546,0.7817258883248731,126.77333333333334
147,2018-04-14,17.0,1633.0,14.0,0.0,174.58823529411765,0.17647058823529413,0.40477648499693814,1.9491408600947724,0.68,24.576041666666665
147,2018-04-15,29.0,9771.0,22.0,0.21543342544263638,513.9310344827586,0.13793103448275862,0.37304267731040835,2.291356744044192,0.8888423696880887,49.7077380952381
147,2018-04-16,39.0,15068.0,22.0,0.11746748075391558,478.4871794871795,0.07692307692307693,0.28139102734271304,2.4065479333924893,0.8998366902558519,36.8982456140351
147,2018-04-17,41.0,22184.0,21.0,0.15344392354850342,275.3414634146341,0.17073170731707318,0.4154345474215651,2.0961224480147838,0.8941352819936293,35.43833333333333
147,2018-04-18,31.0,22053.0,20.0,0.21906316600915976,508.64516129032256,0.03225806451612903,0.27252528000725523,2.4595483931900213,0.9023953225198038,46.86222222222222
147,2018-04-19,5.0,1209.0,14.0,1.0,1292.2,0.0,0.6352357320099256,1.475782643984871,0.8573825503355704,25.2625
148,2018-04-15,17.0,324.0,9.0,0.0,259.0,0.0,0.32098765432098764,1.6494858484174464,0.7666666666666667,26.515625
148,2018-04-16,27.0,978.0,12.0,0.05828220858895705,218.85185185185185,0.0,0.35787321063394684,1.895777210260457,0.8601895734597157,51.73717948717949
148,2018-04-17,41.0,1567.0,12.0,0.058710912571793235,198.6829268292683,0.024390243902439025,0.26292278238672623,1.875573497949245,0.7953216374269005,35.28208333333333
148,2018-04-18,31.0,3152.0,15.0,0.07423857868020305,279.96774193548384,0.0,0.35279187817258884,1.8743433037719481,0.8871085214857976,46.64888888888889
148,2018-04-19,27.0,11437.0,11.0,0.13360146891667396,525.1851851851852,0.037037037037037035,0.43061991781061465,1.7312067606568629,0.9584476675813407,53.59679487179488
148,2018-04-20,8.0,247.0,7.0,1.0,308.125,0.125,0.48582995951417,1.4758555106527353,0.897196261682243,24.11190476190476
149,2018-05-02,2.0,24.0,4.0,0.0,1820.0,0.0,0.4583333333333333,1.183138762367998,0.6,19.966666666666665
149,2018-05-03,31.0,2057.0,15.0,0.010209042294603793,198.53333333333333,0.43333333333333335,0.766164316966456,1.0181033704353597,0.9467871485943775,45.45666666666667
149,2018-05-04,24.0,2159.0,13.0,0.4678091709124595,387.4347826086956,0.30434782608695654,0.8527095877721167,0.6567214195870004,0.9327014218009478,58.91811594202898
149,2018-05-06,25.0,1180.0,12.0,0.07203389830508475,441.7894736842105,0.15789473684210525,0.8186440677966101,0.811957493100061,0.8940972222222222,52.136805555555554
149,2018-05-07,4.0,11.0,1.0,1.0,226.66666666666666,0.0,1.0,0.0,1.0,12.65
150,2018-04-01,28.0,391.0,7.0,0.24808184143222506,204.85185185185185,0.2222222222222222,0.5754475703324808,1.2429134922344147,0.8117647058823529,49.98888888888888
150,2018-04-02,32.0,593.0,9.0,0.7082630691399663,366.2413793103448,0.1724137931034483,0.7723440134907251,0.9214664501510945,0.9044117647058824,18.119354838709675
150,2018-04-03,33.0,1105.0,9.0,0.00904977375565611,181.15625,0.28125,0.9095022624434389,0.43769287534775964,0.9662162162162162,43.64114583333333
150,2018-04-04,21.0,243.0,8.0,0.25925925925925924,348.88235294117646,0.058823529411764705,0.831275720164609,0.7695274370684388,0.8653846153846154,65.89333333333333
150,2018-04-05,68.0,1920.0,12.0,0.275,287.30882352941177,0.2647058823529412,0.7640625,0.9912079023843452,0.9145673603504929,19.891044776119404
150,2018-04-06,42.0,872.0,14.0,0.22935779816513763,308.4634146341463,0.21951219512195122,0.4644495412844037,1.4771308431513415,0.8429951690821256,34.41341463414634
150,2018-04-07,65.0,1687.0,13.0,0.16953171310017784,341.9230769230769,0.15384615384615385,0.6769413159454654,1.2300709176393958,0.8833746898263027,21.676041666666666
150,2018-04-08,16.0,348.0,11.0,0.603448275862069,422.1875,0.3125,0.6005747126436781,1.521881326374615,0.8291139240506329,80.02666666666666
150,2018-04-09,28.0,966.0,7.0,0.0,321.0,0.17857142857142858,0.5755693581780539,1.2350564681480578,0.9010752688172043,31.72037037037037
150,2018-04-10,55.0,2140.0,11.0,0.3149532710280374,248.85454545454544,0.21818181818181817,0.7799065420560748,0.9439387660222094,0.9388297872340425,23.91697530864198
150,2018-04-11,22.0,475.0,7.0,0.15789473684210525,192.0909090909091,0.2727272727272727,0.671578947368421,1.149775415768006,0.9217391304347826,54.938888888888904
150,2018-04-12,34.0,380.0,12.0,0.010526315789473684,359.56666666666666,0.2,0.65,1.280008887319961,0.842391304347826,21.66414141414141
151,2018-04-02,5.0,182.0,9.0,0.0,769.6,0.0,0.3901098901098901,1.6392477401511978,0.7831325301204819,28.295833333333334
151,2018-04-03,61.0,2822.0,17.0,0.25726435152374205,380.5245901639344,0.19672131147540983,0.21190644932671865,2.1417406674646835,0.8591093117408907,23.820555555555554
151,2018-04-04,64.0,6199.0,17.0,0.37602839167607677,455.65625,0.0,0.27262461687368933,2.03001662775701,0.8858480374504861,22.620370370370374
151,2018-04-05,56.0,4649.0,15.0,0.3667455366745537,609.3214285714286,0.07142857142857142,0.33082383308238333,1.9373177780404836,0.8693937900443568,25.403030303030306
151,2018-04-06,65.0,4824.0,16.0,0.2769485903814262,344.4307692307692,0.24615384615384617,0.29270315091210614,1.9318175600708671,0.9354995150339476,22.270052083333333
151,2018-04-07,51.0,1108.0,17.0,0.13086642599277978,401.531914893617,0.06382978723404255,0.26173285198555957,2.004762994632752,0.7813163481953291,28.203000000000003
151,2018-04-08,46.0,19773.0,18.0,0.16583219541799424,556.8260869565217,0.15217391304347827,0.3712638446366257,1.9736537037931798,0.9708892426654537,31.31740740740741
151,2018-04-09,57.0,26901.0,17.0,0.2657150291810713,561.6315789473684,0.14035087719298245,0.3460094420281774,1.9302009309242782,0.980462854267986,25.329761904761906
151,2018-04-10,51.0,13673.0,17.0,0.27323923060045346,602.7254901960785,0.09803921568627451,0.21195055949681854,2.1034236093900684,0.9673269002877941,28.589333333333332
151,2018-04-11,55.0,12745.0,16.0,0.3664966653589643,511.8181818181818,0.05454545454545454,0.31902706943899567,1.9469317994687216,0.9419116352754797,26.24537037037037
151,2018-04-12,43.0,2534.0,15.0,0.5217048145224941,643.5116279069767,0.0,0.26400947119179163,2.069583314153465,0.7479747974797479,34.24285714285714
151,2018-04-13,52.0,2466.0,18.0,0.29724249797242497,584.0576923076923,0.07692307692307693,0.24249797242497972,2.067214178554951,0.7545454545454545,28.004248366013073
151,2018-04-14,52.0,2141.0,16.0,0.3512377393741242,510.2307692307692,0.07692307692307693,0.26202709014479214,1.9597345546314662,0.7983623336745138,27.58790849673203
151,2018-04-15,61.0,5516.0,15.0,0.240572878897752,413.60655737704917,0.2459016393442623,0.3653009427121102,1.7342470231798373,0.9370888157894737,23.57555555555555
151,2018-04-16,28.0,1828.0,15.0,0.812910284463895,510.1923076923077,0.038461538461538464,0.3949671772428884,1.74956495740637,0.9043683589138135,30.50617283950617
152,2018-01-21,24.0,212.0,13.0,0.07547169811320754,258.2631578947368,0.10526315789473684,0.1509433962264151,2.3413423726947094,0.580952380952381,55.30579710144927
152,2018-01-22,22.0,118.0,8.0,0.15254237288135594,144.2,0.05,0.2711864406779661,1.8343881924822352,0.5689655172413793,44.40714285714286
152,2018-01-23,19.0,142.0,5.0,0.19718309859154928,254.0,0.125,0.4647887323943662,1.1971472334311852,0.6571428571428571,52.306481481481484
152,2018-01-24,19.0,166.0,5.0,0.024096385542168676,134.89473684210526,0.10526315789473684,0.5542168674698795,1.1487666395371965,0.7926829268292683,66.48148148148148
152,2018-01-27,20.0,190.0,6.0,0.24210526315789474,185.77777777777777,0.2222222222222222,0.7368421052631579,0.9244827259989501,0.776595744680851,60.467543859649126
152,2018-01-28,20.0,100.0,6.0,0.26,182.93333333333334,0.0,0.32,1.5302175132656333,0.7142857142857143,70.12894736842104
152,2018-01-30,2.0,10.0,1.0,1.0,125.5,0.0,1.0,0.0,1.0,18.166666666666668
152,2018-02-01,15.0,97.0,5.0,0.041237113402061855,100.75,0.16666666666666666,0.5360824742268041,1.1996229852906233,0.7291666666666666,91.64761904761905
152,2018-02-03,5.0,28.0,3.0,1.0,187.8,0.0,0.6428571428571429,0.8921178708188162,0.6923076923076923,21.975
153,2018-04-30,3.0,25.0,3.0,0.0,85.0,0.0,0.48,0.915594938493882,0.8,11.583333333333334
153,2018-05-01,44.0,1952.0,13.0,0.003586065573770492,215.75,0.22727272727272727,0.4569672131147541,1.8343520875819035,0.9397450753186558,31.350387596899225
153,2018-05-02,7.0,273.0,5.0,1.0,504.1666666666667,0.16666666666666666,0.673992673992674,1.024738393542717,0.8869565217391304,24.066666666666666
154,2018-04-09,16.0,814.0,13.0,0.0,758.5,0.0,0.26044226044226043,2.048383982056713,0.7564766839378239,21.49888888888889
154,2018-04-10,38.0,1829.0,15.0,0.27501366867140514,391.10526315789474,0.15789473684210525,0.2498633132859486,2.346858922434259,0.8537682789651294,36.73468468468469
154,2018-04-11,24.0,370.0,13.0,0.10810810810810811,496.0,0.19047619047619047,0.24324324324324326,2.0640202836256383,0.7470588235294118,44.40652173913044
154,2018-04-12,20.0,900.0,14.0,0.0,497.1,0.15,0.28,1.9447458240859985,0.8014184397163121,21.53333333333333
154,2018-04-13,45.0,4716.0,18.0,0.16751484308736217,514.8888888888889,0.17777777777777778,0.3159457167090755,2.1442430283239227,0.9249448123620309,31.98409090909091
154,2018-04-14,42.0,2400.0,14.0,0.14583333333333334,354.2142857142857,0.16666666666666666,0.19166666666666668,2.0796005275146623,0.9384615384615385,33.610162601626016
154,2018-04-15,38.0,3604.0,16.0,0.3854051054384018,485.7368421052632,0.13157894736842105,0.2544395116537181,2.0200520760100447,0.9099826889786498,37.665765765765755
154,2018-04-16,44.0,3503.0,17.0,0.20867827576363118,480.70454545454544,0.22727272727272727,0.17756208963745362,2.3266698985024887,0.9136605558840922,32.59534883720931
154,2018-04-17,38.0,2233.0,13.0,0.2825794894760412,502.2105263157895,0.15789473684210525,0.2489923869234214,1.9978836615776565,0.9050751879699248,38.560810810810814
154,2018-04-18,43.0,3966.0,17.0,0.33106404437720627,511.3953488372093,0.13953488372093023,0.2594553706505295,2.2568939325111455,0.9254054054054054,33.51468253968254
154,2018-04-19,41.0,4676.0,15.0,0.2510692899914457,564.170731707317,0.0975609756097561,0.21749358426005133,2.1919294247795014,0.9122412241224123,35.42
154,2018-04-20,34.0,3564.0,14.0,0.20679012345679013,504.4117647058824,0.14705882352941177,0.2345679012345679,2.0694619060472967,0.9122603137710633,42.74040404040405
154,2018-04-21,48.0,4917.0,13.0,0.2717103925157616,329.3958333333333,0.10416666666666667,0.2796420581655481,1.8998926166560817,0.9487289961223611,30.462056737588654
154,2018-04-22,38.0,3144.0,14.0,0.352735368956743,541.6315789473684,0.07894736842105263,0.2674936386768448,1.8759436565405658,0.905977165883143,37.9972972972973
154,2018-04-23,28.0,1255.0,16.0,0.3354581673306773,766.5769230769231,0.038461538461538464,0.2,2.3289764865008866,0.5983606557377049,52.29938271604939
154,2018-04-24,32.0,936.0,13.0,0.14636752136752137,817.7407407407408,0.07407407407407407,0.29273504273504275,1.956706094545472,0.6666666666666666,43.01451612903226
154,2018-04-25,25.0,334.0,11.0,0.49700598802395207,365.57142857142856,0.09523809523809523,0.20359281437125748,2.0596283984118875,0.6506849315068494,35.68819444444444
154,2018-04-26,25.0,596.0,17.0,0.0,625.8181818181819,0.045454545454545456,0.2684563758389262,2.052164383387247,0.6606498194945848,21.770833333333332
154,2018-04-27,34.0,728.0,15.0,0.2129120879120879,645.65625,0.125,0.34615384615384615,1.8090455864350612,0.6880466472303207,43.12777777777778
154,2018-04-28,21.0,323.0,11.0,0.8544891640866873,514.7222222222222,0.1111111111111111,0.2786377708978328,1.8468239714396533,0.4391891891891892,70.67416666666668
154,2018-04-29,34.0,413.0,11.0,0.2687651331719128,382.9032258064516,0.0967741935483871,0.3075060532687651,1.7165566249363904,0.5786802030456852,38.91767676767677
154,2018-04-30,25.0,1133.0,11.0,0.00617828773168579,639.6,0.28,0.324801412180053,1.8662469808493687,0.7614503816793893,48.52708333333334
154,2018-05-01,33.0,2700.0,14.0,0.2748148148148148,649.2727272727273,0.06060606060606061,0.3322222222222222,1.8206405998650386,0.893353941267388,44.584895833333334
154,2018-05-02,46.0,2910.0,13.0,0.3020618556701031,569.3478260869565,0.17391304347826086,0.26151202749140895,1.9047873792169263,0.9123065585851142,31.28814814814815
154,2018-05-03,37.0,2264.0,15.0,0.3308303886925795,569.3783783783783,0.16216216216216217,0.23056537102473498,2.1300024699273945,0.8785388127853881,37.65601851851852
154,2018-05-04,4.0,131.0,4.0,1.0,483.5,0.25,0.732824427480916,0.8251798559221382,0.8615384615384616,26.48888888888889
154,2018-05-07,32.0,1586.0,15.0,0.08007566204287515,441.03125,0.0,0.2604035308953342,2.14655407361917,0.6196808510638298,42.32849462365592
154,2018-05-08,36.0,1411.0,12.0,0.19560595322466337,498.97222222222223,0.1388888888888889,0.2296243798724309,1.959379708590594,0.8222222222222222,36.89809523809524
154,2018-05-09,9.0,161.0,6.0,0.0,540.6666666666666,0.1111111111111111,0.32298136645962733,1.5464609729879246,0.56,22.570833333333333
154,2018-05-10,43.0,659.0,9.0,0.21547799696509864,448.825,0.075,0.3171471927162367,1.7160144707211713,0.639751552795031,34.152380952380945
154,2018-05-11,43.0,824.0,13.0,0.08980582524271845,323.5952380952381,0.23809523809523808,0.2973300970873786,1.7424013725195824,0.7608142493638677,34.12619047619047
154,2018-05-12,37.0,1696.0,11.0,0.1786556603773585,376.56756756756755,0.21621621621621623,0.37971698113207547,1.6772101143876623,0.8861985472154964,39.923611111111114
154,2018-05-13,28.0,4163.0,12.0,0.06773961085755464,799.7407407407408,0.18518518518518517,0.33053086716310354,1.6059110975834228,0.952935468219311,50.09567901234568
154,2018-05-14,36.0,6889.0,13.0,0.39759036144578314,585.6111111111111,0.2222222222222222,0.2898824212512701,1.7929472123572328,0.9608308605341246,40.02809523809524
154,2018-05-15,37.0,1533.0,14.0,0.28245270711024134,506.43243243243245,0.08108108108108109,0.2987606001304631,1.9279887872773542,0.8005502063273727,39.89490740740741
154,2018-05-16,36.0,759.0,16.0,0.2898550724637681,588.060606060606,0.06060606060606061,0.3570487483530962,1.9245300256856885,0.7225274725274725,40.925714285714285
154,2018-05-17,19.0,382.0,9.0,0.8848167539267016,528.3125,0.0625,0.39267015706806285,1.4940785760460107,0.732620320855615,17.724074074074075
155,2018-04-15,1.0,3.0,2.0,0.0,7.0,1.0,0.6666666666666666,0.6365141682948128,0.0,0.0
155,2018-04-16,35.0,516.0,13.0,0.09108527131782945,331.0344827586207,0.034482758620689655,0.23255813953488372,2.111205027093414,0.5560538116591929,37.87990196078431
156,2018-04-05,2.0,28.0,3.0,0.0,476.0,0.0,0.42857142857142855,1.037814604446326,0.8,18.85
156,2018-04-06,23.0,1936.0,9.0,0.2128099173553719,273.8695652173913,0.21739130434782608,0.49638429752066116,1.5755903297564577,0.9689922480620154,62.04924242424241
156,2018-04-07,15.0,240.0,8.0,0.6833333333333333,257.9230769230769,0.07692307692307693,0.23333333333333334,1.8617549199413885,0.7454545454545455,73.54523809523809
157,2018-05-11,1.0,29.0,3.0,0.0,561.0,0.0,0.6206896551724138,0.7792771206047009,0.8461538461538461,0.0
157,2018-05-13,1.0,5.0,2.0,0.0,73.0,0.0,0.8,0.5004024235381879,1.0,0.0
158,2018-04-22,21.0,1559.0,10.0,0.0,272.4761904761905,0.19047619047619047,0.4656831302116741,1.557899373155789,0.918918918918919,14.734166666666667
158,2018-04-23,29.0,8733.0,18.0,0.04408565212412688,671.7931034482758,0.10344827586206896,0.24939883201648919,2.152875595419837,0.9628109152378652,50.82142857142857
158,2018-04-24,14.0,639.0,13.0,0.9655712050078247,680.7692307692307,0.23076923076923078,0.323943661971831,1.9827408782089384,0.7875816993464052,108.65769230769232
158,2018-04-25,23.0,488.0,16.0,0.19057377049180327,464.4,0.1,0.3135245901639344,2.1539095178807273,0.6666666666666666,61.08939393939393
159,2018-01-20,6.0,48.0,5.0,0.0,112.2,0.2,0.3333333333333333,1.4682383946803215,0.8947368421052632,37.28
159,2018-01-21,6.0,166.0,11.0,0.08433734939759036,432.3333333333333,0.0,0.27710843373493976,2.1323202450991086,0.573170731707317,163.66333333333336
159,2018-01-22,9.0,144.0,7.0,0.0,505.44444444444446,0.0,0.4722222222222222,1.4641465849813444,0.6666666666666666,47.56458333333333
159,2018-01-23,2.0,5.0,2.0,1.0,57.0,0.0,0.8,0.5004024235381879,0.5,83.33333333333333
160,2018-04-10,13.0,781.0,7.0,0.0,371.0769230769231,0.23076923076923078,0.30217669654289375,1.685353735954749,0.953125,19.940277777777776
160,2018-04-11,41.0,3538.0,12.0,0.24646693046919163,358.8048780487805,0.1951219512195122,0.30638778971170155,1.8681551574292365,0.9497338852749853,35.0075
160,2018-04-12,52.0,2816.0,9.0,0.3661221590909091,230.17307692307693,0.2692307692307692,0.6157670454545454,1.3145640043260136,0.9720430107526882,27.995751633986927
160,2018-04-13,44.0,3387.0,11.0,0.4585178624151166,395.52272727272725,0.1590909090909091,0.546796575140242,1.3927140902338369,0.9668711656441717,33.187209302325584
160,2018-04-14,59.0,1716.0,10.0,0.4149184149184149,374.7118644067797,0.1864406779661017,0.38403263403263405,1.4519095358881715,0.9333333333333333,24.23247126436782
160,2018-04-15,24.0,583.0,12.0,0.23156089193825044,194.625,0.2916666666666667,0.3156089193825043,1.931857149099826,0.8832116788321168,54.77753623188405
160,2018-04-16,36.0,1279.0,8.0,0.27130570758405004,357.77777777777777,0.25,0.44566067240031276,1.4638886884589322,0.9413629160063391,39.93666666666667
160,2018-04-17,49.0,5390.0,12.0,0.3512059369202226,436.0612244897959,0.16326530612244897,0.44712430426716143,1.7391247723372105,0.9545795795795796,29.4875
160,2018-04-18,43.0,860.0,6.0,0.2651162790697674,264.3255813953488,0.3023255813953488,0.8116279069767441,0.7222125634041718,0.964200477326969,33.88095238095238
160,2018-04-19,52.0,4377.0,10.0,0.15901302261823166,243.1153846153846,0.3269230769230769,0.5645419236920265,1.431460866150092,0.9749768303985171,27.27777777777778
160,2018-04-20,53.0,3188.0,14.0,0.30520702634880803,271.8867924528302,0.20754716981132076,0.43914680050188204,1.925363442966487,0.9276105060858424,26.733653846153842
160,2018-04-21,40.0,1974.0,12.0,0.2811550151975684,484.15,0.175,0.46403242147923,1.6918852247083944,0.9227513227513228,36.26153846153847
160,2018-04-22,39.0,1339.0,8.0,0.14712471994025392,374.5128205128205,0.20512820512820512,0.7050037341299478,1.0237159684262824,0.8958652373660031,37.63377192982456
160,2018-04-23,47.0,2139.0,8.0,0.13183730715287517,333.6595744680851,0.23404255319148937,0.412809724170173,1.6568566423048925,0.9348469891411648,30.65108695652174
160,2018-04-24,38.0,2325.0,10.0,0.2735483870967742,358.2631578947368,0.23684210526315788,0.3217204301075269,1.82934135306728,0.9336244541484716,38.59684684684685
160,2018-04-25,57.0,1371.0,10.0,0.16921954777534645,280.1132075471698,0.3018867924528302,0.587162654996353,1.3616211900745832,0.899505766062603,25.580654761904764
160,2018-04-26,34.0,6354.0,9.0,0.09442870632672333,332.3529411764706,0.2647058823529412,0.2581051306263771,1.9951259705421633,0.978295563357804,42.81868686868686
160,2018-04-27,51.0,5430.0,13.0,0.3821362799263352,313.4375,0.2708333333333333,0.2751381215469613,2.090557230224753,0.9452623631559078,28.240333333333332
160,2018-04-28,19.0,390.0,10.0,0.8794871794871795,461.5882352941176,0.058823529411764705,0.2205128205128205,1.995768080805089,0.6020942408376964,48.419444444444444
161,2018-04-02,8.0,168.0,7.0,0.0,270.625,0.125,0.6011904761904762,1.2629859808502075,0.8307692307692308,12.661904761904761
161,2018-04-03,46.0,4335.0,18.0,0.05444059976931949,478.17391304347825,0.21739130434782608,0.4419838523644752,1.8471866423910437,0.917057902973396,31.809999999999995
161,2018-04-04,53.0,3161.0,12.0,0.021512179689971527,424.45283018867923,0.16981132075471697,0.6292312559316672,1.3445935977362282,0.9152308752584425,27.296794871794873
161,2018-04-05,25.0,418.0,9.0,0.16267942583732056,273.96,0.24,0.6746411483253588,1.0936194166978037,0.847457627118644,59.396527777777784
161,2018-04-06,44.0,1066.0,17.0,0.225140712945591,727.5526315789474,0.13157894736842105,0.550656660412758,1.6637357888373943,0.7388663967611336,31.119379844961237
162,2018-04-21,2.0,172.0,5.0,0.0,1035.0,0.0,0.6104651162790697,1.1021595651434306,0.9230769230769231,95.26666666666667
162,2018-04-22,49.0,8558.0,14.0,0.3989249824725403,378.38775510204084,0.10204081632653061,0.3255433512502921,1.8020953335052723,0.9579103738549146,29.454166666666666
162,2018-04-23,46.0,5257.0,13.0,0.4070762792467187,364.95652173913044,0.10869565217391304,0.5166444740346205,1.6637160065080558,0.9546033092914722,31.61111111111111
162,2018-04-24,46.0,3370.0,14.0,0.43768545994065283,317.7173913043478,0.2826086956521739,0.47240356083086055,1.7536340911130321,0.9153645833333334,31.714074074074066
162,2018-04-25,55.0,3814.0,12.0,0.30571578395385424,322.92727272727274,0.3090909090909091,0.41190351337178815,1.844767541518122,0.9391612522150029,26.483333333333327
162,2018-04-26,23.0,1497.0,12.0,0.6947227788911156,479.59090909090907,0.2727272727272727,0.41148964595858384,1.7240415712587243,0.900887573964497,50.045454545454554
162,2018-04-28,18.0,220.0,9.0,0.0,173.625,0.625,0.2727272727272727,1.8339945561130444,0.6111111111111112,44.84117647058824
162,2018-04-29,25.0,292.0,6.0,0.8698630136986302,168.4,0.3,0.4383561643835616,1.3468616970762806,0.6153846153846154,19.940972222222225
162,2018-05-01,35.0,760.0,9.0,0.12631578947368421,230.91176470588235,0.23529411764705882,0.45921052631578946,1.5139331036648498,0.8624641833810889,40.06960784313725
162,2018-05-02,14.0,275.0,7.0,1.0,617.0714285714286,0.07142857142857142,0.5490909090909091,1.2945741015083632,0.6771653543307087,20.814102564102562
162,2018-05-03,31.0,817.0,12.0,0.1175030599755202,359.6774193548387,0.16129032258064516,0.5556915544675642,1.518389616473291,0.8446866485013624,40.35666666666666
162,2018-05-04,19.0,422.0,9.0,0.9881516587677726,363.1578947368421,0.15789473684210525,0.6350710900473934,1.200248182753125,0.8238341968911918,15.925925925925927
162,2018-05-05,18.0,375.0,9.0,0.0,132.27777777777777,0.1111111111111111,0.8186666666666667,0.8190209342395063,0.8963414634146342,61.824509803921565
162,2018-05-06,20.0,324.0,7.0,0.5493827160493827,127.45,0.25,0.6481481481481481,1.1627504328187006,0.8679245283018868,24.24298245614035
162,2018-05-08,18.0,783.0,9.0,0.0,167.72222222222223,0.1111111111111111,0.3524904214559387,1.7582167348207616,0.7651933701657458,20.423529411764704
162,2018-05-09,38.0,1845.0,13.0,0.7138211382113822,435.1666666666667,0.08333333333333333,0.4997289972899729,1.6150495728693721,0.8346820809248555,37.40045045045046
162,2018-05-10,29.0,358.0,12.0,0.4720670391061452,243.625,0.25,0.611731843575419,1.4340644397865645,0.696969696969697,34.215476190476195
162,2018-05-11,21.0,987.0,14.0,0.0,469.15,0.1,0.5460992907801419,1.7166852677345963,0.8223684210526315,32.49499999999999
162,2018-05-12,40.0,1346.0,12.0,0.49777117384843983,257.55,0.2,0.6270430906389302,1.3999577474134335,0.8623417721518988,36.73675213675214
162,2018-05-13,5.0,114.0,6.0,1.0,149.4,0.0,0.43859649122807015,1.1212968297014407,0.8301886792452831,39.67916666666667
163,2018-04-06,2.0,7.0,2.0,0.0,33.5,0.0,0.8571428571428571,0.410116318288409,1.0,10.85
163,2018-04-07,8.0,89.0,13.0,0.8651685393258427,210.28571428571428,0.2857142857142857,0.43820224719101125,1.9749273949748438,0.6153846153846154,195.0333333333333
163,2018-04-08,32.0,437.0,16.0,0.5354691075514875,208.32142857142858,0.21428571428571427,0.19679633867276888,2.361301545257025,0.7029702970297029,46.14032258064516
163,2018-04-09,12.0,89.0,11.0,0.8876404494382022,272.0,0.0,0.4044943820224719,1.755483809622081,0.7105263157894737,28.275757575757574
163,2018-04-11,14.0,169.0,11.0,0.0,238.30769230769232,0.07692307692307693,0.1834319526627219,2.108829451827628,0.6835443037974683,30.832051282051278
163,2018-04-12,7.0,115.0,11.0,1.0,556.4,0.0,0.4,1.815838107458929,0.5121951219512195,20.36111111111111
164,2018-04-17,12.0,259.0,7.0,0.0,205.58333333333334,0.08333333333333333,0.3088803088803089,1.4991199990338375,0.8,97.88484848484849
164,2018-04-18,18.0,555.0,12.0,0.06486486486486487,177.55555555555554,0.16666666666666666,0.2972972972972973,2.0613251309531453,0.8807692307692307,82.86274509803923
164,2018-04-19,7.0,70.0,8.0,0.7142857142857143,229.0,0.14285714285714285,0.5142857142857142,1.539267662981199,0.7096774193548387,158.6916666666667
164,2018-04-20,5.0,15.0,3.0,0.0,50.5,0.5,0.5333333333333333,0.8823109245150755,0.8333333333333334,168.50416666666663
164,2018-04-21,16.0,972.0,11.0,0.02880658436213992,176.4375,0.0,0.26954732510288065,1.9602844669156816,0.8322295805739515,80.6388888888889
164,2018-04-22,16.0,216.0,9.0,0.8148148148148148,249.07692307692307,0.15384615384615385,0.4074074074074074,1.7417943206274087,0.822429906542056,94.91444444444446
164,2018-04-23,2.0,15.0,3.0,1.0,199.0,0.0,0.5333333333333333,0.9701157839869381,0.6,110.66666666666667
164,2018-04-24,9.0,66.0,4.0,0.0,58.44444444444444,0.2222222222222222,0.45454545454545453,1.2115548457978074,0.7586206896551724,41.46666666666667
164,2018-04-25,12.0,237.0,8.0,0.8270042194092827,96.16666666666667,0.3333333333333333,0.3037974683544304,1.829926773239964,0.8260869565217391,96.97424242424243
164,2018-04-27,9.0,27.0,3.0,0.0,107.71428571428571,0.2857142857142857,0.5925925925925926,0.8000120331977751,0.5,27.6
164,2018-04-28,20.0,92.0,6.0,0.30434782608695654,49.388888888888886,0.2222222222222222,0.29347826086956524,1.6793407003324403,0.7073170731707317,74.00087719298246
164,2018-04-29,10.0,78.0,6.0,1.0,271.9,0.1,0.6410256410256411,1.118186210251599,0.7714285714285715,15.792592592592591
164,2018-04-30,8.0,52.0,6.0,0.0,46.8,0.2,0.7692307692307693,0.8789119722335885,0.8181818181818182,131.69523809523812
164,2018-05-01,3.0,13.0,3.0,1.0,206.33333333333334,0.3333333333333333,0.7692307692307693,0.6870920273799715,0.8,58.849999999999994
165,2018-03-31,8.0,112.0,4.0,0.0,211.75,0.25,0.5178571428571429,1.1225725419219854,0.803921568627451,68.42142857142858
165,2018-04-01,31.0,4440.0,11.0,0.16396396396396395,369.61290322580646,0.16129032258064516,0.3195945945945946,1.8119295038364103,0.9479553903345725,47.653888888888886
165,2018-04-02,37.0,3947.0,10.0,0.29338738282239674,445.5945945945946,0.10810810810810811,0.5100076007093995,1.3803850682359515,0.8854961832061069,39.08472222222222
165,2018-04-03,34.0,2441.0,8.0,0.17615731257681277,409.05882352941177,0.11764705882352941,0.3707496927488734,1.5670517295224995,0.8687035507844756,43.336868686868684
165,2018-04-04,14.0,485.0,9.0,0.9134020618556701,484.42857142857144,0.0,0.44742268041237115,1.699641552932065,0.7416666666666667,51.583333333333336
166,2018-04-18,26.0,118.0,2.0,0.4661016949152542,111.65384615384616,0.11538461538461539,0.9830508474576272,0.08591550133466311,0.9655172413793104,29.834000000000007
166,2018-04-22,13.0,53.0,1.0,0.0,47.916666666666664,0.16666666666666666,1.0,0.0,1.0,54.724999999999994
166,2018-04-24,13.0,66.0,4.0,0.12121212121212122,155.6153846153846,0.0,0.696969696969697,0.8855148145651742,0.6875,103.0513888888889
167,2018-04-22,22.0,208.0,6.0,0.42788461538461536,230.3,0.25,0.3942307692307692,1.4975106288378324,0.7864077669902912,62.91587301587302
167,2018-04-23,2.0,6.0,2.0,1.0,34.5,0.0,0.6666666666666666,0.6365141682948128,0.5,17.466666666666665
168,2018-03-30,3.0,9.0,2.0,0.0,6.0,1.0,0.6666666666666666,0.6365141682948128,0.6666666666666666,60.7
168,2018-03-31,13.0,304.0,9.0,0.009868421052631578,191.15384615384616,0.07692307692307693,0.19736842105263158,2.0363651623446763,0.8560606060606061,107.78750000000001
168,2018-04-01,16.0,575.0,7.0,0.06782608695652174,285.125,0.1875,0.44521739130434784,1.4845803064141587,0.9197080291970803,84.11999999999999
168,2018-04-02,30.0,992.0,11.0,0.028225806451612902,193.16666666666666,0.16666666666666666,0.43044354838709675,1.8895252713987098,0.8922413793103449,44.3344827586207
168,2018-04-03,25.0,727.0,12.0,0.1031636863823934,166.08,0.08,0.32599724896836313,1.9846287093449586,0.9159420289855073,54.518055555555556
168,2018-04-04,19.0,996.0,12.0,0.05220883534136546,369.2105263157895,0.3684210526315789,0.2931726907630522,1.780296436355327,0.8893528183716075,74.43240740740741
168,2018-04-05,18.0,807.0,17.0,0.022304832713754646,287.05555555555554,0.3333333333333333,0.2255266418835192,2.436008704002961,0.8448275862068966,78.25882352941176
168,2018-04-06,22.0,158.0,11.0,0.05063291139240506,148.125,0.1875,0.31645569620253167,1.8483768931949471,0.7101449275362319,60.78095238095237
168,2018-04-07,32.0,339.0,10.0,0.07079646017699115,173.7,0.1,0.30973451327433627,1.7782146847957172,0.8367346938775511,41.91021505376345
168,2018-04-08,31.0,251.0,10.0,0.18326693227091634,115.96551724137932,0.13793103448275862,0.32270916334661354,1.6465038193931207,0.7678571428571429,44.45111111111111
168,2018-04-09,16.0,365.0,12.0,0.019178082191780823,181.9375,0.0,0.20821917808219179,2.0734354807670945,0.7352941176470589,87.24666666666667
168,2018-04-10,21.0,476.0,11.0,0.28991596638655465,244.33333333333334,0.09523809523809523,0.3319327731092437,1.8565674501686507,0.8414096916299559,71.34916666666666
168,2018-04-11,20.0,452.0,12.0,0.06415929203539823,203.73684210526315,0.21052631578947367,0.36504424778761063,1.622795907138606,0.827027027027027,75.56491228070176
168,2018-04-12,19.0,436.0,10.0,0.11009174311926606,174.23529411764707,0.0,0.29357798165137616,1.9021443618216227,0.8798076923076923,79.76203703703705
168,2018-04-13,13.0,273.0,10.0,0.10989010989010989,260.5833333333333,0.25,0.4065934065934066,1.7130735034422677,0.8717948717948718,106.60694444444444
168,2018-04-14,19.0,299.0,11.0,0.0,172.8421052631579,0.3157894736842105,0.22073578595317725,1.9612951670308805,0.6985294117647058,43.736111111111114
168,2018-04-15,17.0,198.0,10.0,0.1919191919191919,123.5625,0.25,0.36363636363636365,1.7927131663485603,0.8,88.63229166666667
168,2018-04-16,20.0,185.0,12.0,0.08108108108108109,409.8125,0.125,0.654054054054054,1.2660121584826236,0.7261904761904762,75.5719298245614
168,2018-04-17,2.0,27.0,4.0,1.0,128.0,0.0,0.5925925925925926,1.098056091055942,0.75,10.033333333333333
169,2018-03-28,2.0,18.0,1.0,0.0,21.0,0.5,1.0,0.0,1.0,78.96666666666667
169,2018-03-29,3.0,40.0,1.0,0.0,19.0,0.3333333333333333,1.0,0.0,1.0,114.48333333333333
169,2018-04-04,3.0,30.0,1.0,0.0,199.0,0.0,1.0,0.0,1.0,44.891666666666666
169,2018-04-05,3.0,24.0,2.0,0.0,133.66666666666666,0.3333333333333333,0.8333333333333334,0.45056120886630463,0.9090909090909091,342.65
169,2018-04-06,2.0,14.0,2.0,0.0,100.5,0.5,0.7142857142857143,0.5982695885852573,0.8333333333333334,241.6
169,2018-04-08,8.0,60.0,2.0,0.16666666666666666,86.25,0.375,0.8,0.5004024235381879,0.7931034482758621,178.66190476190476
169,2018-04-09,7.0,48.0,2.0,0.08333333333333333,22.857142857142858,0.7142857142857143,0.875,0.37677016125643675,0.8695652173913043,125.38333333333334
169,2018-04-12,3.0,28.0,2.0,0.0,182.33333333333334,0.6666666666666666,0.7142857142857143,0.5982695885852573,0.9230769230769231,123.66666666666666
169,2018-04-13,11.0,100.0,2.0,0.16,84.81818181818181,0.5454545454545454,0.96,0.167944147734173,0.9183673469387755,46.18
169,2018-04-17,2.0,30.0,1.0,0.0,214.0,0.0,1.0,0.0,1.0,73.43333333333334
169,2018-04-18,17.0,223.0,4.0,0.053811659192825115,110.58823529411765,0.23529411764705882,0.8251121076233184,0.6328286405628689,0.8857142857142857,76.42395833333333
169,2018-04-19,9.0,74.0,4.0,0.10810810810810811,70.0,0.6666666666666666,0.8918918918918919,0.4549437534681774,0.8823529411764706,88.14375000000001
169,2018-04-22,4.0,200.0,2.0,0.0,31.5,0.25,0.57,0.683314913574166,0.9393939393939394,109.1111111111111
169,2018-04-23,43.0,1994.0,4.0,0.4002006018054162,132.3953488372093,0.5581395348837209,0.9317953861584755,0.30710653417415545,0.9832285115303984,33.29404761904762
169,2018-04-24,11.0,340.0,3.0,0.6588235294117647,162.36363636363637,0.36363636363636365,0.9117647058823529,0.35459882755264893,0.9874213836477987,97.79499999999999
169,2018-04-25,9.0,396.0,3.0,0.0,201.88888888888889,0.4444444444444444,0.8939393939393939,0.40570805936338084,0.9781420765027322,33.90833333333333
169,2018-04-26,13.0,290.0,5.0,0.6,112.41666666666667,0.4166666666666667,0.7241379310344828,0.7415111765725123,0.9722222222222222,88.05416666666666
170,2018-04-16,5.0,15.0,2.0,0.0,124.0,0.0,0.7333333333333333,0.5799151714181009,0.42857142857142855,9.366666666666667
170,2018-04-17,5.0,27.0,2.0,0.0,52.75,0.25,0.6296296296296297,0.6591525038229908,0.16666666666666666,44.27083333333333
171,2018-01-17,2.0,4.0,1.0,0.0,3.5,1.0,1.0,0.0,1.0,136.65
171,2018-01-19,2.0,4.0,1.0,0.0,3.0,1.0,1.0,0.0,1.0,273.26666666666665
171,2018-01-20,2.0,4.0,1.0,0.5,3.0,1.0,1.0,0.0,1.0,1431.2333333333333
171,2018-01-22,1.0,2.0,1.0,1.0,3.0,1.0,1.0,0.0,0.0,0.0
171,2018-04-16,2.0,3.0,1.0,0.0,3.0,1.0,1.0,0.0,0.0,17.983333333333334
171,2018-04-19,2.0,3.0,1.0,0.0,3.0,1.0,1.0,0.0,0.0,14.433333333333334
171,2018-04-22,2.0,3.0,1.0,0.0,3.0,1.0,1.0,0.0,0.0,51.083333333333336
171,2018-04-25,2.0,3.0,1.0,0.0,4.0,1.0,1.0,0.0,0.0,15.75
172,2018-04-06,25.0,1021.0,13.0,0.0068560235063663075,251.41666666666666,0.25,0.6092066601371204,1.4647597936742522,0.8752783964365256,50.02569444444445
172,2018-04-07,43.0,2385.0,19.0,0.2029350104821803,364.8139534883721,0.2558139534883721,0.5815513626834381,1.6423062578950665,0.8991899189918992,33.26904761904761
172,2018-04-08,1.0,8.0,2.0,1.0,28.0,0.0,0.5,0.6931471805599453,0.6666666666666666,0.0
173,2018-04-21,26.0,1658.0,12.0,0.0,220.03846153846155,0.3076923076923077,0.3691194209891435,1.6344021118939025,0.9329758713136729,23.52733333333333
173,2018-04-22,39.0,4273.0,13.0,0.3051720102972151,364.84615384615387,0.1794871794871795,0.31055464544816286,2.0475716455763635,0.9097185342538502,36.921052631578945
173,2018-04-23,5.0,22.0,3.0,1.0,52.4,0.2,0.6363636363636364,0.8599672810355049,0.7777777777777778,50.945833333333326
174,2018-01-05,25.0,387.0,10.0,0.16020671834625322,143.08333333333334,0.375,0.20671834625322996,1.980731767524929,0.81875,53.77708333333334
174,2018-01-06,13.0,221.0,9.0,0.3936651583710407,190.91666666666666,0.4166666666666667,0.22624434389140272,2.003690405182115,0.8736842105263158,46.550000000000004
174,2018-01-07,25.0,175.0,10.0,0.18857142857142858,173.85714285714286,0.23809523809523808,0.3314285714285714,1.9606298619252835,0.6363636363636364,55.34097222222223
174,2018-01-08,39.0,241.0,11.0,0.31950207468879666,176.4,0.23333333333333334,0.2033195020746888,2.1481866933413962,0.5510204081632653,33.99078947368421
175,2018-04-16,24.0,330.0,17.0,0.0,498.6111111111111,0.1111111111111111,0.38181818181818183,2.0729407411931264,0.5514705882352942,17.988405797101446
175,2018-04-17,55.0,1723.0,19.0,0.277423099245502,263.27272727272725,0.2545454545454545,0.2106790481717934,2.496635009563751,0.8346456692913385,25.092592592592595
175,2018-04-18,27.0,452.0,17.0,0.7964601769911505,281.54545454545456,0.18181818181818182,0.25663716814159293,2.2744118353710627,0.7254901960784313,37.02948717948718
176,2018-05-03,42.0,1353.0,19.0,0.3325942350332594,218.04761904761904,0.2619047619047619,0.2017738359201774,2.468012028877065,0.8756756756756757,31.794308943089433
176,2018-05-04,8.0,207.0,10.0,1.0,238.16666666666666,0.16666666666666666,0.2898550724637681,1.8679646823757161,0.8148148148148148,24.404761904761905
177,2018-01-17,1.0,2.0,1.0,0.0,6.0,1.0,1.0,0.0,0.0,0.0
177,2018-01-19,1.0,2.0,1.0,0.0,8.0,1.0,1.0,0.0,0.0,0.0
177,2018-01-20,1.0,2.0,1.0,1.0,5.0,1.0,1.0,0.0,0.0,0.0
177,2018-01-21,3.0,6.0,1.0,0.3333333333333333,4.666666666666667,1.0,1.0,0.0,1.0,527.1583333333333
177,2018-04-16,1.0,2.0,1.0,0.0,5.0,1.0,1.0,0.0,0.0,0.0
177,2018-04-17,1.0,2.0,1.0,0.0,6.0,1.0,1.0,0.0,0.0,0.0
177,2018-04-19,1.0,2.0,1.0,0.0,7.0,1.0,1.0,0.0,0.0,0.0
177,2018-04-22,1.0,2.0,1.0,0.0,4.0,1.0,1.0,0.0,0.0,0.0
177,2018-04-25,1.0,2.0,1.0,0.0,8.0,1.0,1.0,0.0,0.0,0.0
178,2018-04-09,2.0,7.0,1.0,0.0,4.0,1.0,1.0,0.0,0.0,79.43333333333334
178,2018-04-10,28.0,1286.0,13.0,0.08398133748055987,255.03571428571428,0.25,0.27682737169517885,2.145735447739416,0.9134948096885813,50.7858024691358
178,2018-04-11,18.0,610.0,11.0,0.4524590163934426,210.55555555555554,0.3333333333333333,0.25245901639344265,2.0519556700371004,0.8913043478260869,78.41862745098038
178,2018-04-12,27.0,961.0,12.0,0.37669094693028093,196.1851851851852,0.07407407407407407,0.3007284079084287,1.969950813948079,0.908883826879271,53.045512820512826
178,2018-04-13,24.0,560.0,11.0,0.6892857142857143,161.29166666666666,0.375,0.2392857142857143,2.066445286494644,0.8604651162790697,51.94565217391305
179,2018-04-02,24.0,495.0,10.0,0.0,288.2916666666667,0.25,0.3515151515151515,1.613020569677156,0.8304093567251462,15.661594202898552
179,2018-04-03,56.0,3806.0,19.0,0.05990541250656858,236.73214285714286,0.2857142857142857,0.28901734104046245,2.036349846992144,0.9366754617414248,25.83090909090909
179,2018-04-04,50.0,1477.0,14.0,0.16790792146242384,266.4166666666667,0.2916666666666667,0.4515910629654705,1.7022933387455876,0.884310618066561,29.32993197278911
179,2018-04-05,53.0,795.0,18.0,0.06415094339622641,153.30188679245282,0.39622641509433965,0.36981132075471695,2.0396309496436213,0.8289473684210527,27.15961538461538
179,2018-04-06,57.0,1091.0,12.0,0.41704857928505956,271.6909090909091,0.2909090909090909,0.48120989917506873,1.5066874132407162,0.8261851015801355,24.84047619047619
179,2018-04-07,39.0,613.0,16.0,0.25122349102773245,528.4666666666667,0.0,0.6133768352365416,1.423846210682449,0.7829457364341085,37.01929824561404
179,2018-04-08,14.0,119.0,6.0,0.3865546218487395,226.9090909090909,0.09090909090909091,0.5210084033613446,1.392720436046012,0.6415094339622641,68.43717948717949
179,2018-04-09,33.0,258.0,13.0,0.0,298.52,0.12,0.375968992248062,1.8337782029696452,0.46808510638297873,24.809375
179,2018-04-10,18.0,295.0,10.0,0.09830508474576272,502.7647058823529,0.0,0.3016949152542373,1.8058443367018309,0.5294117647058824,83.2078431372549
179,2018-04-11,19.0,146.0,9.0,0.11643835616438356,219.85714285714286,0.07142857142857142,0.6164383561643836,1.327497026375475,0.7627118644067796,62.30092592592592
179,2018-04-12,54.0,578.0,12.0,0.25432525951557095,446.2162162162162,0.13513513513513514,0.4826989619377163,1.635810122319633,0.6583333333333333,26.932704402515725
179,2018-04-13,25.0,144.0,10.0,0.013888888888888888,239.52380952380952,0.23809523809523808,0.2638888888888889,1.7743135999191009,0.7592592592592593,59.94583333333333
179,2018-04-14,40.0,532.0,18.0,0.4266917293233083,348.96774193548384,0.06451612903225806,0.34962406015037595,2.095555606278472,0.7086956521739131,35.89017094017093
179,2018-04-15,30.0,226.0,10.0,0.1415929203539823,231.2173913043478,0.08695652173913043,0.5132743362831859,1.554328284667866,0.7419354838709677,36.32816091954023
179,2018-04-16,46.0,534.0,14.0,0.07865168539325842,395.2972972972973,0.08108108108108109,0.47752808988764045,1.8112278061237481,0.6519823788546255,29.003333333333334
179,2018-04-17,31.0,308.0,12.0,0.35064935064935066,424.375,0.0,0.4155844155844156,1.6885725284427513,0.6551724137931034,47.540555555555564
179,2018-04-18,39.0,398.0,10.0,0.1407035175879397,399.7037037037037,0.07407407407407407,0.6683417085427136,1.2267654811935038,0.7964071856287425,37.24824561403509
179,2018-04-19,44.0,435.0,13.0,0.2160919540229885,393.1621621621622,0.0,0.4528735632183908,1.7218225941769894,0.5681818181818182,26.03449612403101
179,2018-04-20,19.0,143.0,9.0,0.0,354.53333333333336,0.06666666666666667,0.27972027972027974,1.815632463081663,0.5625,20.279629629629632
179,2018-04-21,32.0,278.0,16.0,0.460431654676259,361.29411764705884,0.17647058823529413,0.4136690647482014,1.941723243449088,0.5714285714285714,45.6962365591398
179,2018-04-22,30.0,452.0,13.0,0.2168141592920354,397.65,0.15,0.334070796460177,1.8086433721492745,0.5706806282722513,38.1316091954023
179,2018-04-23,14.0,78.0,7.0,0.0,219.27272727272728,0.0,0.3076923076923077,1.7687324644710172,0.48,20.521794871794874
179,2018-04-24,28.0,185.0,10.0,0.11351351351351352,178.95,0.25,0.6108108108108108,1.3204119255762865,0.6986301369863014,41.824691358024694
179,2018-04-25,26.0,356.0,13.0,0.0,507.0416666666667,0.041666666666666664,0.6432584269662921,1.3750520228426952,0.7310344827586207,28.042
179,2018-04-26,52.0,626.0,14.0,0.305111821086262,409.0285714285714,0.14285714285714285,0.3402555910543131,2.034761661814649,0.6818181818181818,27.853594771241834
179,2018-04-27,21.0,310.0,8.0,0.5645161290322581,413.1111111111111,0.0,0.43548387096774194,1.5487361024322226,0.717391304347826,39.40666666666667
179,2018-04-28,46.0,823.0,18.0,0.23572296476306198,582.6176470588235,0.08823529411764706,0.284325637910085,1.9954478875784145,0.6666666666666666,31.819259259259262
179,2018-04-29,31.0,232.0,9.0,0.004310344827586207,275.57894736842104,0.21052631578947367,0.47844827586206895,1.5408953163136514,0.7157894736842105,37.01611111111111
179,2018-04-30,42.0,215.0,12.0,0.1813953488372093,237.88,0.12,0.2372093023255814,1.968536109604982,0.5769230769230769,34.888211382113816
179,2018-05-01,53.0,673.0,13.0,0.16047548291233285,236.7659574468085,0.23404255319148937,0.27191679049034173,1.9144583416841465,0.7745901639344263,26.990705128205132
179,2018-05-02,51.0,596.0,12.0,0.2516778523489933,444.9268292682927,0.12195121951219512,0.313758389261745,1.7384219585836898,0.6497890295358649,28.50766666666667
179,2018-05-03,24.0,174.0,10.0,0.4827586206896552,266.2105263157895,0.15789473684210525,0.41954022988505746,1.762586982679976,0.6363636363636364,36.73550724637681
180,2018-04-12,29.0,708.0,9.0,0.0,451.17241379310343,0.2413793103448276,0.4477401129943503,1.6485284435100567,0.8126984126984127,17.370833333333334
180,2018-04-13,26.0,1058.0,13.0,0.20226843100189035,244.34615384615384,0.19230769230769232,0.19092627599243855,2.2920824205900105,0.9019607843137255,51.33133333333333
180,2018-04-14,46.0,1077.0,13.0,0.28876508820798513,255.82608695652175,0.30434782608695654,0.2525533890436397,1.9100081649736194,0.8685831622176592,30.73259259259259
180,2018-04-15,28.0,477.0,13.0,0.42138364779874216,497.17391304347825,0.08695652173913043,0.44025157232704404,1.8444406934674022,0.6863636363636364,50.872839506172845
180,2018-04-16,20.0,246.0,13.0,0.3617886178861789,311.4117647058824,0.11764705882352941,0.2804878048780488,2.0491759910269423,0.6636363636363637,50.05087719298246
180,2018-04-17,14.0,634.0,12.0,0.0,528.9285714285714,0.07142857142857142,0.4195583596214511,1.7774813366662139,0.8776223776223776,82.46282051282053
180,2018-04-18,33.0,902.0,13.0,0.37915742793791574,222.87878787878788,0.3939393939393939,0.5565410199556541,1.4917753013857074,0.8761904761904762,42.09166666666667
180,2018-04-19,37.0,865.0,14.0,0.6092485549132948,287.5135135135135,0.40540540540540543,0.3375722543352601,1.8747446663699048,0.8395989974937343,37.605555555555554
180,2018-04-20,47.0,870.0,14.0,0.49885057471264366,289.34090909090907,0.25,0.2747126436781609,1.8794193351454027,0.7506493506493507,30.9677536231884
180,2018-04-21,23.0,426.0,13.0,0.5586854460093896,259.7391304347826,0.2608695652173913,0.2652582159624413,2.054483893741511,0.7365591397849462,55.468939393939394
180,2018-04-22,18.0,241.0,12.0,0.6804979253112033,236.66666666666666,0.2222222222222222,0.33195020746887965,2.064731306944649,0.7238095238095238,22.76078431372549
181,2018-04-09,15.0,349.0,9.0,0.0,149.73333333333332,0.2,0.28653295128939826,1.7868569836621206,0.8246753246753247,50.259523809523806
181,2018-04-10,3.0,12.0,5.0,0.0,76.5,0.0,0.3333333333333333,1.5171063970610277,0.5,217.50833333333333
181,2018-04-12,1.0,2.0,1.0,0.0,2.0,1.0,1.0,0.0,0.0,0.0
182,2018-04-02,33.0,449.0,13.0,0.09131403118040089,240.61290322580646,0.3870967741935484,0.2806236080178174,2.1047947069930677,0.768361581920904,40.6078125
182,2018-04-03,2.0,13.0,5.0,1.0,87.0,0.0,0.3076923076923077,1.5247073930301434,0.5,134.36666666666667
183,2018-04-01,26.0,3407.0,16.0,0.0,317.65384615384613,0.3076923076923077,0.27091282653360726,2.148267627644588,0.8850649350649351,22.32266666666667
183,2018-04-02,24.0,4536.0,18.0,0.7396384479717814,384.3333333333333,0.25,0.5030864197530864,1.7940192266625097,0.9213320463320464,37.60217391304348
184,2018-01-22,11.0,100.0,4.0,0.74,198.8,0.2,0.38,1.2057401731942674,0.673469387755102,41.81166666666666
184,2018-01-23,2.0,15.0,3.0,1.0,50.0,0.0,0.4,1.0851886129676505,0.7142857142857143,95.53333333333333
184,2018-01-25,8.0,52.0,7.0,0.8846153846153846,218.57142857142858,0.14285714285714285,0.38461538461538464,1.5193826646423008,0.64,56.14523809523809
184,2018-01-27,14.0,148.0,6.0,0.8581081081081081,234.30769230769232,0.0,0.5,1.2087337451323956,0.863013698630137,30.023076923076925
184,2018-01-28,17.0,116.0,7.0,0.10344827586206896,104.0,0.2,0.3103448275862069,1.689393028430946,0.6491228070175439,73.64270833333333
184,2018-01-29,17.0,94.0,6.0,0.7872340425531915,112.86666666666666,0.3333333333333333,0.3191489361702128,1.544145167186561,0.5,83.13229166666667
185,2018-04-10,29.0,710.0,19.0,0.18309859154929578,249.67857142857142,0.17857142857142858,0.37464788732394366,2.1684187265609496,0.7079646017699115,44.516071428571436
186,2018-05-02,36.0,2068.0,10.0,0.2727272727272727,364.5,0.3055555555555556,0.379110251450677,1.5649857167606807,0.9311087190527448,39.241428571428564
186,2018-05-03,12.0,340.0,7.0,1.0,225.72727272727272,0.09090909090909091,0.3058823529411765,1.6799893586316066,0.8536585365853658,18.086363636363636
186,2018-05-05,5.0,77.0,5.0,0.0,454.0,0.0,0.4155844155844156,1.2515192018894896,0.6666666666666666,28.4875
186,2018-05-06,29.0,279.0,10.0,0.4874551971326165,253.3913043478261,0.08695652173913043,0.36200716845878134,1.5592398346450702,0.6854838709677419,41.28928571428571
186,2018-05-12,4.0,69.0,7.0,0.0,153.5,0.25,0.5217391304347826,1.2382561236386778,0.696969696969697,19.305555555555557
186,2018-05-13,37.0,548.0,11.0,0.30656934306569344,284.5806451612903,0.12903225806451613,0.6386861313868614,1.3463559958575697,0.8301158301158301,36.49166666666666
187,2018-04-03,6.0,77.0,7.0,0.0,162.33333333333334,0.6666666666666666,0.4935064935064935,1.5553738581513563,0.6333333333333333,39.92
187,2018-04-04,52.0,1372.0,18.0,0.06851311953352769,292.84,0.38,0.35495626822157433,2.151744620332032,0.7901459854014599,24.525163398692804
187,2018-04-05,3.0,116.0,9.0,0.0,432.6666666666667,0.0,0.3275862068965517,1.7916282733219242,0.4444444444444444,36.175
187,2018-04-06,19.0,202.0,11.0,0.0,213.47058823529412,0.23529411764705882,0.2871287128712871,1.857117366290005,0.5647058823529412,15.09074074074074
187,2018-04-07,34.0,409.0,15.0,0.004889975550122249,325.8888888888889,0.14814814814814814,0.293398533007335,2.112033800467442,0.5058139534883721,29.240909090909096
187,2018-04-08,41.0,633.0,15.0,0.07898894154818326,415.0,0.1,0.33965244865718797,2.125126514790737,0.5017182130584192,29.975833333333334
187,2018-04-10,18.0,257.0,9.0,0.0,262.0,0.058823529411764705,0.22957198443579765,1.8160273699411609,0.7391304347826086,22.59803921568627
187,2018-04-11,36.0,329.0,15.0,0.1398176291793313,276.7391304347826,0.30434782608695654,0.24924012158054712,2.3432787676079405,0.5639097744360902,18.76190476190476
187,2018-04-12,41.0,382.0,14.0,0.0,339.4516129032258,0.1935483870967742,0.2931937172774869,1.9740603616024044,0.6095890410958904,15.290833333333333
187,2018-04-13,49.0,1178.0,18.0,0.044142614601018676,245.95744680851064,0.2553191489361702,0.24108658743633277,2.15643962443227,0.770042194092827,25.593055555555555
187,2018-04-14,19.0,240.0,14.0,0.03333333333333333,321.6666666666667,0.26666666666666666,0.2625,2.029695995231573,0.5918367346938775,39.58703703703704
188,2018-04-30,21.0,570.0,8.0,0.05263157894736842,201.0952380952381,0.2857142857142857,0.28596491228070176,1.7666632676757326,0.8669950738916257,63.124999999999986
188,2018-05-01,35.0,2186.0,11.0,0.1020128087831656,223.02857142857144,0.22857142857142856,0.20219579139981703,2.1214700878775177,0.9483240223463687,37.44166666666666
188,2018-05-02,30.0,561.0,10.0,0.24955436720142601,286.51724137931035,0.06896551724137931,0.25668449197860965,1.987709394620163,0.8681318681318682,47.68908045977011
188,2018-05-03,36.0,977.0,12.0,0.05322415557830092,162.88888888888889,0.3055555555555556,0.2098259979529171,2.219575263593567,0.8743169398907104,36.32809523809524
188,2018-05-04,35.0,329.0,10.0,0.4376899696048632,72.60606060606061,0.48484848484848486,0.2796352583586626,1.8474053198424178,0.8346456692913385,31.834313725490194
188,2018-05-05,4.0,6.0,3.0,0.0,3.5,1.0,0.3333333333333333,1.0986122886681096,0.0,106.6388888888889
188,2018-05-06,26.0,360.0,10.0,0.17222222222222222,437.17391304347825,0.043478260869565216,0.21666666666666667,2.0352810697631174,0.5373134328358209,54.37866666666667
188,2018-05-07,58.0,498.0,12.0,0.3152610441767068,325.0952380952381,0.14285714285714285,0.28112449799196787,1.9968124217127412,0.6833333333333333,23.287719298245612
189,2018-04-01,10.0,57.0,3.0,0.0,95.6,0.5,0.7543859649122807,0.6581954935643908,0.9230769230769231,44.22407407407407
189,2018-04-02,41.0,1451.0,14.0,0.12198483804272915,128.0,0.43902439024390244,0.3749138525155066,1.8834341956243366,0.9220389805097451,35.614999999999995
189,2018-04-03,24.0,2403.0,11.0,0.03745318352059925,420.75,0.2916666666666667,0.8014981273408239,0.87923240547729,0.9804753820033956,60.276811594202904
189,2018-04-04,26.0,301.0,10.0,0.3588039867109635,139.14285714285714,0.3333333333333333,0.47840531561461797,1.5110978837795148,0.8613138686131386,44.37533333333334
189,2018-04-13,15.0,189.0,12.0,0.0,203.33333333333334,0.16666666666666666,0.49206349206349204,1.7124412131873654,0.8452380952380952,38.009523809523806
189,2018-04-14,20.0,176.0,8.0,0.4147727272727273,183.9375,0.125,0.375,1.3628585154116726,0.4878048780487805,46.14473684210526
190,2018-04-07,34.0,1918.0,8.0,0.0,314.6060606060606,0.21212121212121213,0.6595411887382691,1.1958778009678017,0.9522292993630573,26.318686868686868
190,2018-04-08,48.0,2180.0,7.0,0.4105504587155963,299.625,0.2916666666666667,0.6211009174311927,1.150166030841902,0.949667616334283,22.489716312056743
191,2018-04-03,2.0,20.0,2.0,0.0,412.5,0.0,0.7,0.6108643020548935,0.7777777777777778,21.316666666666666
191,2018-04-04,16.0,220.0,12.0,0.40454545454545454,217.42857142857142,0.07142857142857142,0.20454545454545456,2.2261602729436896,0.5454545454545454,91.99222222222221
191,2018-04-05,16.0,225.0,14.0,0.8488888888888889,316.8,0.06666666666666667,0.20444444444444446,2.252451228621644,0.4818181818181818,60.25444444444444
192,2018-01-23,31.0,563.0,11.0,0.007104795737122558,516.9655172413793,0.06896551724137931,0.29484902309058614,1.895035190725265,0.6506024096385542,40.74055555555555
192,2018-01-24,49.0,899.0,14.0,0.13236929922135707,404.90697674418607,0.09302325581395349,0.44493882091212456,1.718804246778068,0.5851318944844125,27.397569444444443
192,2018-01-25,32.0,822.0,14.0,0.09975669099756691,558.8461538461538,0.19230769230769232,0.32725060827250607,2.023409561614461,0.5879120879120879,44.08924731182795
192,2018-01-26,16.0,189.0,6.0,0.42857142857142855,434.1666666666667,0.08333333333333333,0.31216931216931215,1.5816016920472222,0.6,59.39444444444445
192,2018-01-27,32.0,393.0,7.0,0.0,267.17857142857144,0.14285714285714285,0.33078880407124683,1.5718885834326637,0.6067415730337079,23.880107526881723
192,2018-01-28,10.0,140.0,6.0,1.0,225.1,0.0,0.3,1.5601736930966112,0.6923076923076923,22.916666666666664
192,2018-01-29,32.0,568.0,9.0,0.0,580.9285714285714,0.03571428571428571,0.28169014084507044,1.767200951449532,0.6434108527131783,31.95591397849463
192,2018-01-30,28.0,643.0,14.0,0.08709175738724728,616.2,0.04,0.17418351477449456,2.3058927803261917,0.6054421768707483,46.156790123456794
192,2018-01-31,24.0,195.0,11.0,0.2564102564102564,174.1578947368421,0.15789473684210525,0.2923076923076923,2.0360195065062583,0.6976744186046512,60.01811594202898
192,2018-02-01,26.0,446.0,9.0,0.39461883408071746,342.9583333333333,0.08333333333333333,0.29596412556053814,1.7344071032005073,0.6287128712871287,40.974000000000004
192,2018-02-02,28.0,348.0,9.0,0.0,318.4642857142857,0.10714285714285714,0.3735632183908046,1.7035788852129978,0.5527950310559007,21.297530864197533
192,2018-02-03,14.0,56.0,4.0,0.6607142857142857,135.1818181818182,0.2727272727272727,0.375,1.268651785830399,0.72,63.694871794871794
192,2018-02-04,10.0,84.0,4.0,0.0,260.125,0.125,0.47619047619047616,1.172066000114454,0.717948717948718,26.929629629629627
192,2018-02-05,31.0,352.0,8.0,0.26988636363636365,317.9130434782609,0.043478260869565216,0.3068181818181818,1.6754622170617803,0.6049382716049383,37.21833333333334
192,2018-02-06,31.0,418.0,9.0,0.0,262.32142857142856,0.14285714285714285,0.19617224880382775,1.9886831972204837,0.7684210526315789,18.860000000000003
192,2018-02-07,38.0,705.0,10.0,0.3943262411347518,360.0263157894737,0.13157894736842105,0.2865248226950355,1.9678089249989794,0.7878787878787878,30.18108108108109
192,2018-02-10,34.0,628.0,14.0,0.0015923566878980893,470.61290322580646,0.03225806451612903,0.339171974522293,1.9559181108726575,0.6348122866894198,34.04494949494949
192,2018-02-11,8.0,52.0,5.0,1.0,155.28571428571428,0.0,0.4423076923076923,1.3274695303428374,0.7142857142857143,37.983333333333334
192,2018-02-12,24.0,234.0,6.0,0.0,367.45,0.1,0.4188034188034188,1.5037869078244332,0.6346153846153846,28.97391304347826
192,2018-02-13,33.0,301.0,8.0,0.08637873754152824,336.76666666666665,0.13333333333333333,0.30564784053156147,1.7721126186458975,0.7153846153846154,40.84791666666666
192,2018-02-14,8.0,72.0,7.0,0.2361111111111111,268.57142857142856,0.14285714285714285,0.3333333333333333,1.702575794183342,0.625,178.66666666666666
192,2018-02-15,36.0,800.0,14.0,0.18625,546.3333333333334,0.030303030303030304,0.36125,1.7834539380171448,0.587431693989071,35.32142857142857
192,2018-02-16,30.0,709.0,12.0,0.0,581.36,0.12,0.5049365303244006,1.5915502771629029,0.7484848484848485,21.58505747126437
192,2018-02-17,18.0,278.0,9.0,0.841726618705036,339.625,0.0,0.3489208633093525,1.6453893483416495,0.5564516129032258,45.42450980392158
192,2018-02-18,41.0,836.0,9.0,0.06339712918660287,560.1111111111111,0.027777777777777776,0.34688995215311,1.6677449015022006,0.5989583333333334,32.38875
192,2018-02-19,44.0,740.0,13.0,0.13783783783783785,511.86486486486484,0.10810810810810811,0.3554054054054054,1.7888070540297003,0.6253776435045317,33.056976744186045
192,2018-02-20,26.0,360.0,8.0,0.5527777777777778,352.3636363636364,0.22727272727272727,0.2111111111111111,1.86454681136123,0.6783625730994152,57.46266666666666
192,2018-02-21,48.0,761.0,11.0,0.25098554533508544,246.46666666666667,0.15555555555555556,0.2759526938239159,1.7676827294184498,0.7537537537537538,30.25780141843972
192,2018-02-22,49.0,873.0,13.0,0.2027491408934708,485.8780487804878,0.0975609756097561,0.24284077892325315,1.9555753800606794,0.6020408163265306,28.77673611111111
192,2018-02-23,33.0,468.0,12.0,0.36752136752136755,419.76666666666665,0.1,0.29914529914529914,2.0664723102219784,0.6556603773584906,44.180729166666666
192,2018-02-24,20.0,338.0,9.0,0.31952662721893493,445.89473684210526,0.21052631578947367,0.28402366863905326,1.9415498879059567,0.5816993464052288,73.97719298245613
192,2018-02-25,38.0,621.0,12.0,0.23349436392914655,232.78378378378378,0.21621621621621623,0.27053140096618356,1.9152007800489166,0.8120567375886525,37.63738738738738
192,2018-02-26,46.0,540.0,13.0,0.2,345.5833333333333,0.05555555555555555,0.3111111111111111,1.860072112661162,0.6178861788617886,31.221111111111114
192,2018-02-27,40.0,490.0,11.0,0.06938775510204082,234.97297297297297,0.1891891891891892,0.3,1.9411150758737106,0.641860465116279,36.5508547008547
192,2018-02-28,41.0,898.0,12.0,0.42761692650334077,486.1081081081081,0.16216216216216217,0.2973273942093541,1.9165168057204258,0.7142857142857143,35.29041666666667
192,2018-03-01,36.0,633.0,12.0,0.24486571879936808,504.03125,0.03125,0.4423380726698262,1.7019906498989334,0.625,37.648095238095244
192,2018-03-02,46.0,682.0,10.0,0.13929618768328444,485.0,0.07894736842105263,0.23020527859237536,1.924558445419976,0.711864406779661,31.716296296296303
192,2018-03-03,52.0,1049.0,13.0,0.11916110581506197,370.5416666666667,0.0625,0.25452812202097236,1.9923109206539988,0.6960167714884696,27.700653594771246
192,2018-03-04,47.0,1182.0,11.0,0.1311336717428088,456.9024390243902,0.04878048780487805,0.2876480541455161,1.8332869223823094,0.6911764705882353,28.877898550724634
192,2018-03-05,40.0,556.0,10.0,0.49640287769784175,403.09375,0.0625,0.32014388489208634,1.823884100685603,0.5856573705179283,35.15683760683761
192,2018-03-06,47.0,531.0,8.0,0.12429378531073447,327.55263157894734,0.10526315789473684,0.2523540489642185,1.9528061537284938,0.6763485477178424,30.643840579710147
192,2018-03-07,43.0,683.0,9.0,0.12884333821376281,309.3333333333333,0.35714285714285715,0.2635431918008785,1.9201131291301374,0.7894736842105263,33.68174603174603
192,2018-03-08,40.0,900.0,11.0,0.15777777777777777,441.3611111111111,0.19444444444444445,0.3333333333333333,1.6225032987381887,0.7670886075949367,36.66068376068375
192,2018-03-09,42.0,1010.0,10.0,0.04356435643564356,313.35714285714283,0.11904761904761904,0.26732673267326734,1.7750543985204044,0.8365591397849462,32.33008130081301
192,2018-03-10,49.0,1176.0,18.0,0.20153061224489796,371.9183673469388,0.14285714285714285,0.25170068027210885,2.1842146919612424,0.7649186256781193,28.771527777777777
192,2018-03-11,12.0,71.0,6.0,0.9436619718309859,268.77777777777777,0.0,0.4507042253521127,1.4889866693020195,0.6666666666666666,56.877272727272725
192,2018-03-12,43.0,351.0,13.0,0.11965811965811966,315.82758620689657,0.10344827586206896,0.2792022792022792,1.9868804547362122,0.6838709677419355,28.764285714285716
192,2018-03-13,40.0,368.0,6.0,0.16576086956521738,319.4054054054054,0.08108108108108109,0.2907608695652174,1.6091100034283472,0.6987179487179487,35.48888888888889
192,2018-03-14,42.0,491.0,11.0,0.12016293279022404,426.46666666666664,0.13333333333333333,0.26476578411405294,1.913848792041403,0.6772727272727272,34.61178861788618
192,2018-03-15,18.0,284.0,8.0,0.602112676056338,417.0625,0.125,0.23591549295774647,1.8644697732782425,0.5483870967741935,41.60588235294117
192,2018-03-16,36.0,889.0,11.0,0.08211473565804274,400.3333333333333,0.3055555555555556,0.2609673790776153,1.8987442521604856,0.8312342569269522,35.329047619047614
192,2018-03-17,13.0,493.0,9.0,0.8681541582150102,735.1538461538462,0.07692307692307693,0.3509127789046653,1.6581805816991386,0.7162162162162162,114.50138888888888
192,2018-03-18,34.0,836.0,13.0,0.16028708133971292,775.6896551724138,0.034482758620689655,0.3253588516746411,1.8318838975195115,0.6457286432160804,37.45505050505051
192,2018-03-19,27.0,259.0,8.0,0.0,260.5416666666667,0.08333333333333333,0.35135135135135137,1.69015846420971,0.7476635514018691,20.12179487179487
192,2018-03-20,16.0,210.0,7.0,0.6476190476190476,357.85714285714283,0.07142857142857142,0.37142857142857144,1.647178948465426,0.5353535353535354,52.99555555555556
192,2018-03-21,37.0,327.0,11.0,0.0,314.32142857142856,0.10714285714285714,0.327217125382263,1.9261730066470955,0.6277372262773723,21.60879629629629
192,2018-03-22,47.0,736.0,14.0,0.264945652173913,475.15384615384613,0.02564102564102564,0.2907608695652174,2.0314501196760895,0.6388888888888888,30.868115942028986
192,2018-03-23,11.0,98.0,8.0,0.7857142857142857,161.5,0.1,0.37755102040816324,1.6434058220734868,0.575,130.115
192,2018-03-24,26.0,284.0,7.0,0.14788732394366197,315.6363636363636,0.09090909090909091,0.2605633802816901,1.546397703256828,0.6716417910447762,45.07533333333334
192,2018-03-28,16.0,134.0,8.0,0.0,208.07692307692307,0.3076923076923077,0.3805970149253731,1.633514792685336,0.7678571428571429,22.894444444444446
192,2018-03-29,22.0,423.0,13.0,0.03546099290780142,439.8421052631579,0.05263157894736842,0.31678486997635935,1.9591959071433305,0.5842105263157895,38.2079365079365
192,2018-03-30,22.0,120.0,5.0,0.0,122.1,0.15,0.375,1.4154702151268872,0.7708333333333334,28.27936507936508
192,2018-03-31,21.0,180.0,11.0,0.2833333333333333,190.77777777777777,0.0,0.23333333333333334,2.1378013708700614,0.759493670886076,67.2875
192,2018-04-01,10.0,119.0,7.0,0.6470588235294118,204.2,0.3,0.4369747899159664,1.4392691569763332,0.5714285714285714,78.84629629629629
192,2018-04-02,33.0,811.0,10.0,0.008631319358816275,269.030303030303,0.09090909090909091,0.25154130702836003,1.826597145904384,0.7329842931937173,37.834895833333334
192,2018-04-03,6.0,166.0,5.0,1.0,396.6666666666667,0.0,0.4578313253012048,1.2861776117788353,0.6301369863013698,32.74333333333333
192,2018-04-04,28.0,540.0,10.0,0.0,474.625,0.08333333333333333,0.2777777777777778,1.88720063437087,0.4,25.886419753086418
192,2018-04-05,10.0,210.0,8.0,0.3952380952380952,435.3,0.0,0.42857142857142855,1.4747569659658215,0.5346534653465347,77.2425925925926
192,2018-04-06,20.0,545.0,12.0,0.0,356.7368421052632,0.21052631578947367,0.1779816513761468,2.106941789147676,0.7394636015325671,22.579824561403512
192,2018-04-07,35.0,3640.0,10.0,0.04725274725274725,614.7941176470588,0.17647058823529413,0.2945054945054945,1.6697132145250448,0.8718562874251496,41.31666666666666
192,2018-04-08,12.0,276.0,10.0,0.8804347826086957,372.0,0.09090909090909091,0.26811594202898553,1.949494945046851,0.631578947368421,59.057575757575755
192,2018-04-10,40.0,709.0,12.0,0.2002820874471086,438.6388888888889,0.08333333333333333,0.22566995768688294,1.9432133175626314,0.6200607902735562,35.77478632478632
192,2018-04-11,1.0,3.0,1.0,1.0,46.0,0.0,1.0,0.0,0.0,0.0
192,2018-04-12,43.0,634.0,11.0,0.19400630914826497,325.57894736842104,0.07894736842105263,0.18769716088328076,2.2004519248296806,0.5866666666666667,31.792460317460318
192,2018-04-13,45.0,1432.0,11.0,0.11452513966480447,388.06666666666666,0.2222222222222222,0.6152234636871509,1.4644924036844567,0.8569230769230769,32.214015151515156
192,2018-04-14,24.0,511.0,9.0,0.06262230919765166,528.3478260869565,0.13043478260869565,0.7201565557729941,1.1209790210594912,0.8111587982832618,61.81304347826088
192,2018-04-15,27.0,1051.0,11.0,0.192197906755471,637.72,0.08,0.46241674595623217,1.7407554045386942,0.8281573498964804,54.02499999999999
192,2018-04-16,48.0,1300.0,16.0,0.5323076923076923,404.6046511627907,0.13953488372093023,0.22615384615384615,2.098736369951873,0.7353896103896104,29.975886524822688
192,2018-04-17,35.0,690.0,8.0,0.06376811594202898,368.5483870967742,0.0967741935483871,0.30869565217391304,1.8122409076910053,0.7250755287009063,35.39656862745099
192,2018-04-18,28.0,218.0,9.0,0.3577981651376147,229.70833333333334,0.20833333333333334,0.5045871559633027,1.5402788307517281,0.7340425531914894,41.367901234567896
192,2018-04-19,20.0,368.0,11.0,0.0,400.2105263157895,0.05263157894736842,0.3532608695652174,1.7649799367035592,0.553072625698324,24.992105263157892
192,2018-04-20,16.0,340.0,8.0,0.36764705882352944,603.0769230769231,0.07692307692307693,0.2529411764705882,1.8130149495745917,0.6751592356687898,63.65888888888889
192,2018-04-21,41.0,392.0,9.0,0.007653061224489796,372.1666666666667,0.08333333333333333,0.37755102040816324,1.8095339264823993,0.7052023121387283,29.87166666666667
192,2018-04-22,14.0,211.0,8.0,0.7203791469194313,547.0833333333334,0.08333333333333333,0.4265402843601896,1.5561777641188606,0.7843137254901961,106.4794871794872
192,2018-04-23,18.0,130.0,9.0,0.7615384615384615,360.92857142857144,0.07142857142857142,0.38461538461538464,1.7659139075406944,0.6666666666666666,72.23823529411766
192,2018-04-24,33.0,469.0,12.0,0.0,365.90625,0.15625,0.19616204690831557,2.131666914137952,0.6406926406926406,25.0546875
192,2018-04-25,10.0,178.0,12.0,1.0,495.44444444444446,0.1111111111111111,0.2696629213483146,2.086384201748036,0.6395348837209303,19.58888888888889
192,2018-04-26,39.0,398.0,11.0,0.0,221.7027027027027,0.1891891891891892,0.3065326633165829,1.9474194031376808,0.6129032258064516,21.551754385964912
192,2018-04-27,20.0,278.0,12.0,0.302158273381295,340.94444444444446,0.05555555555555555,0.3381294964028777,2.026806274266685,0.6015625,72.70701754385964
192,2018-04-28,44.0,2919.0,11.0,0.13257965056526208,437.8863636363636,0.13636363636363635,0.3353888317917095,1.6899705240390654,0.8705712219812003,33.048062015503874
192,2018-04-29,13.0,265.0,7.0,0.011320754716981131,339.3333333333333,0.3333333333333333,0.33962264150943394,1.5350493164891694,0.8596491228070176,90.02222222222223
192,2018-04-30,1.0,7.0,3.0,0.0,81.0,0.0,0.42857142857142855,1.0789922078775833,0.0,0.0
192,2018-05-02,44.0,664.0,15.0,0.03162650602409638,357.8157894736842,0.18421052631578946,0.2620481927710843,2.0876389323644777,0.6582278481012658,28.729069767441857
192,2018-05-03,4.0,63.0,7.0,1.0,754.0,0.0,0.2857142857142857,1.6108902912376741,0.5357142857142857,31.62222222222222
192,2018-05-04,28.0,395.0,14.0,0.0,442.03846153846155,0.07692307692307693,0.2582278481012658,2.220975385942609,0.672316384180791,27.86358024691358
192,2018-05-05,11.0,237.0,9.0,0.9282700421940928,637.2222222222222,0.0,0.25738396624472576,1.9417625742451348,0.6944444444444444,34.10666666666667
193,2018-04-02,1.0,40.0,2.0,0.0,1406.0,0.0,0.55,0.6881388137135884,0.9473684210526315,0.0
193,2018-04-03,14.0,134.0,7.0,0.0,126.07142857142857,0.0,0.6567164179104478,1.2253036558706105,0.8636363636363636,47.9948717948718
193,2018-04-04,3.0,56.0,3.0,0.9285714285714286,87.0,0.0,0.7857142857142857,0.6559757323365467,0.9259259259259259,603.875
193,2018-04-05,2.0,9.0,2.0,0.6666666666666666,27.5,0.0,0.7777777777777778,0.5297061990576545,0.75,692.3666666666667
193,2018-04-07,12.0,56.0,3.0,0.21428571428571427,51.833333333333336,0.5833333333333334,0.8214285714285714,0.558577924073418,0.9285714285714286,70.9530303030303
193,2018-04-10,2.0,18.0,4.0,0.0,236.0,0.0,0.6666666666666666,1.0027182645175161,0.625,88.88333333333334
193,2018-04-12,1.0,2.0,1.0,0.0,3.0,1.0,1.0,0.0,0.0,0.0
193,2018-04-13,2.0,44.0,3.0,0.0,516.5,0.0,0.45454545454545453,1.0361987848192837,0.8095238095238095,12.9
193,2018-04-14,2.0,2.0,1.0,0.0,0.0,0.0,1.0,0.0,0.0,7.966666666666667
193,2018-04-15,2.0,14.0,2.0,0.0,34.5,0.5,0.7142857142857143,0.5982695885852573,0.8333333333333334,10.016666666666667
193,2018-04-16,5.0,35.0,3.0,0.17142857142857143,252.4,0.0,0.6,0.9123195024433594,0.8235294117647058,318.4291666666667
193,2018-04-17,2.0,7.0,1.0,1.0,151.5,0.5,1.0,0.0,1.0,14.15
193,2018-04-19,2.0,4.0,1.0,1.0,68.0,0.0,1.0,0.0,1.0,8.3
193,2018-04-21,5.0,90.0,4.0,0.0,150.8,0.2,0.4444444444444444,1.1094442445147379,0.9318181818181818,91.50833333333331
193,2018-04-22,2.0,4.0,1.0,0.0,124.5,0.0,1.0,0.0,1.0,40.86666666666667
193,2018-05-05,1.0,1.0,1.0,1.0,0.0,0.0,1.0,0.0,0.0,0.0
194,2018-01-06,19.0,136.0,6.0,0.16176470588235295,138.6875,0.25,0.6911764705882353,1.0599845636053224,0.7272727272727273,54.394444444444446
194,2018-01-08,3.0,70.0,5.0,0.8571428571428571,411.3333333333333,0.0,0.5142857142857142,1.2767029510743058,0.4117647058823529,253.2
194,2018-01-09,20.0,246.0,8.0,0.056910569105691054,201.94444444444446,0.1111111111111111,0.7073170731707317,1.1418616096932956,0.7540983606557377,54.96140350877193
194,2018-01-11,21.0,271.0,8.0,0.08118081180811808,288.11764705882354,0.11764705882352941,0.6974169741697417,1.0871845957239628,0.7037037037037037,60.72583333333334
194,2018-01-14,19.0,360.0,10.0,0.1,367.05555555555554,0.2222222222222222,0.7666666666666667,0.9470480454630864,0.7150837988826816,65.975
194,2018-01-20,22.0,246.0,5.0,0.10569105691056911,172.1578947368421,0.0,0.8861788617886179,0.49473138143251527,0.8360655737704918,43.55079365079365
194,2018-01-22,17.0,224.0,8.0,0.0,317.7692307692308,0.07692307692307693,0.48214285714285715,1.582369778417354,0.6576576576576577,17.092708333333334
194,2018-01-24,1.0,4.0,1.0,1.0,27.0,0.0,1.0,0.0,1.0,0.0
195,2018-04-03,11.0,135.0,7.0,0.1111111111111111,78.28571428571429,0.14285714285714285,0.3111111111111111,1.7069571165859974,0.8333333333333334,104.40666666666668
195,2018-04-04,17.0,272.0,9.0,0.2610294117647059,198.33333333333334,0.3333333333333333,0.40441176470588236,1.6495391773383348,0.9017857142857143,86.81458333333333
195,2018-04-05,6.0,51.0,4.0,1.0,147.5,0.16666666666666666,0.8431372549019608,0.5498224603676294,0.9523809523809523,35.589999999999996
195,2018-04-06,12.0,80.0,5.0,0.125,57.72727272727273,0.5454545454545454,0.4,1.220217961630981,0.7222222222222222,102.47272727272728
195,2018-04-07,16.0,220.0,9.0,0.6409090909090909,115.5625,0.25,0.35454545454545455,1.6993423666690681,0.84,87.01555555555557
196,2018-01-04,38.0,535.0,10.0,0.07663551401869159,347.93548387096774,0.0967741935483871,0.4523364485981308,1.3526152306633672,0.6213991769547325,33.58873873873874
196,2018-01-05,31.0,510.0,13.0,0.3509803921568627,387.5,0.03571428571428571,0.2980392156862745,1.7499685911394793,0.5633187772925764,47.162222222222226
196,2018-01-06,25.0,226.0,13.0,0.6061946902654868,267.7916666666667,0.16666666666666666,0.33185840707964603,1.9270427958768472,0.5480769230769231,56.88402777777778
196,2018-01-07,16.0,123.0,7.0,0.21951219512195122,169.84615384615384,0.3076923076923077,0.37398373983739835,1.4268909325316097,0.4107142857142857,75.71444444444442
196,2018-01-08,9.0,151.0,8.0,0.0,243.55555555555554,0.3333333333333333,0.36423841059602646,1.6397977674289292,0.6811594202898551,48.9375
196,2018-01-09,33.0,549.0,11.0,0.2550091074681239,314.6551724137931,0.1724137931034483,0.3825136612021858,1.6235333373351604,0.6491935483870968,38.3984375
196,2018-01-10,40.0,523.0,14.0,0.01338432122370937,381.0,0.11764705882352941,0.33078393881453155,1.566428147103142,0.43829787234042555,28.129487179487185
196,2018-01-11,29.0,371.0,7.0,0.16711590296495957,263.16,0.2,0.49326145552560646,1.251771614332311,0.5757575757575758,46.744047619047635
196,2018-01-13,10.0,289.0,7.0,0.0,435.44444444444446,0.0,0.6505190311418685,0.9963000322952802,0.7518796992481203,27.175925925925924
196,2018-01-14,45.0,1005.0,10.0,0.24975124378109453,296.40909090909093,0.18181818181818182,0.4248756218905473,1.3086353100935326,0.6112359550561798,32.08257575757577
196,2018-01-15,24.0,319.0,6.0,0.6394984326018809,184.77272727272728,0.09090909090909091,0.5078369905956113,1.1580101902906978,0.5140845070422535,44.62753623188406
196,2018-01-16,34.0,749.0,13.0,0.004005340453938585,385.5806451612903,0.0967741935483871,0.3871829105473965,1.4421623932752696,0.6574074074074074,41.41111111111111
196,2018-01-17,36.0,1213.0,14.0,0.12118713932399011,479.57575757575756,0.18181818181818182,0.35449299258037925,1.6629048912356497,0.6322701688555347,40.21476190476191
196,2018-01-18,17.0,192.0,13.0,0.7916666666666666,333.5,0.14285714285714285,0.328125,1.8567057623276497,0.425,24.31875
196,2018-01-20,33.0,282.0,9.0,0.19148936170212766,217.10714285714286,0.10714285714285714,0.40425531914893614,1.506058931735166,0.5267175572519084,38.84166666666666
196,2018-01-21,7.0,69.0,6.0,1.0,367.8333333333333,0.16666666666666666,0.43478260869565216,1.3083642217385132,0.25806451612903225,24.058333333333337
196,2018-01-22,6.0,49.0,4.0,0.0,70.66666666666667,0.0,0.6122448979591837,0.9422712877237318,0.5652173913043478,22.336666666666666
196,2018-01-23,33.0,392.0,12.0,0.21683673469387754,378.258064516129,0.06451612903225806,0.3852040816326531,1.527588027910462,0.47093023255813954,41.145312499999996
196,2018-01-25,24.0,184.0,9.0,0.0,246.33333333333334,0.047619047619047616,0.45652173913043476,1.3890792573167368,0.3614457831325301,24.992753623188403
196,2018-01-26,25.0,210.0,11.0,0.3333333333333333,261.0,0.09090909090909091,0.3761904761904762,1.7195693235302636,0.3010752688172043,59.475
196,2018-01-27,32.0,502.0,11.0,0.24701195219123506,213.8709677419355,0.25806451612903225,0.28286852589641437,1.9180399116152675,0.6826086956521739,45.926344086021516
196,2018-01-28,4.0,36.0,5.0,1.0,351.0,0.0,0.6944444444444444,1.0091309310329102,0.5833333333333334,57.094444444444456
196,2018-01-30,27.0,286.0,8.0,0.01048951048951049,289.6521739130435,0.043478260869565216,0.40559440559440557,1.3859822516354592,0.3983739837398374,43.89038461538461
196,2018-01-31,16.0,74.0,3.0,1.0,150.0909090909091,0.2727272727272727,0.5135135135135135,0.797162035532926,0.5142857142857142,16.982222222222223
196,2018-02-02,14.0,276.0,8.0,0.0,342.14285714285717,0.07142857142857142,0.37681159420289856,1.4377009565419916,0.75,41.8423076923077
196,2018-02-03,20.0,578.0,10.0,0.5259515570934256,304.15,0.15,0.44982698961937717,1.4715636796085187,0.7595419847328244,47.23070175438596
196,2018-02-05,31.0,238.0,10.0,0.0,257.3103448275862,0.06896551724137931,0.4831932773109244,1.2216529552648665,0.5480769230769231,18.439444444444447
196,2018-02-06,20.0,145.0,9.0,0.7724137931034483,310.8,0.13333333333333333,0.5655172413793104,1.2459105819512986,0.5373134328358209,24.09912280701754
196,2018-02-08,47.0,814.0,13.0,0.2493857493857494,274.5,0.15217391304347827,0.36855036855036855,1.812724465173552,0.5714285714285714,30.370289855072468
196,2018-02-09,25.0,215.0,9.0,0.5953488372093023,277.23809523809524,0.047619047619047616,0.4418604651162791,1.323072577845253,0.5217391304347826,42.018055555555556
196,2018-02-11,24.0,268.0,8.0,0.0,348.3333333333333,0.09523809523809523,0.373134328358209,1.3864417433722358,0.39316239316239315,32.52971014492754
196,2018-02-12,19.0,133.0,7.0,0.7593984962406015,274.10526315789474,0.05263157894736842,0.518796992481203,1.1726491439091964,0.4642857142857143,23.461111111111116
196,2018-02-14,9.0,74.0,7.0,0.0,197.125,0.25,0.6081081081081081,1.2639654776350973,0.5882352941176471,60.631249999999994
196,2018-02-15,22.0,168.0,8.0,0.4642857142857143,265.7368421052632,0.05263157894736842,0.5416666666666666,1.2747182323747843,0.4935064935064935,41.45793650793651
196,2018-02-16,2.0,34.0,7.0,0.0,380.5,0.5,0.5294117647058824,1.435330682727378,0.6666666666666666,7.45
196,2018-02-17,33.0,290.0,12.0,0.21379310344827587,232.6551724137931,0.1724137931034483,0.3896551724137931,1.8239579391877532,0.5299145299145299,37.68385416666666
196,2018-02-19,27.0,298.0,12.0,0.0,335.0,0.14285714285714285,0.3825503355704698,1.8863147480995717,0.3671875,27.517307692307693
196,2018-02-20,15.0,223.0,9.0,0.48878923766816146,425.7692307692308,0.07692307692307693,0.3632286995515695,1.8096673173347613,0.4411764705882353,30.665476190476195
196,2018-02-21,11.0,85.0,8.0,0.0,258.4,0.1,0.35294117647058826,1.4105209418266318,0.3611111111111111,22.455000000000002
196,2018-02-22,20.0,180.0,8.0,0.13333333333333333,231.45,0.1,0.48333333333333334,1.3380752044092854,0.34210526315789475,52.906140350877195
197,2018-04-21,28.0,1737.0,13.0,0.0,251.60714285714286,0.21428571428571427,0.4784110535405872,1.733939727376377,0.9128137384412153,25.188271604938276
197,2018-04-22,49.0,1167.0,13.0,0.4832904884318766,147.7391304347826,0.2608695652173913,0.23736075407026563,2.1365928441645816,0.9085714285714286,27.885763888888892
197,2018-04-23,37.0,230.0,10.0,0.2608695652173913,183.89655172413794,0.27586206896551724,0.3869565217391304,1.603162333337441,0.759493670886076,38.0625
197,2018-04-24,12.0,115.0,8.0,0.591304347826087,219.72727272727272,0.0,0.28695652173913044,1.806490880847401,0.4897959183673469,71.09242424242424
198,2018-04-14,16.0,914.0,13.0,0.0,338.1875,0.25,0.5470459518599562,1.5859048542429255,0.8477751756440282,44.41000000000001
198,2018-04-15,50.0,3193.0,14.0,0.39304729094895086,471.02,0.06,0.499217037269026,1.6471029448263743,0.8035264483627204,29.052721088435376
198,2018-04-16,27.0,1152.0,12.0,0.8793402777777778,516.5555555555555,0.14814814814814814,0.5642361111111112,1.2492174122203734,0.7581227436823105,42.79102564102564
198,2018-04-17,44.0,639.0,12.0,0.08607198748043818,291.79545454545456,0.18181818181818182,0.6838810641627543,1.2149622804600329,0.6787878787878788,29.991472868217052
198,2018-04-18,53.0,919.0,16.0,0.20674646354733406,265.5192307692308,0.057692307692307696,0.545157780195865,1.5732177799142724,0.6744186046511628,27.17467948717949
198,2018-04-19,53.0,1587.0,15.0,0.14807813484562066,324.9811320754717,0.09433962264150944,0.7618147448015122,1.0525520153986792,0.8499399759903962,27.192307692307697
198,2018-04-20,25.0,1088.0,15.0,0.7454044117647058,393.72,0.08,0.5422794117647058,1.4005503231402499,0.8857142857142857,44.194444444444436
199,2018-05-02,11.0,140.0,7.0,0.0,314.75,0.0,0.4,1.4675125706181906,0.7971014492753623,31.081666666666667
199,2018-05-03,2.0,30.0,2.0,0.0,372.0,0.0,0.6666666666666666,0.6365141682948128,0.7142857142857143,524.55
199,2018-05-04,9.0,72.0,5.0,0.0,236.42857142857142,0.0,0.3888888888888889,1.3639627511228574,0.8,110.88958333333333
200,2018-05-01,12.0,162.0,6.0,0.0,423.55555555555554,0.0,0.3333333333333333,1.5840719492005677,0.6164383561643836,16.625757575757575
200,2018-05-02,43.0,609.0,10.0,0.2315270935960591,477.1515151515151,0.06060606060606061,0.4614121510673235,1.593796608979969,0.6606498194945848,29.1015873015873
201,2018-04-06,21.0,740.0,18.0,0.40675675675675677,423.95,0.15,0.21621621621621623,2.4725843449474763,0.8072625698324022,63.22833333333331
201,2018-04-07,23.0,514.0,12.0,0.896887159533074,174.0,0.30434782608695654,0.1867704280155642,2.1938654457680875,0.7903930131004366,63.092424242424244
201,2018-04-08,2.0,45.0,4.0,1.0,150.5,0.0,0.5111111111111111,1.2258183020232944,0.7142857142857143,9.433333333333334
202,2018-01-25,16.0,107.0,7.0,0.40186915887850466,236.6,0.4,0.616822429906542,1.268943285483439,0.75,89.74777777777777
202,2018-01-26,39.0,496.0,14.0,0.09475806451612903,190.5,0.4444444444444444,0.3286290322580645,1.9559069561099267,0.7909836065573771,36.61666666666665
202,2018-01-27,24.0,539.0,13.0,0.45269016697588127,412.6666666666667,0.16666666666666666,0.35435992578849723,1.7296257502459593,0.7556390977443609,58.658695652173904
202,2018-01-28,22.0,163.0,10.0,0.4539877300613497,137.31578947368422,0.47368421052631576,0.5214723926380368,1.5556769601484755,0.6666666666666666,62.84603174603175
202,2018-01-29,36.0,342.0,12.0,0.24561403508771928,138.58823529411765,0.4117647058823529,0.4093567251461988,1.8084658746200737,0.7411764705882353,27.17809523809524
202,2018-01-30,23.0,363.0,13.0,0.0,249.95652173913044,0.17391304347826086,0.3278236914600551,1.9368623530419529,0.7597765363128491,48.65833333333333
202,2018-01-31,37.0,355.0,11.0,0.0,201.34285714285716,0.2571428571428571,0.4,1.4439861256441988,0.7085714285714285,22.709259259259255
202,2018-02-01,45.0,399.0,15.0,0.39097744360902253,190.62790697674419,0.3488372093023256,0.47619047619047616,1.6366238029891484,0.6717171717171717,32.339393939393936
202,2018-02-02,26.0,183.0,10.0,0.5300546448087432,161.7391304347826,0.43478260869565216,0.5355191256830601,1.455561066346211,0.6923076923076923,39.94466666666666
203,2018-04-09,1.0,2.0,1.0,0.0,43.0,0.0,1.0,0.0,0.0,0.0
203,2018-04-10,42.0,2332.0,12.0,0.14965694682675815,285.2142857142857,0.16666666666666666,0.5098627787307033,1.7505589814921871,0.9418493803622497,34.205284552845534
203,2018-04-11,35.0,2108.0,14.0,0.5185009487666035,416.85714285714283,0.11428571428571428,0.36148007590132825,2.0157485686758276,0.8776418242491657,40.3156862745098
203,2018-04-12,53.0,2652.0,16.0,0.17647058823529413,380.8679245283019,0.18867924528301888,0.29260935143288086,2.2329629786892093,0.8915343915343915,26.451923076923073
203,2018-04-13,53.0,2560.0,14.0,0.08671875,320.5531914893617,0.14893617021276595,0.430078125,1.8299295890945926,0.9082813891362422,27.544871794871792
203,2018-04-14,59.0,5289.0,12.0,0.22386084325959538,314.54237288135596,0.2711864406779661,0.2875779920589904,2.135754864489118,0.9493899683687302,24.04367816091954
203,2018-04-15,33.0,1307.0,14.0,0.449885233358837,584.5454545454545,0.12121212121212122,0.5202754399387911,1.7057798446052734,0.8048780487804879,44.25364583333333
203,2018-04-16,43.0,1063.0,12.0,0.42144873000940736,327.2857142857143,0.19047619047619047,0.605832549388523,1.4710965420249424,0.9004237288135594,33.61587301587302
203,2018-04-17,63.0,984.0,14.0,0.20426829268292682,308.9824561403509,0.22807017543859648,0.39634146341463417,1.7589071094964661,0.7488888888888889,23.017741935483873
203,2018-04-18,24.0,366.0,14.0,0.6065573770491803,273.8181818181818,0.13636363636363635,0.39344262295081966,2.0451939339054848,0.59375,35.63550724637681
203,2018-04-20,25.0,349.0,11.0,0.0,399.0416666666667,0.20833333333333334,0.3237822349570201,1.7714578753198258,0.696551724137931,31.031944444444445
203,2018-04-21,24.0,203.0,10.0,0.4975369458128079,285.23809523809524,0.19047619047619047,0.5073891625615764,1.6349494480843871,0.75,23.150000000000002
203,2018-04-22,47.0,885.0,15.0,0.22937853107344633,381.5,0.17391304347826086,0.4768361581920904,1.8230126834912725,0.7921052631578948,30.820652173913043
203,2018-04-23,47.0,1134.0,16.0,0.37742504409171074,382.93617021276594,0.1276595744680851,0.35537918871252205,2.0470687031797032,0.7979166666666667,30.48768115942029
204,2018-04-04,37.0,492.0,18.0,0.0,334.73333333333335,0.3,0.2784552845528455,2.402081371118076,0.5982142857142857,15.939814814814817
204,2018-04-05,61.0,3962.0,17.0,0.37531549722362445,367.4918032786885,0.09836065573770492,0.1751640585562847,2.4359544588413837,0.7850162866449512,23.845833333333335
204,2018-04-06,69.0,3275.0,16.0,0.3416793893129771,368.7391304347826,0.18840579710144928,0.35847328244274806,2.1932727886717887,0.7496513249651325,21.009068627450983
204,2018-04-07,71.0,3958.0,19.0,0.12304194037392623,358.943661971831,0.352112676056338,0.3971702880242547,2.105997804074671,0.8658940397350994,19.823095238095238
204,2018-04-08,82.0,3353.0,15.0,0.3176260065612884,330.8666666666667,0.18666666666666668,0.19982105577095138,2.3548454491725317,0.8525434642627173,17.612345679012346
204,2018-04-09,33.0,680.0,14.0,0.611764705882353,646.1111111111111,0.18518518518518517,0.16470588235294117,2.4250493717291053,0.45016077170418006,19.617708333333333
204,2018-04-10,14.0,2475.0,18.0,0.0,1302.4615384615386,0.0,0.6686868686868687,1.419319300701904,0.8413379073756432,29.539743589743594
204,2018-04-11,62.0,1882.0,19.0,0.07332624867162593,565.7049180327868,0.14754098360655737,0.2332624867162593,2.4273968625795854,0.5763723150357996,23.560928961748633
204,2018-04-12,47.0,674.0,15.0,0.6913946587537092,331.0263157894737,0.15789473684210525,0.27596439169139464,2.131883612859959,0.6056338028169014,18.877173913043475
204,2018-04-13,10.0,205.0,15.0,0.0,732.5,0.25,0.32195121951219513,2.0867260307003437,0.48314606741573035,20.894444444444446
204,2018-04-14,67.0,780.0,15.0,0.14615384615384616,322.41818181818184,0.2,0.4666666666666667,1.94671779956431,0.6735294117647059,21.227020202020203
204,2018-04-15,70.0,3759.0,17.0,0.06225059856344772,364.95588235294116,0.14705882352941177,0.40861931364724663,2.084220622099093,0.8106546854942234,20.016425120772947
204,2018-04-16,71.0,3331.0,18.0,0.5583908736115281,466.05970149253733,0.14925373134328357,0.22305613929750825,2.4589500114810336,0.7056043214044565,20.45357142857143
204,2018-04-17,40.0,1810.0,14.0,0.14861878453038674,528.6216216216217,0.13513513513513514,0.4861878453038674,1.7832110428609942,0.46528623629719856,36.21111111111111
204,2018-04-18,54.0,11547.0,16.0,0.020957824543171386,491.4259259259259,0.05555555555555555,0.48791893998441155,1.7081697852662887,0.8782120883098081,26.330503144654088
204,2018-04-19,67.0,6098.0,18.0,0.07576254509675304,443.05970149253733,0.19402985074626866,0.3143653656936701,2.1623970570702666,0.7345164795363999,21.52979797979798
204,2018-04-20,70.0,2093.0,16.0,0.48972766364070713,409.46774193548384,0.08064516129032258,0.32441471571906355,2.1693982847632993,0.7585836909871244,20.280434782608697
204,2018-04-21,44.0,332.0,12.0,0.2921686746987952,111.35135135135135,0.35135135135135137,0.5542168674698795,1.5972496102367542,0.7639751552795031,32.999612403100784
204,2018-04-22,61.0,2041.0,14.0,0.4590886820186183,316.59016393442624,0.22950819672131148,0.23762861342479177,2.1844652540488005,0.7293625914315569,23.271944444444447
204,2018-04-23,55.0,1704.0,14.0,0.2805164319248826,142.54545454545453,0.14545454545454545,0.31279342723004694,2.0685477997280555,0.8726968174204355,26.350925925925928
204,2018-04-24,36.0,837.0,13.0,0.5722819593787336,283.6470588235294,0.14705882352941177,0.2819593787335723,2.091051392610038,0.728,19.23
204,2018-04-25,41.0,1006.0,17.0,0.5129224652087475,320.1025641025641,0.07692307692307693,0.1978131212723658,2.3667858665132653,0.6008869179600886,33.919583333333335
204,2018-04-26,55.0,1313.0,18.0,0.12566641279512566,541.9791666666666,0.125,0.2863670982482864,2.291928604631528,0.4659498207885305,26.46820987654321
204,2018-04-27,30.0,1473.0,17.0,0.561439239646979,850.2,0.06666666666666667,0.20773930753564154,2.431679180279939,0.4277198211624441,23.03735632183908
204,2018-04-28,1.0,84.0,8.0,0.0,343.0,0.0,0.5595238095238095,1.3010790384309658,0.5151515151515151,0.0
204,2018-04-29,25.0,4885.0,19.0,0.0,1559.4583333333333,0.08333333333333333,0.23643807574206754,2.3981945504344715,0.6466302367941712,33.977777777777774
204,2018-04-30,27.0,1301.0,18.0,0.6033820138355112,1192.0,0.08695652173913043,0.23904688700999233,2.1989646328845436,0.5476603119584056,41.74871794871795
204,2018-05-01,30.0,513.0,12.0,0.0,390.34615384615387,0.07692307692307693,0.34502923976608185,2.031065005753355,0.6772727272727272,34.11091954022988
204,2018-05-02,55.0,1366.0,14.0,0.3206442166910688,347.0,0.18181818181818182,0.5644216691068814,1.5633965534511716,0.8088531187122736,24.805555555555557
204,2018-05-03,17.0,219.0,7.0,0.4292237442922374,265.07142857142856,0.0,0.410958904109589,1.3098835036094976,0.8160919540229885,76.8875
204,2018-05-04,53.0,1154.0,13.0,0.15944540727902945,292.0,0.2830188679245283,0.378682842287695,1.7930607441657034,0.8469387755102041,26.08685897435898
204,2018-05-05,76.0,3191.0,19.0,0.07521153243497336,347.9736842105263,0.13157894736842105,0.2005640864932623,2.398654830061556,0.7955493741307371,18.11422222222222
204,2018-05-06,66.0,1754.0,14.0,0.3831242873432155,249.55384615384617,0.16923076923076924,0.2628278221208666,2.0603018861649347,0.8496042216358839,19.36102564102564
204,2018-05-07,13.0,929.0,15.0,0.0,2105.181818181818,0.0,0.4983853606027987,1.7211624525676223,0.6748166259168704,39.456944444444446
204,2018-05-08,33.0,591.0,13.0,0.0,286.0769230769231,0.19230769230769232,0.350253807106599,2.000170632897145,0.6511627906976745,32.5453125
204,2018-05-09,42.0,1871.0,17.0,0.2725815072153928,413.5238095238095,0.16666666666666666,0.16942811330839125,2.3837078629849935,0.8068459657701712,34.207723577235775
204,2018-05-10,58.0,828.0,14.0,0.3333333333333333,185.0344827586207,0.22413793103448276,0.4082125603864734,2.005263110216528,0.6532951289398281,25.031286549707602
204,2018-05-11,42.0,687.0,14.0,0.314410480349345,219.05263157894737,0.3157894736842105,0.37554585152838427,1.9857360598282048,0.7580071174377224,34.5390243902439
204,2018-05-12,24.0,667.0,10.0,0.0,341.39130434782606,0.2608695652173913,0.6131934032983508,1.0211523316322695,0.9269102990033222,22.745652173913044
204,2018-05-13,40.0,270.0,10.0,0.2074074074074074,276.1290322580645,0.06451612903225806,0.35555555555555557,1.8654844715072292,0.5135135135135135,31.185897435897434
204,2018-05-14,9.0,54.0,7.0,1.0,214.55555555555554,0.1111111111111111,0.18518518518518517,1.8564237005191,0.2,21.7375
205,2018-04-12,26.0,856.0,9.0,0.0035046728971962616,136.2,0.56,0.6635514018691588,1.2223031194324436,0.9629629629629629,55.019333333333336
205,2018-04-13,23.0,8773.0,13.0,0.027584634674569702,1104.7619047619048,0.19047619047619047,0.8853299897412515,0.534733791445147,0.9935750344194585,63.23484848484848
205,2018-04-14,20.0,140.0,12.0,0.15714285714285714,134.375,0.5,0.25,2.1763778521855253,0.631578947368421,73.47280701754384
205,2018-04-15,29.0,137.0,9.0,0.10218978102189781,88.11538461538461,0.3076923076923077,0.30656934306569344,1.7340721732681155,0.7090909090909091,50.51904761904762
205,2018-04-16,20.0,5663.0,9.0,0.0001765848490199541,1014.2941176470588,0.23529411764705882,0.7289422567543705,0.8427871727712376,0.9953505007153076,69.1140350877193
205,2018-04-17,23.0,8299.0,12.0,0.007229786721291722,556.0,0.4782608695652174,0.8688998674539101,0.657091849223747,0.9906565035652816,61.85075757575758
205,2018-04-18,43.0,5879.0,17.0,0.040823269263480184,230.4418604651163,0.4186046511627907,0.7283551624425922,1.2004829429163055,0.9765625,33.80238095238095
205,2018-04-19,36.0,3582.0,11.0,0.026242322724734785,200.86111111111111,0.4166666666666667,0.5957565605806812,1.4128263706756463,0.9848024316109423,39.205238095238094
205,2018-04-20,31.0,1598.0,11.0,0.16332916145181478,271.80645161290323,0.3870967741935484,0.7321652065081352,1.084394614341422,0.9610894941634242,45.722222222222236
205,2018-04-21,20.0,123.0,12.0,0.12195121951219512,176.69230769230768,0.07692307692307693,0.2845528455284553,1.9060212625039095,0.5098039215686274,66.51228070175439
205,2018-04-22,14.0,297.0,12.0,0.0,388.9,0.2,0.6734006734006734,1.3116032326946196,0.8776978417266187,51.34615384615385
205,2018-04-23,21.0,349.0,13.0,0.017191977077363897,188.27777777777777,0.2222222222222222,0.41260744985673353,1.892057800018788,0.8607594936708861,68.38666666666667
205,2018-04-24,24.0,2946.0,14.0,0.016293279022403257,674.0869565217391,0.17391304347826086,0.5566870332654447,1.1103170577414203,0.9841379310344828,61.555797101449265
205,2018-04-25,32.0,1601.0,14.0,0.004996876951905059,608.8461538461538,0.19230769230769232,0.5190505933791381,1.2083502344577508,0.9727626459143969,45.58279569892473
205,2018-04-26,33.0,563.0,11.0,0.0852575488454707,130.5151515151515,0.3939393939393939,0.4049733570159858,1.7262315923154479,0.9273504273504274,43.91354166666667
205,2018-04-27,3.0,7.0,4.0,1.0,19.5,0.0,0.42857142857142855,1.2770342594661392,0.0,16.8
205,2018-04-28,13.0,84.0,8.0,0.0,212.9090909090909,0.0,0.6547619047619048,1.2539389736209257,0.53125,25.55694444444444
205,2018-04-29,11.0,41.0,7.0,0.14634146341463414,271.875,0.25,0.24390243902439024,1.8053756567793229,0.5,91.17999999999999
205,2018-04-30,13.0,43.0,6.0,0.0,131.83333333333334,0.16666666666666666,0.37209302325581395,1.5682903802770678,0.5333333333333333,32.855555555555554
205,2018-05-01,28.0,746.0,13.0,0.049597855227882036,386.5,0.3181818181818182,0.6970509383378016,1.2615838399380759,0.927170868347339,52.648765432098756
205,2018-05-02,21.0,202.0,11.0,0.4504950495049505,266.6666666666667,0.06666666666666667,0.46534653465346537,1.7629806609668894,0.6666666666666666,71.57916666666668
205,2018-05-03,39.0,205.0,10.0,0.17560975609756097,167.56666666666666,0.3,0.17560975609756097,2.0769115390180963,0.6626506024096386,37.609210526315785
205,2018-05-04,16.0,57.0,7.0,0.15789473684210525,132.875,0.125,0.5614035087719298,1.3126676084349844,0.5238095238095238,89.96000000000001
205,2018-05-05,33.0,168.0,9.0,0.07738095238095238,157.72,0.28,0.38095238095238093,1.747709406543746,0.6060606060606061,41.51979166666666
205,2018-05-06,4.0,18.0,4.0,0.1111111111111111,246.66666666666666,0.3333333333333333,0.4444444444444444,1.2730283365896258,0.2857142857142857,245.79999999999998
205,2018-05-07,29.0,124.0,7.0,0.016129032258064516,183.47368421052633,0.15789473684210525,0.23387096774193547,1.7384742159042705,0.47619047619047616,50.00119047619047
205,2018-05-08,3.0,6.0,4.0,0.0,11.0,0.5,0.3333333333333333,1.3296613488547582,0.0,22.316666666666666
205,2018-05-09,31.0,270.0,10.0,0.32592592592592595,205.24,0.36,0.24814814814814815,1.909451869293417,0.7830188679245284,47.351666666666674
205,2018-05-10,16.0,101.0,8.0,0.32673267326732675,376.3333333333333,0.1111111111111111,0.15841584158415842,2.0479289768513165,0.6428571428571429,60.00888888888889
206,2018-04-21,2.0,12.0,1.0,0.0,88.5,0.5,1.0,0.0,1.0,8.766666666666667
206,2018-04-22,35.0,2631.0,13.0,0.4104903078677309,502.2,0.05714285714285714,0.2911440516913721,1.9902558035915876,0.8910103420843277,41.79166666666667
206,2018-04-23,31.0,1696.0,17.0,0.4882075471698113,426.8,0.1,0.4221698113207547,2.0557438974537625,0.871007371007371,47.61222222222222
206,2018-04-24,30.0,2582.0,15.0,0.10689388071262587,432.73333333333335,0.13333333333333333,0.1723470178156468,2.3848033082459468,0.9270833333333334,48.88275862068965
206,2018-04-25,17.0,1654.0,12.0,0.42563482466747277,502.4117647058824,0.17647058823529413,0.2666263603385732,1.9956549480258743,0.926923076923077,58.946875000000006
207,2018-04-28,10.0,270.0,8.0,0.0,292.75,0.25,0.3962962962962963,1.4320135067182402,0.6744186046511628,21.188888888888886
207,2018-04-29,36.0,752.0,17.0,0.14627659574468085,264.7878787878788,0.12121212121212122,0.26595744680851063,2.376883463812484,0.6547945205479452,40.109047619047615
207,2018-04-30,28.0,341.0,11.0,0.0469208211143695,254.59259259259258,0.1111111111111111,0.44868035190615835,1.6906044611562703,0.6282051282051282,46.644444444444446
207,2018-05-01,44.0,746.0,17.0,0.0,234.2093023255814,0.06976744186046512,0.19571045576407506,2.5239517516886667,0.7346368715083799,19.327519379844958
207,2018-05-02,2.0,26.0,5.0,1.0,304.5,0.0,0.46153846153846156,1.2440007797244912,0.6363636363636364,94.58333333333333
208,2018-04-02,31.0,358.0,15.0,0.0,318.9230769230769,0.19230769230769232,0.2737430167597765,2.1236698211195666,0.5878787878787879,20.599444444444448
208,2018-04-03,18.0,189.0,17.0,0.7724867724867724,328.8666666666667,0.06666666666666667,0.2804232804232804,2.4124453155594328,0.5057471264367817,47.07254901960784
209,2018-04-18,18.0,779.0,14.0,0.0,439.8888888888889,0.3888888888888889,0.1797175866495507,2.3030577204115397,0.887459807073955,62.333333333333336
209,2018-04-19,6.0,366.0,10.0,0.45901639344262296,275.3333333333333,0.16666666666666666,0.3114754098360656,1.8699561537163967,0.9261363636363636,48.45
210,2017-09-11,8.0,130.0,5.0,0.0,35.375,0.25,0.36923076923076925,1.4142865301036591,0.8032786885245902,70.05952380952382
210,2017-09-12,1.0,14.0,3.0,0.0,57.0,0.0,0.42857142857142855,1.0042424730540764,0.5,0.0
210,2017-09-13,2.0,2.0,1.0,0.0,0.0,0.0,1.0,0.0,1.0,351.0833333333333
210,2017-09-14,4.0,26.0,4.0,0.0,32.0,0.5,0.38461538461538464,1.2658567518727373,0.46153846153846156,182.38333333333335
210,2017-09-15,1.0,5.0,2.0,0.0,21.0,0.0,0.6,0.6730116670092565,0.5,0.0
210,2017-09-18,1.0,19.0,4.0,0.0,65.0,0.0,0.5263157894736842,1.1488491992243572,0.625,0.0
211,2018-04-21,37.0,467.0,11.0,0.01284796573875803,170.94444444444446,0.25,0.2890792291220557,1.8855631207864914,0.7804878048780488,31.569444444444443
211,2018-04-22,50.0,2126.0,14.0,0.3621825023518344,490.98,0.14,0.4633113828786453,1.5506986346088003,0.9325084364454443,29.054421768707485
211,2018-04-23,61.0,1557.0,17.0,0.5388567758509955,413.39622641509436,0.09433962264150944,0.3159922928709056,1.9030364919339802,0.7792397660818714,23.838055555555556
211,2018-04-24,9.0,471.0,6.0,1.0,1365.111111111111,0.1111111111111111,0.613588110403397,1.0609956043682796,0.65625,28.385416666666664
212,2018-04-04,18.0,1022.0,13.0,0.0,432.8235294117647,0.23529411764705882,0.5733855185909981,1.4390594955021332,0.9241803278688525,21.943137254901963
212,2018-04-05,38.0,2801.0,17.0,0.1917172438414852,379.2368421052632,0.15789473684210525,0.4726883255980007,1.8187375947387026,0.9468412942989214,37.43018018018018
212,2018-04-06,41.0,1072.0,15.0,0.21641791044776118,377.6578947368421,0.18421052631578946,0.6856343283582089,1.2674391078752414,0.9032258064516129,35.33
212,2018-04-07,17.0,785.0,13.0,0.6777070063694267,722.375,0.0625,0.7617834394904459,1.0144277636813028,0.9010695187165776,48.54687500000001
212,2018-04-09,31.0,1225.0,15.0,0.0,415.4,0.03333333333333333,0.40816326530612246,1.5841470772841675,0.9001751313485113,33.77333333333333
212,2018-04-10,5.0,680.0,7.0,0.9941176470588236,967.4,0.4,0.5176470588235295,1.2526828917329094,0.8724035608308606,185.4
213,2018-04-14,23.0,361.0,9.0,0.0,154.3,0.25,0.592797783933518,1.3874976607823117,0.8044692737430168,31.473484848484848
213,2018-04-15,15.0,370.0,7.0,0.12432432432432433,216.73333333333332,0.26666666666666666,0.7135135135135136,1.029485248459753,0.903954802259887,100.60714285714286
213,2018-04-16,31.0,650.0,9.0,0.17692307692307693,326.44827586206895,0.1724137931034483,0.56,1.3106429202704903,0.8666666666666667,41.67388888888889
213,2018-04-17,5.0,115.0,5.0,0.48695652173913045,372.4,0.0,0.7913043478260869,0.7712823084442522,0.875,87.32916666666667
214,2018-04-30,14.0,305.0,11.0,0.0,259.92857142857144,0.07142857142857142,0.26229508196721313,1.9782316035390488,0.7847222222222222,33.8525641025641
214,2018-05-01,32.0,1299.0,17.0,0.0800615858352579,413.0,0.03125,0.18244803695150116,2.3669962168949272,0.7898894154818326,40.533333333333346
215,2018-04-26,3.0,174.0,7.0,0.0,542.3333333333334,0.0,0.28735632183908044,1.637667700759249,0.7906976744186046,76.64166666666668
215,2018-04-27,43.0,3203.0,14.0,0.18732438339057134,196.74418604651163,0.20930232558139536,0.4745551045894474,1.901817266602721,0.9325,34.163492063492065
215,2018-04-28,35.0,1598.0,9.0,0.26032540675844806,162.68571428571428,0.14285714285714285,0.37922403003754696,1.80819830253951,0.9157232704402516,36.543137254901964
215,2018-04-29,37.0,1367.0,10.0,0.5091441111923921,211.0,0.16216216216216217,0.6466715435259692,1.3505704072112201,0.8945827232796486,39.599074074074075
215,2018-04-30,31.0,945.0,13.0,0.0455026455026455,143.33333333333334,0.13333333333333333,0.5777777777777777,1.5091491887333934,0.844017094017094,46.144999999999996
215,2018-05-01,47.0,1342.0,9.0,0.5156482861400894,147.2888888888889,0.24444444444444444,0.5678092399403875,1.3818826676062317,0.8970149253731343,29.948188405797104
216,2018-04-29,8.0,171.0,6.0,0.0,212.5,0.25,0.42105263157894735,1.334974422714534,0.8846153846153846,67.81190476190476
216,2018-04-30,43.0,1138.0,15.0,0.23110720562390158,190.25581395348837,0.16279069767441862,0.3268892794376098,2.0685019371252453,0.8754789272030651,33.30357142857143
216,2018-05-01,30.0,670.0,15.0,0.01791044776119403,249.13333333333333,0.2,0.573134328358209,1.6079834638257144,0.8754208754208754,40.45402298850575
216,2018-05-02,6.0,90.0,6.0,1.0,152.0,0.16666666666666666,0.3333333333333333,1.555440069793114,0.8048780487804879,46.40666666666666
216,2018-05-03,22.0,173.0,9.0,0.0,139.2,0.2,0.6242774566473989,1.3629046452998936,0.6835443037974683,31.607142857142858
216,2018-05-04,33.0,652.0,12.0,0.032208588957055216,254.1290322580645,0.16129032258064516,0.5506134969325154,1.443613753117242,0.805921052631579,42.64322916666667
216,2018-05-05,28.0,415.0,13.0,0.18313253012048192,248.24,0.08,0.5662650602409639,1.5944123630734937,0.6789473684210526,50.69876543209877
216,2018-05-06,25.0,330.0,11.0,0.4393939393939394,321.39130434782606,0.08695652173913043,0.3181818181818182,1.8040417603673697,0.7806451612903226,59.199999999999996
216,2018-05-07,44.0,474.0,15.0,0.4029535864978903,261.475,0.225,0.6497890295358649,1.4060248484339581,0.7475728155339806,33.14922480620156
216,2018-05-08,6.0,53.0,6.0,1.0,135.6,0.6,0.6037735849056604,1.1582127653678465,0.76,27.306666666666665
217,2018-05-03,32.0,902.0,14.0,0.0,413.19354838709677,0.1935483870967742,0.30376940133037694,1.9820306432562438,0.8247422680412371,25.824193548387097
217,2018-05-04,10.0,206.0,9.0,0.0,324.77777777777777,0.1111111111111111,0.3592233009708738,1.7123198321110231,0.8148148148148148,35.809259259259264
217,2018-05-05,42.0,877.0,15.0,0.0,372.2162162162162,0.2702702702702703,0.5461801596351197,1.5831218999289025,0.7387387387387387,22.300406504065037
217,2018-05-06,17.0,375.0,10.0,0.005333333333333333,539.4285714285714,0.07142857142857142,0.5573333333333333,1.511960616775119,0.7710843373493976,52.922916666666666
217,2018-05-07,25.0,326.0,13.0,0.0,250.47619047619048,0.23809523809523808,0.2147239263803681,2.0906735422509555,0.6461538461538462,21.615972222222222
217,2018-05-08,20.0,339.0,9.0,0.0,471.92857142857144,0.14285714285714285,0.39233038348082594,1.406536103304998,0.5723684210526315,26.645614035087718
218,2018-04-27,25.0,905.0,9.0,0.0,231.33333333333334,0.16666666666666666,0.5812154696132596,1.3681893749886185,0.9548022598870056,21.935416666666665
218,2018-04-28,29.0,1365.0,12.0,0.3208791208791209,207.48275862068965,0.27586206896551724,0.5362637362637362,1.4786362279127738,0.9447322970639033,42.999404761904756
219,2018-04-25,35.0,2046.0,15.0,0.03225806451612903,411.0,0.2,0.636852394916911,1.2640874745171458,0.928345626975764,37.39166666666667
219,2018-04-26,54.0,2759.0,19.0,0.40086988039144617,339.1296296296296,0.24074074074074073,0.6353751359188111,1.4612445992672398,0.9266561514195584,26.916037735849052
219,2018-04-27,51.0,1163.0,17.0,0.351676698194325,474.0,0.23809523809523808,0.5829750644883921,1.4881243292667226,0.8208955223880597,26.865666666666666
219,2018-04-28,12.0,214.0,7.0,1.0,374.1818181818182,0.0,0.8644859813084113,0.6002217592680805,0.900990099009901,18.62272727272727
220,2018-04-02,4.0,43.0,1.0,0.0,214.0,0.0,1.0,0.0,1.0,35.42777777777778
220,2018-04-03,30.0,242.0,10.0,0.19008264462809918,205.78571428571428,0.21428571428571427,0.4049586776859504,1.6946064765750126,0.7946428571428571,48.87011494252873
220,2018-04-04,8.0,45.0,5.0,0.4,142.125,0.125,0.5111111111111111,1.3227124846647735,0.7058823529411765,67.83333333333334
221,2018-04-28,35.0,388.0,12.0,0.0,239.36666666666667,0.03333333333333333,0.2268041237113402,2.070012839400037,0.48677248677248675,30.675
221,2018-04-29,31.0,330.0,11.0,0.5848484848484848,398.88,0.04,0.4121212121212121,1.8124808379093598,0.5308641975308642,47.1161111111111
221,2018-04-30,55.0,582.0,11.0,0.0979381443298969,274.63461538461536,0.21153846153846154,0.34192439862542956,1.7336085900369982,0.5859649122807018,26.250308641975312
221,2018-05-01,17.0,142.0,7.0,0.9507042253521126,227.35714285714286,0.35714285714285715,0.5633802816901409,1.1975113774255726,0.7246376811594203,24.668750000000003
221,2018-05-02,38.0,518.0,8.0,0.0888030888030888,265.3333333333333,0.2777777777777778,0.5907335907335908,1.2762839343388381,0.765625,33.47927927927928
221,2018-05-03,50.0,2791.0,12.0,0.11787889645288427,368.1,0.22,0.48154783231816556,1.557983170513169,0.8245227606461086,28.174829931972788
221,2018-05-04,62.0,2309.0,12.0,0.4118666089216111,431.5,0.06451612903225806,0.42615851017756606,1.5670451802113543,0.7442477876106195,22.684153005464477
221,2018-05-05,44.0,1841.0,11.0,0.49701249321021185,566.5454545454545,0.11363636363636363,0.5258011950027159,1.3428831447721175,0.7376126126126126,33.255038759689924
221,2018-05-06,38.0,801.0,13.0,0.16729088639200998,521.8181818181819,0.21212121212121213,0.3433208489388265,1.8353431503941338,0.5954198473282443,38.3463963963964
221,2018-05-07,26.0,926.0,11.0,0.16198704103671707,622.5,0.19230769230769232,0.5075593952483801,1.340185166370028,0.7272727272727273,54.968
221,2018-05-08,61.0,1301.0,17.0,0.37432744043043814,404.5689655172414,0.1206896551724138,0.5564950038431975,1.5055701182674899,0.6159874608150471,23.222500000000004
221,2018-05-09,46.0,651.0,9.0,0.19201228878648233,343.7,0.075,0.41013824884792627,1.3255838366651886,0.6442307692307693,31.521851851851853
221,2018-05-10,52.0,1305.0,11.0,0.31264367816091954,332.62745098039215,0.13725490196078433,0.5632183908045977,1.3439359044134376,0.7400950871632329,27.599346405228754
221,2018-05-11,47.0,908.0,11.0,0.09581497797356828,381.390243902439,0.12195121951219512,0.5704845814977973,1.4227728972322455,0.7381489841986456,27.772463768115948
221,2018-05-12,60.0,689.0,8.0,0.5297532656023222,233.46153846153845,0.2692307692307692,0.4702467343976778,1.3790040303244329,0.658753709198813,24.33587570621469
221,2018-05-13,41.0,501.0,11.0,0.18163672654690619,444.6764705882353,0.11764705882352941,0.5109780439121756,1.4219200253953452,0.47368421052631576,34.96791666666667
221,2018-05-14,47.0,1217.0,8.0,0.5480690221857025,351.97872340425533,0.02127659574468085,0.5341002465078061,1.3968800622680504,0.657672849915683,30.96630434782609
221,2018-05-15,44.0,495.0,11.0,0.4767676767676768,300.6,0.1,0.5151515151515151,1.5875369776810393,0.5933609958506224,33.27403100775194
221,2018-05-16,12.0,116.0,6.0,0.9655172413793104,307.6363636363636,0.09090909090909091,0.6724137931034483,1.0797320783621787,0.6428571428571429,38.64545454545455
222,2018-02-12,7.0,56.0,3.0,0.0,169.85714285714286,0.14285714285714285,0.8571428571428571,0.4904499103768102,0.8076923076923077,55.62777777777777
222,2018-02-13,7.0,150.0,1.0,0.0,121.28571428571429,0.2857142857142857,1.0,0.0,1.0,19.008333333333333
222,2018-02-14,2.0,4.0,1.0,0.0,25.5,0.0,1.0,0.0,1.0,43.766666666666666
222,2018-02-15,4.0,19.0,3.0,0.0,119.25,0.5,0.7368421052631579,0.708018976056273,0.75,7.433333333333333
222,2018-02-18,4.0,42.0,2.0,0.0,194.5,0.25,0.6190476190476191,0.6645284386549151,0.75,23.933333333333334
222,2018-05-02,6.0,79.0,2.0,0.0,165.0,0.16666666666666666,0.5443037974683544,0.6892163745019184,0.6052631578947368,16.01666666666667
222,2018-05-03,7.0,58.0,3.0,0.0,49.42857142857143,0.14285714285714285,0.8448275862068966,0.4857063391522919,0.8888888888888888,25.64166666666667
222,2018-05-04,3.0,6.0,1.0,0.3333333333333333,0.0,1.0,1.0,0.0,1.0,65.025
222,2018-05-10,5.0,108.0,3.0,0.0,144.4,0.4,0.8055555555555556,0.5298288956980289,0.9423076923076923,23.92083333333333
222,2018-05-11,5.0,52.0,3.0,0.15384615384615385,48.0,0.4,0.6923076923076923,0.8305178252872478,0.9523809523809523,232.89166666666668
222,2018-05-13,6.0,38.0,2.0,0.0,175.5,0.16666666666666666,0.7368421052631579,0.5763341277567499,0.5,13.446666666666667
223,2018-01-21,6.0,121.0,8.0,0.0,274.5,0.16666666666666666,0.3305785123966942,1.8484315213158242,0.6101694915254238,28.416666666666664
224,2018-04-26,4.0,29.0,4.0,0.0,127.25,0.0,0.3448275862068966,1.2949477078742817,0.5,35.41111111111112
224,2018-04-27,39.0,532.0,13.0,0.07142857142857142,303.0263157894737,0.15789473684210525,0.21804511278195488,2.103130976603444,0.44047619047619047,32.953947368421055
225,2018-04-08,2.0,10.0,3.0,0.0,9.5,0.5,0.6,0.9502705392332347,0.6666666666666666,7.55
225,2018-04-09,47.0,2635.0,17.0,0.08349146110056926,272.48936170212767,0.2978723404255319,0.21859582542694497,2.2953225460838236,0.9242700729927007,30.76086956521739
225,2018-04-10,32.0,841.0,13.0,0.7348394768133175,210.625,0.34375,0.3258026159334126,2.082008918423319,0.8498402555910544,30.954301075268816
226,2018-01-21,4.0,17.0,1.0,0.0,109.25,0.0,1.0,0.0,1.0,9.683333333333332
226,2018-01-22,44.0,2084.0,16.0,0.16746641074856047,416.6818181818182,0.13636363636363635,0.5345489443378119,1.736478976167258,0.8849372384937239,32.463178294573645
226,2018-01-23,39.0,440.0,9.0,0.2590909090909091,291.6969696969697,0.06060606060606061,0.7477272727272727,0.9352897633228452,0.8235294117647058,37.49210526315789
226,2018-01-24,10.0,84.0,5.0,0.8571428571428571,168.8,0.2,0.5357142857142857,1.09245409266137,0.6944444444444444,49.03518518518518
226,2018-01-25,17.0,249.0,11.0,0.0,382.07142857142856,0.0,0.5261044176706827,1.6105514881784087,0.646551724137931,49.403124999999996
226,2018-01-26,17.0,164.0,8.0,0.38414634146341464,223.0,0.11764705882352941,0.39634146341463417,1.31596443655941,0.6081081081081081,35.52708333333333
226,2018-01-27,13.0,125.0,8.0,0.0,371.1,0.1,0.704,1.1207482548814012,0.7241379310344828,60.52083333333332
226,2018-01-28,28.0,356.0,9.0,0.24157303370786518,308.375,0.125,0.49719101123595505,1.4719745211691693,0.7678571428571429,48.75000000000001
226,2018-01-29,51.0,585.0,13.0,0.18461538461538463,377.35,0.025,0.5247863247863248,1.5695680472511357,0.6725352112676056,27.165333333333336
226,2018-01-30,18.0,191.0,10.0,0.387434554973822,339.93333333333334,0.06666666666666667,0.3717277486910995,1.7842939373264153,0.6703296703296703,38.720588235294116
226,2018-04-04,28.0,1392.0,15.0,0.05962643678160919,313.2142857142857,0.21428571428571427,0.5387931034482759,1.6792482428129765,0.9004665629860031,49.825308641975305
226,2018-04-05,30.0,1860.0,16.0,0.4978494623655914,381.41379310344826,0.20689655172413793,0.2478494623655914,1.8897459766032287,0.8584371460928653,46.551149425287356
227,2018-01-06,3.0,95.0,4.0,0.0,768.0,0.3333333333333333,0.6421052631578947,1.0110726273688382,0.7073170731707317,34.825
227,2018-01-07,36.0,1044.0,12.0,0.0,541.8181818181819,0.0,0.5862068965517241,1.3031891435854803,0.7188841201716738,24.752857142857142
227,2018-01-09,25.0,259.0,10.0,0.0,316.89473684210526,0.05263157894736842,0.38223938223938225,1.7656277996265861,0.6057692307692307,21.364583333333332
227,2018-01-10,23.0,207.0,6.0,0.178743961352657,283.55555555555554,0.0,0.41545893719806765,1.4742922164521988,0.5909090909090909,21.75530303030303
227,2018-01-11,6.0,69.0,3.0,0.0,352.0,0.3333333333333333,0.5362318840579711,0.865253366956367,0.6,20.69
227,2018-01-12,35.0,529.0,11.0,0.0,508.59375,0.0,0.504725897920605,1.5317668227132544,0.625,24.593627450980392
227,2018-01-15,27.0,330.0,10.0,0.0,330.76,0.16,0.48787878787878786,1.6516105132710552,0.5954198473282443,37.059615384615384
227,2018-01-16,39.0,264.0,11.0,0.0,257.7105263157895,0.15789473684210525,0.4318181818181818,1.796930550181592,0.42857142857142855,21.953947368421055
227,2018-01-18,9.0,52.0,4.0,0.0,237.85714285714286,0.0,0.6346153846153846,0.9151527649759075,0.6842105263157895,56.90416666666667
227,2018-01-19,25.0,244.0,6.0,0.004098360655737705,396.8095238095238,0.0,0.5286885245901639,1.1998751600465267,0.6704545454545454,27.093055555555555
227,2018-01-22,34.0,317.0,8.0,0.0,312.6666666666667,0.037037037037037035,0.43217665615141954,1.379757390434923,0.6293103448275862,22.659595959595958
227,2018-01-23,48.0,684.0,12.0,0.049707602339181284,453.4651162790698,0.06976744186046512,0.5087719298245614,1.430798101854539,0.5714285714285714,21.292198581560278
227,2018-01-24,11.0,133.0,7.0,0.5037593984962406,427.4,0.1,0.42105263157894735,1.2925476598960894,0.6607142857142857,21.776666666666664
227,2018-01-26,39.0,421.0,9.0,0.18527315914489312,382.8235294117647,0.058823529411764705,0.4513064133016627,1.4934718883856364,0.6580645161290323,25.742105263157892
227,2018-01-28,27.0,292.0,10.0,0.0,370.96153846153845,0.038461538461538464,0.5205479452054794,1.498196786880812,0.6454545454545455,22.137820512820515
227,2018-01-29,18.0,173.0,8.0,0.23121387283236994,430.2352941176471,0.0,0.7167630057803468,1.016792796599073,0.6666666666666666,24.898039215686275
227,2018-01-30,29.0,133.0,6.0,0.0,230.9,0.05,0.6541353383458647,1.091321737683443,0.5217391304347826,17.851190476190474
227,2018-01-31,22.0,151.0,4.0,0.07947019867549669,360.8333333333333,0.0,0.6423841059602649,0.8941275719078784,0.8,23.761904761904766
227,2018-02-02,16.0,110.0,7.0,0.0,250.06666666666666,0.06666666666666667,0.6181818181818182,1.2459267910778231,0.5116279069767442,28.14222222222223
227,2018-02-03,46.0,304.0,8.0,0.06907894736842106,203.5121951219512,0.1951219512195122,0.41776315789473684,1.4295821740719865,0.6774193548387096,23.070370370370373
227,2018-02-04,25.0,256.0,7.0,0.2890625,256.4782608695652,0.0,0.34375,1.3899460938382298,0.5833333333333334,21.886805555555554
227,2018-02-05,8.0,83.0,6.0,0.0,285.14285714285717,0.0,0.42168674698795183,1.376241858845507,0.6206896551724138,23.06904761904762
227,2018-02-06,37.0,423.0,9.0,0.014184397163120567,305.15625,0.0625,0.46808510638297873,1.530213802266579,0.68125,25.62175925925926
227,2018-02-08,41.0,830.0,10.0,0.0,489.4871794871795,0.05128205128205128,0.43734939759036146,1.5274600853324767,0.6295264623955432,22.86541666666667
227,2018-02-09,54.0,1671.0,11.0,0.10293237582286056,326.8888888888889,0.05555555555555555,0.4548174745661281,1.667735953255328,0.8229317851959361,23.602201257861633
227,2018-02-10,39.0,1206.0,11.0,0.1625207296849088,393.46153846153845,0.15384615384615385,0.3208955223880597,1.9035474766010527,0.6992753623188406,29.39824561403509
227,2018-02-12,26.0,324.0,10.0,0.0,409.16,0.04,0.3395061728395062,1.9107722292410338,0.539568345323741,31.20466666666666
227,2018-02-13,11.0,80.0,8.0,0.1375,294.57142857142856,0.14285714285714285,0.3,1.7724570106667854,0.6571428571428571,27.15
227,2018-02-15,19.0,195.0,9.0,0.0,350.8125,0.0625,0.558974358974359,1.2887868969268201,0.6025641025641025,46.9212962962963
227,2018-02-16,28.0,234.0,8.0,0.11538461538461539,289.4,0.12,0.5384615384615384,1.3343757492719313,0.6022727272727273,40.30123456790123
227,2018-02-17,10.0,57.0,5.0,0.07017543859649122,205.11111111111111,0.1111111111111111,0.631578947368421,1.0292879809098074,0.7647058823529411,20.0
227,2018-02-18,22.0,397.0,11.0,0.0,619.2380952380952,0.0,0.5818639798488665,1.33963483112056,0.6114649681528662,20.825396825396826
227,2018-02-19,23.0,233.0,6.0,0.12446351931330472,362.65,0.1,0.41201716738197425,1.4371150321698178,0.5,21.990151515151517
227,2018-02-21,42.0,398.0,10.0,0.0,339.55263157894734,0.15789473684210525,0.5125628140703518,1.4409848898578612,0.6410256410256411,18.770731707317072
227,2018-02-22,5.0,58.0,4.0,0.7586206896551724,505.2,0.0,0.7241379310344828,0.8373491018663956,0.3684210526315789,21.5625
228,2018-05-04,2.0,59.0,4.0,0.0,477.5,0.0,0.6101694915254238,0.8519845351494538,0.8148148148148148,234.91666666666666
228,2018-05-14,1.0,1.0,1.0,0.0,0.0,0.0,1.0,0.0,0.0,0.0
229,2018-04-21,28.0,568.0,9.0,0.31161971830985913,290.7857142857143,0.21428571428571427,0.4014084507042254,1.6398619016727416,0.8803088803088803,49.4253086419753
229,2018-04-22,27.0,743.0,11.0,0.2288021534320323,261.9259259259259,0.25925925925925924,0.32166890982503366,1.864599906076359,0.8583815028901735,54.27948717948718
229,2018-04-23,48.0,1149.0,13.0,0.17058311575282856,230.6,0.3111111111111111,0.6422976501305483,1.3615067891528907,0.863905325443787,29.365602836879432
229,2018-04-24,21.0,174.0,10.0,0.16091954022988506,209.8125,0.1875,0.4942528735632184,1.5693176211212019,0.75,71.62083333333332
229,2018-04-25,22.0,401.0,11.0,0.38902743142144636,297.2,0.3,0.42144638403990026,1.7659731784707609,0.7078651685393258,67.415873015873
229,2018-04-26,25.0,718.0,11.0,0.4763231197771588,330.52,0.08,0.5543175487465181,1.478897666492506,0.8307692307692308,53.06458333333334
229,2018-04-27,26.0,560.0,14.0,0.46964285714285714,266.2083333333333,0.041666666666666664,0.3410714285714286,1.7838377436850672,0.7795275590551181,54.38733333333334
229,2018-04-28,24.0,224.0,14.0,0.23214285714285715,249.95454545454547,0.13636363636363635,0.35714285714285715,2.0346390954291693,0.63,61.23840579710144
229,2018-04-29,27.0,714.0,13.0,0.48739495798319327,410.1923076923077,0.0,0.6316526610644257,1.4317046312924924,0.7993311036789298,53.935897435897424
229,2018-04-30,19.0,192.0,11.0,0.5416666666666666,262.3888888888889,0.2222222222222222,0.34375,1.7779028588456272,0.7142857142857143,50.160185185185185
229,2018-05-01,41.0,666.0,11.0,0.06306306306306306,247.7560975609756,0.24390243902439024,0.5780780780780781,1.3879747765881127,0.8477508650519031,33.39125
229,2018-05-02,7.0,321.0,7.0,1.0,747.2857142857143,0.14285714285714285,0.40809968847352024,1.4850104407602072,0.8344827586206897,25.022222222222222
229,2018-05-03,39.0,1195.0,13.0,0.17154811715481172,289.5,0.3684210526315789,0.5054393305439331,1.581645297958329,0.8206627680311891,35.96622807017545
229,2018-05-04,36.0,1394.0,13.0,0.41606886657101866,321.22857142857146,0.2,0.45408895265423244,1.5563006849975234,0.8634222919937206,39.94047619047619
229,2018-05-05,37.0,272.0,14.0,0.27941176470588236,210.17857142857142,0.17857142857142858,0.3235294117647059,1.98001984510891,0.736,39.0638888888889
229,2018-05-06,8.0,68.0,7.0,0.9705882352941176,270.5,0.375,0.5294117647058824,1.2203740645304837,0.7096774193548387,112.60952380952381
229,2018-05-07,27.0,281.0,13.0,0.0,197.34782608695653,0.21739130434782608,0.4199288256227758,1.7524120801215928,0.7480916030534351,24.99358974358974
229,2018-05-08,13.0,151.0,7.0,0.8344370860927153,277.0833333333333,0.25,0.6556291390728477,1.1071002250421067,0.7746478873239436,119.72361111111111
229,2018-05-09,42.0,713.0,16.0,0.40953716690042075,410.425,0.1,0.2496493688639551,2.1656768142678304,0.6012084592145015,34.40040650406504
229,2018-05-11,10.0,93.0,10.0,0.0,260.6666666666667,0.2222222222222222,0.23655913978494625,1.9614398805852153,0.6097560975609756,18.72037037037037
229,2018-05-12,26.0,488.0,15.0,0.3975409836065574,519.9583333333334,0.16666666666666666,0.35860655737704916,1.8245075551177217,0.6199095022624435,56.38933333333333
229,2018-05-13,37.0,813.0,17.0,0.17097170971709716,283.6764705882353,0.2647058823529412,0.45633456334563344,1.8238046221140956,0.8532608695652174,38.35138888888888
229,2018-05-14,6.0,91.0,6.0,1.0,421.5,0.3333333333333333,0.7912087912087912,0.7610981837087457,0.9024390243902439,26.820000000000004
230,2018-04-08,18.0,156.0,8.0,0.05128205128205128,130.8235294117647,0.35294117647058826,0.28205128205128205,1.7698630652042906,0.5324675324675324,62.11960784313725
230,2018-04-09,10.0,128.0,7.0,0.015625,172.1,0.1,0.25,1.674852434411732,0.6984126984126984,127.82037037037036
231,2018-04-30,4.0,137.0,3.0,0.0,172.75,0.25,0.7372262773722628,0.7580790609724379,0.890625,13.061111111111112
231,2018-05-01,45.0,1183.0,12.0,0.4725274725274725,212.0888888888889,0.044444444444444446,0.47590870667793744,1.799575179339009,0.8392523364485981,31.098106060606064
231,2018-05-02,31.0,347.0,9.0,0.6051873198847262,198.86206896551724,0.20689655172413793,0.5014409221902018,1.5760324302874726,0.8506493506493507,47.63111111111111
231,2018-05-03,3.0,58.0,5.0,0.0,174.66666666666666,0.0,0.4827586206896552,1.3698934816559316,0.7857142857142857,531.4666666666667
231,2018-05-04,37.0,837.0,6.0,0.07287933094384708,188.02702702702703,0.16216216216216217,0.5686977299880526,1.0129840582992677,0.9010416666666666,37.599074074074075
231,2018-05-05,19.0,750.0,11.0,0.6693333333333333,237.47368421052633,0.05263157894736842,0.5306666666666666,1.656427424810764,0.8323699421965318,76.36296296296297
231,2018-05-06,24.0,527.0,8.0,0.2713472485768501,150.2173913043478,0.17391304347826086,0.41935483870967744,1.4633986555614638,0.8879668049792531,59.41014492753624
231,2018-05-07,28.0,452.0,7.0,0.5110619469026548,203.48,0.28,0.754424778761062,0.9750104747022287,0.9090909090909091,48.20617283950617
231,2018-05-08,41.0,500.0,7.0,0.45,170.85,0.25,0.7,1.031994563995679,0.8369098712446352,33.309583333333336
231,2018-05-09,22.0,216.0,7.0,0.6851851851851852,250.25,0.05,0.7037037037037037,1.058734727327248,0.7789473684210526,67.35555555555555
231,2018-05-10,15.0,128.0,6.0,0.8203125,195.26666666666668,0.2,0.609375,1.191417616604192,0.7586206896551724,100.35119047619048
231,2018-05-11,45.0,497.0,9.0,0.45875251509054327,219.51111111111112,0.044444444444444446,0.6800804828973843,1.1248472149789184,0.7772727272727272,31.866666666666664
231,2018-05-12,30.0,1031.0,7.0,0.40446168768186225,318.8666666666667,0.13333333333333333,0.8312318137730359,0.7184514458776049,0.9515789473684211,47.97183908045977
231,2018-05-13,23.0,286.0,6.0,0.14685314685314685,156.17391304347825,0.2608695652173913,0.6678321678321678,1.0175859507458624,0.7878787878787878,54.85530303030303
231,2018-05-14,6.0,29.0,2.0,1.0,69.0,0.5,0.7586206896551724,0.5526646224944003,0.6666666666666666,30.170000000000005
232,2018-04-16,1.0,4.0,1.0,0.0,243.0,0.0,1.0,0.0,0.0,0.0
232,2018-04-22,2.0,4.0,1.0,0.0,0.5,1.0,1.0,0.0,0.0,52.38333333333333
232,2018-04-25,1.0,4.0,1.0,0.0,278.0,0.0,1.0,0.0,0.0,0.0
233,2018-01-20,29.0,1057.0,19.0,0.003784295175023652,369.32142857142856,0.14285714285714285,0.39829706717123936,2.0112735998710987,0.8874045801526718,41.41547619047618
233,2018-01-21,9.0,139.0,9.0,1.0,178.25,0.125,0.5251798561151079,1.562052558982609,0.75,17.06041666666667
234,2018-04-21,2.0,5.0,2.0,0.0,34.0,0.0,0.6,0.6730116670092565,0.0,59.93333333333333
234,2018-04-22,20.0,120.0,7.0,0.14166666666666666,200.33333333333334,0.3333333333333333,0.39166666666666666,1.6612704419138433,0.7,70.56491228070176
234,2018-04-23,14.0,84.0,7.0,0.38095238095238093,165.53846153846155,0.38461538461538464,0.36904761904761907,1.634782442864411,0.7222222222222222,107.78717948717949
234,2018-04-24,19.0,106.0,4.0,0.7547169811320755,48.0,0.7333333333333333,0.4528301886792453,1.2480252325390868,0.8,76.2861111111111
234,2018-04-25,24.0,194.0,8.0,0.21649484536082475,90.18181818181819,0.45454545454545453,0.27835051546391754,1.6949431050946688,0.6395348837209303,60.68695652173912
234,2018-04-26,7.0,28.0,6.0,0.9285714285714286,72.4,0.2,0.5,1.4680602034990462,0.46153846153846156,70.08611111111112
235,2018-04-21,9.0,78.0,8.0,0.0,111.0,0.375,0.5,1.5616982970368094,0.6875,39.18125
235,2018-04-22,34.0,440.0,9.0,0.075,109.80645161290323,0.3870967741935484,0.36363636363636365,1.6851077925240545,0.8921568627450981,43.361111111111114
235,2018-04-23,18.0,191.0,7.0,0.4607329842931937,219.1875,0.4375,0.32460732984293195,1.6370384568659346,0.8823529411764706,63.3235294117647
236,2018-01-20,1.0,116.0,6.0,1.0,2152.0,0.0,0.5172413793103449,1.360552851125321,0.543859649122807,0.0
236,2018-02-01,3.0,10.0,2.0,0.0,15.333333333333334,0.3333333333333333,0.8,0.5004024235381879,0.75,107.48333333333333
236,2018-04-03,3.0,58.0,5.0,1.0,401.0,0.0,0.5172413793103449,1.2979520711285952,0.6785714285714286,42.8
236,2018-04-04,1.0,6.0,1.0,1.0,150.0,0.0,1.0,0.0,1.0,0.0
237,2018-04-30,5.0,150.0,9.0,0.0,277.2,0.0,0.4533333333333333,1.7325434732325729,0.8783783783783784,11.270833333333332
237,2018-05-01,57.0,6873.0,21.0,0.159755565255347,406.94736842105266,0.2631578947368421,0.14375090935544885,2.6016873614985343,0.9233038348082596,25.22113095238095
237,2018-05-02,39.0,2084.0,16.0,0.5355086372360844,353.56410256410254,0.1282051282051282,0.22072936660268713,2.3478806848907072,0.8702439024390244,33.10394736842105
238,2018-04-18,61.0,3886.0,21.0,0.11914565105506948,345.42622950819674,0.2459016393442623,0.39475038600102935,1.9022911194181316,0.8821788040260509,21.82833333333333
238,2018-04-19,5.0,365.0,9.0,1.0,520.2,0.0,0.3232876712328767,1.863618721033044,0.8841463414634146,14.0
239,2018-04-15,11.0,245.0,5.0,0.0,192.66666666666666,0.3333333333333333,0.8163265306122449,0.6985976572026329,0.9322033898305084,89.14
239,2018-04-16,8.0,662.0,6.0,0.18126888217522658,287.75,0.125,0.3323262839879154,1.5983626927922736,0.9367088607594937,97.2404761904762
239,2018-04-17,22.0,867.0,7.0,0.5743944636678201,218.86363636363637,0.22727272727272727,0.3506343713956171,1.7127953844229775,0.8939759036144578,63.96984126984127
239,2018-04-18,12.0,253.0,5.0,0.9446640316205533,56.333333333333336,0.3333333333333333,0.4624505928853755,1.2948363559367821,0.9173553719008265,113.0242424242424
239,2018-04-19,12.0,233.0,8.0,0.6094420600858369,280.44444444444446,0.2222222222222222,0.26609442060085836,1.8646593201312722,0.7053571428571429,114.74242424242424
239,2018-04-20,4.0,16.0,2.0,0.1875,5.666666666666667,0.6666666666666666,0.625,0.6615632381579821,1.0,113.17222222222223
239,2018-04-21,12.0,104.0,5.0,0.8846153846153846,85.81818181818181,0.36363636363636365,0.6538461538461539,1.057184924016317,0.8913043478260869,110.0348484848485
239,2018-04-22,8.0,72.0,5.0,0.027777777777777776,32.25,0.375,0.3888888888888889,1.4547081074913908,0.8125,161.28571428571425
239,2018-04-23,19.0,567.0,8.0,0.37566137566137564,283.2352941176471,0.0,0.4567901234567901,1.6990551370241507,0.8782287822878229,67.06018518518518
239,2018-04-24,3.0,51.0,4.0,0.23529411764705882,15.666666666666666,0.6666666666666666,0.5882352941176471,1.0710178890244566,0.9,574.4000000000001
239,2018-04-25,7.0,207.0,7.0,0.4057971014492754,74.85714285714286,0.42857142857142855,0.33816425120772947,1.5825246259889294,0.8602150537634409,211.08333333333334
239,2018-04-26,13.0,96.0,5.0,0.0625,150.875,0.5,0.4583333333333333,1.3611005927409625,0.9069767441860465,89.62916666666666
239,2018-04-27,3.0,27.0,3.0,0.0,66.33333333333333,0.3333333333333333,0.4074074074074074,1.0866549153502754,0.5454545454545454,34.05833333333334
239,2018-04-30,1.0,10.0,2.0,0.0,130.0,0.0,0.8,0.5004024235381879,0.5,0.0
239,2018-05-05,6.0,33.0,4.0,0.0,212.0,0.25,0.42424242424242425,1.2415376976981523,0.5333333333333333,64.47999999999999
239,2018-05-06,2.0,8.0,3.0,0.25,2.0,1.0,0.5,1.0397207708399179,1.0,1234.6833333333334
240,2018-04-03,7.0,632.0,2.0,0.0,403.5,0.0,0.8006329113924051,0.49952376924916153,0.9835526315789473,43.00555555555556
240,2018-04-04,29.0,1752.0,6.0,0.0,235.24137931034483,0.10344827586206896,0.4332191780821918,1.195522839474684,0.9682119205298013,31.496428571428574
240,2018-04-07,8.0,218.0,4.0,0.0,223.25,0.0,0.4036697247706422,1.1216607075286236,0.9487179487179487,92.76190476190477
240,2018-04-08,17.0,2536.0,6.0,0.19400630914826497,245.58823529411765,0.35294117647058826,0.638801261829653,0.9386395157718748,0.9654867256637168,75.02916666666667
240,2018-04-12,13.0,453.0,5.0,0.0,359.72727272727275,0.09090909090909091,0.7019867549668874,0.8900952392396658,0.9,52.87916666666666
240,2018-04-13,7.0,296.0,5.0,0.0,598.5714285714286,0.14285714285714285,0.49324324324324326,1.1516601015592667,0.7266187050359713,36.13888888888889
240,2018-04-14,8.0,306.0,4.0,0.0,133.875,0.25,0.5228758169934641,1.1915331269104494,0.9375,85.15238095238097
240,2018-04-15,21.0,2162.0,5.0,0.0,285.1904761904762,0.3333333333333333,0.7530064754856615,0.7803368150018251,0.9755102040816327,32.96333333333333
240,2018-04-16,8.0,1794.0,5.0,0.0,475.5,0.375,0.8651059085841695,0.48868328325963406,0.978494623655914,106.63095238095237
240,2018-04-17,1.0,169.0,2.0,0.0,1179.0,0.0,0.9704142011834319,0.1332994029388188,0.9759036144578314,0.0
240,2018-04-18,7.0,1655.0,5.0,0.0,681.7142857142857,0.0,0.7468277945619335,0.8116923914968992,0.9578947368421052,128.92222222222225
240,2018-04-19,18.0,3682.0,6.0,0.011406844106463879,637.4444444444445,0.1111111111111111,0.6273764258555133,1.0764483343047255,0.9736052789442111,54.71274509803921
240,2018-04-20,9.0,185.0,5.0,0.0,158.75,0.25,0.5621621621621622,1.0854476295092124,0.7619047619047619,46.84791666666666
240,2018-04-22,5.0,460.0,3.0,0.0,1269.25,0.0,0.8434782608695652,0.5374058825361594,0.8755760368663594,37.05416666666667
240,2018-04-23,10.0,2510.0,6.0,0.0,468.2,0.2,0.5517928286852589,1.1476246531402947,0.9709649871904356,90.08148148148149
240,2018-04-24,25.0,7937.0,5.0,0.009701398513292176,342.6,0.28,0.7683003653773466,0.6835592991643376,0.9940460081190798,39.794444444444444
240,2018-04-25,13.0,14838.0,5.0,0.0,716.0,0.23076923076923078,0.7832591993530126,0.6886740950977651,0.9827887981330222,65.61666666666669
240,2018-04-26,19.0,1435.0,6.0,0.05435540069686411,300.94736842105266,0.10526315789473684,0.7414634146341463,0.8149313358671955,0.944954128440367,55.39351851851852
240,2018-04-27,6.0,530.0,4.0,0.0,675.4,0.2,0.9018867924528302,0.39786992774680263,0.9140625,50.553333333333335
240,2018-05-02,4.0,175.0,4.0,0.0,558.0,0.0,0.6457142857142857,0.9483121424969053,0.9176470588235294,34.95
240,2018-05-03,17.0,485.0,6.0,0.006185567010309278,379.8666666666667,0.13333333333333333,0.6268041237113402,1.0033952430350166,0.7887323943661971,44.452083333333334
240,2018-05-13,2.0,185.0,2.0,0.0,1284.5,0.0,0.8972972972972973,0.3309811576656299,0.8764044943820225,155.75
240,2018-05-14,9.0,553.0,4.0,0.0054249547920434,674.875,0.125,0.7667269439421338,0.6940267723810485,0.8656126482213439,132.86875
241,2018-04-09,27.0,169.0,7.0,0.0,230.9,0.3,0.5443786982248521,1.218845342946495,0.7446808510638298,21.183333333333334
241,2018-04-10,61.0,1154.0,20.0,0.4090121317157712,348.7090909090909,0.10909090909090909,0.1975736568457539,2.407526119369483,0.5737373737373738,23.576944444444443
241,2018-04-11,4.0,113.0,11.0,1.0,682.5,0.0,0.19469026548672566,2.095690863870984,0.6666666666666666,48.62222222222223
242,2018-04-02,25.0,848.0,10.0,0.0330188679245283,403.76,0.24,0.392688679245283,1.83184890001426,0.8210227272727273,51.87222222222223
242,2018-04-03,45.0,2526.0,13.0,0.27157561361836896,890.8409090909091,0.11363636363636363,0.3927157561361837,1.7986776403942726,0.7913533834586466,32.579166666666666
242,2018-04-04,30.0,744.0,13.0,0.760752688172043,457.8888888888889,0.1111111111111111,0.2513440860215054,2.0872582174456267,0.8048780487804879,34.90402298850575
243,2018-04-02,1.0,2.0,1.0,1.0,3.0,1.0,1.0,0.0,0.0,0.0
244,2018-01-22,6.0,192.0,9.0,0.125,1052.6666666666667,0.0,0.5416666666666666,1.5578014677264282,0.631578947368421,35.5
244,2018-01-23,7.0,268.0,7.0,0.0,385.7142857142857,0.0,0.26119402985074625,1.8019487376195775,0.8646616541353384,65.8111111111111
244,2018-01-24,12.0,777.0,9.0,0.5225225225225225,565.5454545454545,0.0,0.5225225225225225,1.2075681075255171,0.8530927835051546,50.21515151515152
244,2018-01-25,9.0,134.0,4.0,1.0,177.55555555555554,0.1111111111111111,0.6268656716417911,0.9602463778915542,0.8787878787878788,19.670833333333334
244,2018-01-26,5.0,270.0,3.0,0.9407407407407408,705.4,0.0,0.8962962962962963,0.3870278089273771,0.9552238805970149,74.52916666666667
244,2018-01-28,1.0,3.0,1.0,1.0,1.0,1.0,1.0,0.0,1.0,0.0
244,2018-01-29,2.0,77.0,4.0,0.0,357.0,0.0,0.5194805194805194,1.1740787285868768,0.7894736842105263,12.8
244,2018-01-30,8.0,764.0,9.0,0.8952879581151832,556.25,0.0,0.806282722513089,0.8414711110446328,0.94750656167979,127.93095238095239
244,2018-02-01,5.0,1079.0,9.0,0.3938832252085264,1133.4,0.0,0.8739573679332715,0.6172221765921899,0.9573283858998145,95.22916666666667
244,2018-02-04,5.0,72.0,3.0,1.0,210.6,0.0,0.4722222222222222,0.9632256798458771,0.8571428571428571,19.525000000000002
244,2018-02-06,9.0,111.0,3.0,0.0,140.0,0.125,0.7207207207207207,0.7739119648639339,0.8909090909090909,57.82083333333334
244,2018-02-11,4.0,200.0,6.0,1.0,218.75,0.0,0.47,1.216131947285817,0.898989898989899,78.45
244,2018-02-12,4.0,119.0,4.0,1.0,442.0,0.0,0.5714285714285714,0.970052497363029,0.8983050847457628,32.705555555555556
244,2018-02-13,10.0,607.0,7.0,0.9670510708401977,405.6,0.0,0.5766062602965404,1.1386415383607562,0.9370860927152318,141.54814814814816
244,2018-02-14,9.0,993.0,10.0,0.9254783484390735,807.3333333333334,0.0,0.5085599194360524,1.3794125739043717,0.898989898989899,41.59791666666667
244,2018-02-16,7.0,231.0,6.0,0.7272727272727273,317.42857142857144,0.14285714285714285,0.6190476190476191,1.0048319948710567,0.8347826086956521,184.75277777777777
244,2018-02-19,10.0,188.0,6.0,0.26063829787234044,173.5,0.0,0.40425531914893614,1.3087206373016922,0.9032258064516129,73.23703703703704
244,2018-02-20,13.0,407.0,7.0,0.0,215.07692307692307,0.07692307692307693,0.6928746928746928,1.0932017233886684,0.9556650246305419,70.16944444444444
244,2018-02-27,7.0,105.0,3.0,0.4380952380952381,161.5,0.3333333333333333,0.7047619047619048,0.8112652123529689,0.8301886792452831,64.80555555555556
244,2018-03-03,13.0,186.0,3.0,0.8064516129032258,106.15384615384616,0.15384615384615385,0.978494623655914,0.11874771795934891,0.967391304347826,40.35
244,2018-03-04,5.0,66.0,4.0,1.0,171.75,0.0,0.6666666666666666,0.9819137632345741,0.6875,37.75
244,2018-03-07,2.0,120.0,2.0,1.0,381.0,0.0,0.65,0.6474466390346325,0.9152542372881356,72.86666666666666
244,2018-03-09,12.0,721.0,5.0,1.0,311.5833333333333,0.0,0.8890429958391124,0.4537371663828701,0.9749303621169917,20.85909090909091
244,2018-03-10,20.0,567.0,5.0,0.7707231040564374,333.1111111111111,0.16666666666666666,0.5008818342151675,1.0104264319019096,0.8657243816254417,47.6578947368421
244,2018-03-11,25.0,756.0,6.0,0.22883597883597884,339.04347826086956,0.13043478260869565,0.582010582010582,1.0205516852908867,0.8888888888888888,50.61111111111111
244,2018-03-12,10.0,458.0,6.0,0.11790393013100436,293.7,0.2,0.6200873362445415,0.9600066174942088,0.9429824561403509,134.5462962962963
244,2018-03-13,4.0,310.0,5.0,0.6129032258064516,629.0,0.0,0.535483870967742,1.0583447993278905,0.9285714285714286,99.67222222222222
244,2018-03-14,15.0,862.0,7.0,0.5997679814385151,365.5,0.0,0.6334106728538283,1.089642507698192,0.9023255813953488,28.14642857142857
244,2018-03-15,2.0,19.0,1.0,1.0,33.0,0.0,1.0,0.0,1.0,170.46666666666667
244,2018-03-16,12.0,407.0,7.0,0.6437346437346437,262.4166666666667,0.0,0.6142506142506142,0.9979981080737048,0.896551724137931,94.34848484848484
244,2018-03-20,23.0,213.0,8.0,0.3380281690140845,102.71428571428571,0.09523809523809523,0.460093896713615,1.6287788331740152,0.7547169811320755,61.963636363636354
244,2018-03-24,16.0,272.0,8.0,0.625,174.0,0.0,0.33088235294117646,1.6646027592586161,0.7925925925925926,87.43444444444445
244,2018-03-26,3.0,32.0,4.0,0.125,135.0,0.0,0.5,1.1432752061942137,0.7333333333333333,52.925000000000004
244,2018-03-27,5.0,177.0,5.0,0.0,507.8,0.0,0.5310734463276836,1.2384528545910034,0.7415730337078652,31.575
244,2018-03-28,1.0,16.0,3.0,1.0,131.0,0.0,0.625,0.9002560512685369,0.7142857142857143,0.0
244,2018-03-29,4.0,78.0,8.0,1.0,312.0,0.0,0.38461538461538464,1.7711336679492509,0.5789473684210527,25.87222222222222
244,2018-03-30,2.0,66.0,3.0,0.0,860.5,0.0,0.7878787878787878,0.6037479613474844,0.90625,42.55
244,2018-04-03,13.0,281.0,5.0,0.5088967971530249,381.3333333333333,0.0,0.6014234875444839,1.1577725592146042,0.8357142857142857,115.1361111111111
244,2018-04-04,11.0,127.0,4.0,0.9448818897637795,206.9090909090909,0.2727272727272727,0.7952755905511811,0.7083234282420632,0.873015873015873,104.88333333333335
244,2018-04-06,6.0,66.0,4.0,0.0,34.833333333333336,0.3333333333333333,0.5151515151515151,1.04935315635583,0.875,143.48666666666668
244,2018-04-08,11.0,84.0,6.0,0.0,151.2,0.1,0.35714285714285715,1.515597218144185,0.7317073170731707,64.79499999999999
244,2018-04-09,1.0,10.0,1.0,1.0,18.0,0.0,1.0,0.0,1.0,0.0
244,2018-04-11,14.0,142.0,7.0,0.0,227.78571428571428,0.0,0.4084507042253521,1.5632398295579566,0.6857142857142857,81.18846153846154
244,2018-04-13,18.0,118.0,8.0,0.6271186440677966,93.94444444444444,0.1111111111111111,0.288135593220339,1.9123704165376738,0.7068965517241379,41.15686274509804
244,2018-04-14,14.0,130.0,5.0,0.0,215.44444444444446,0.0,0.6461538461538462,1.0154006388278134,0.6615384615384615,36.77820512820513
244,2018-04-15,4.0,12.0,2.0,1.0,160.25,0.0,0.6666666666666666,0.6365141682948128,0.6,44.338888888888896
244,2018-04-16,11.0,48.0,2.0,1.0,90.54545454545455,0.5454545454545454,0.8333333333333334,0.45056120886630463,0.9166666666666666,19.663333333333334
244,2018-04-17,23.0,206.0,5.0,0.2961165048543689,208.21052631578948,0.10526315789473684,0.470873786407767,1.1463250813913175,0.6407766990291263,59.94621212121213
244,2018-04-18,21.0,296.0,5.0,0.30743243243243246,246.94736842105263,0.0,0.7398648648648649,0.7092859287190353,0.8648648648648649,68.00833333333334
244,2018-04-19,7.0,60.0,4.0,1.0,178.0,0.16666666666666666,0.4,1.3265974743827544,0.7586206896551724,18.599999999999998
244,2018-04-20,13.0,120.0,4.0,0.8333333333333334,138.3846153846154,0.07692307692307693,0.7166666666666667,0.7881481707583091,0.864406779661017,30.281944444444445
244,2018-04-21,8.0,96.0,3.0,1.0,211.875,0.0,0.6666666666666666,0.857035247680807,0.723404255319149,20.54047619047619
244,2018-04-23,10.0,157.0,5.0,0.4713375796178344,343.25,0.0,0.445859872611465,1.3886516027305449,0.6025641025641025,82.48703703703704
244,2018-04-24,1.0,57.0,5.0,0.0,1151.0,0.0,0.3684210526315789,1.3446839099606622,0.6428571428571429,0.0
245,2018-01-20,9.0,308.0,9.0,0.0,223.66666666666666,0.3333333333333333,0.3961038961038961,1.5660411450983824,0.8731343283582089,44.75
245,2018-01-21,28.0,1262.0,12.0,0.25990491283676703,274.39285714285717,0.10714285714285714,0.3359746434231379,2.0185972268221652,0.8955223880597015,44.37839506172839
246,2018-01-20,21.0,336.0,12.0,0.0,333.8333333333333,0.1111111111111111,0.27380952380952384,2.013114420795571,0.5136986301369864,20.11416666666667
246,2018-01-21,49.0,1424.0,15.0,0.4220505617977528,445.6666666666667,0.022222222222222223,0.23595505617977527,2.0836051413713235,0.6627393225331369,19.090277777777775
246,2018-01-29,12.0,156.0,9.0,0.0,553.375,0.0,0.23717948717948717,1.9398162671303416,0.3709677419354839,16.48181818181818
246,2018-01-30,46.0,815.0,13.0,0.3141104294478528,406.95,0.1,0.3042944785276074,2.0221385001588668,0.6373626373626373,31.68259259259259
246,2018-01-31,43.0,587.0,13.0,0.3049403747870528,290.1111111111111,0.08333333333333333,0.39182282793867124,1.806322901183582,0.5258964143426295,31.218650793650795
247,2018-04-02,36.0,312.0,13.0,0.0,187.53333333333333,0.13333333333333333,0.5512820512820513,1.6855070133146213,0.7777777777777778,16.97380952380952
247,2018-04-03,51.0,3926.0,18.0,0.1726948548140601,280.0,0.29411764705882354,0.2582781456953642,2.427921808024451,0.9491392801251957,28.35733333333333
247,2018-04-04,58.0,6749.0,16.0,0.6319454734034672,345.37931034482756,0.3448275862068966,0.32775225959401394,1.8761332361193297,0.9499374217772215,24.75906432748538
247,2018-04-05,58.0,3109.0,15.0,0.28755226761016406,163.0,0.39655172413793105,0.3782566741717594,1.9434054482156613,0.9319196428571429,24.489181286549705
247,2018-04-06,57.0,2440.0,17.0,0.4012295081967213,217.6140350877193,0.42105263157894735,0.2762295081967213,2.1292725431471773,0.8781456953642384,24.359821428571426
247,2018-04-07,46.0,2264.0,16.0,0.21024734982332155,355.7391304347826,0.32608695652173914,0.4121024734982332,1.9189526178716554,0.8151041666666666,30.312962962962956
247,2018-04-08,39.0,860.0,13.0,0.5267441860465116,183.76923076923077,0.4358974358974359,0.28255813953488373,1.895708828824986,0.8338557993730408,27.441666666666674
247,2018-04-09,50.0,1048.0,16.0,0.04103053435114504,329.9761904761905,0.09523809523809523,0.3797709923664122,2.0899524291829827,0.7803468208092486,26.006802721088437
247,2018-04-10,59.0,865.0,16.0,0.22196531791907514,160.43103448275863,0.3275862068965517,0.3225433526011561,2.2981126591314376,0.7601626016260162,24.6316091954023
247,2018-04-11,57.0,560.0,16.0,0.325,239.4318181818182,0.20454545454545456,0.42678571428571427,2.0092744618975007,0.6086956521739131,24.854464285714283
247,2018-04-12,49.0,765.0,16.0,0.3738562091503268,386.2894736842105,0.13157894736842105,0.21830065359477124,2.1920100853590774,0.7222222222222222,29.545833333333334
247,2018-04-13,39.0,474.0,14.0,0.6118143459915611,301.5806451612903,0.06451612903225806,0.33122362869198313,2.153963989299521,0.654320987654321,37.76491228070175
247,2018-04-14,55.0,544.0,12.0,0.25,281.8181818181818,0.18181818181818182,0.4209558823529412,1.8845579163185706,0.6825396825396826,24.5033950617284
247,2018-04-15,28.0,384.0,13.0,0.0,359.4583333333333,0.08333333333333333,0.3203125,2.0898405352236056,0.6229508196721312,25.2783950617284
247,2018-04-16,22.0,371.0,12.0,0.6469002695417789,507.2631578947368,0.2631578947368421,0.6469002695417789,1.379712180164701,0.7631578947368421,66.8126984126984
247,2018-04-17,39.0,429.0,16.0,0.36363636363636365,284.43333333333334,0.06666666666666667,0.4289044289044289,1.9108032596828712,0.5671641791044776,31.333333333333346
247,2018-04-18,18.0,125.0,13.0,0.0,353.45454545454544,0.09090909090909091,0.448,1.8732090265875092,0.6206896551724138,23.545098039215688
247,2018-04-19,38.0,266.0,15.0,0.3383458646616541,264.16,0.16,0.34210526315789475,2.162320826404785,0.6233766233766234,37.7981981981982
247,2018-04-20,44.0,264.0,16.0,0.42045454545454547,240.4814814814815,0.18518518518518517,0.19696969696969696,2.304880054791915,0.5217391304347826,32.03604651162791
247,2018-04-21,47.0,534.0,16.0,0.22284644194756553,391.10526315789474,0.13157894736842105,0.31273408239700373,2.26441262355177,0.6032608695652174,29.664130434782614
247,2018-04-22,35.0,360.0,13.0,0.002777777777777778,308.17857142857144,0.14285714285714285,0.33055555555555555,2.0223350258861195,0.5298507462686567,33.49166666666667
247,2018-04-23,52.0,377.0,16.0,0.2519893899204244,208.78947368421052,0.13157894736842105,0.36074270557029176,2.1630693107668257,0.6666666666666666,27.745098039215687
247,2018-04-24,47.0,433.0,17.0,0.26096997690531176,254.9142857142857,0.17142857142857143,0.21939953810623555,2.4261403995569633,0.6178343949044586,30.938043478260873
247,2018-04-25,46.0,429.0,16.0,0.20046620046620048,276.93548387096774,0.06451612903225806,0.26573426573426573,2.2985315715734576,0.6575342465753424,31.512962962962966
247,2018-04-26,40.0,570.0,15.0,0.3912280701754386,606.0,0.041666666666666664,0.2754385964912281,2.0762097291116053,0.5024875621890548,36.58376068376068
247,2018-04-27,43.0,293.0,15.0,0.29692832764505117,224.41935483870967,0.22580645161290322,0.18771331058020477,2.4336821164357914,0.6195652173913043,29.115079365079364
248,2018-01-04,19.0,149.0,11.0,0.0,233.1875,0.0,0.2684563758389262,2.004079835151016,0.6811594202898551,24.3962962962963
248,2018-01-05,45.0,2004.0,14.0,0.22704590818363274,257.73333333333335,0.08888888888888889,0.25748502994011974,1.9748329313315711,0.922440537745605,32.58257575757576
248,2018-01-06,54.0,2027.0,14.0,0.5421805624074988,332.35185185185185,0.2037037037037037,0.3655648741983226,1.6856063467203422,0.8755060728744939,26.532075471698114
248,2018-01-07,56.0,885.0,11.0,0.34689265536723163,287.61224489795916,0.12244897959183673,0.3480225988700565,1.911862920264625,0.7715617715617715,24.568787878787877
248,2018-01-08,10.0,74.0,5.0,1.0,327.2,0.2,0.5405405405405406,1.2354259063552153,0.7142857142857143,17.694444444444443
248,2018-01-10,10.0,165.0,6.0,0.0,386.3,0.1,0.37575757575757573,1.4303180915055884,0.8227848101265823,24.464814814814815
248,2018-01-11,31.0,471.0,13.0,0.40552016985138006,285.0967741935484,0.12903225806451613,0.386411889596603,1.882533662178927,0.7391304347826086,37.42166666666667
249,2018-04-09,6.0,97.0,3.0,0.0,173.33333333333334,0.3333333333333333,0.422680412371134,1.0813098722694854,0.7083333333333334,81.64666666666668
249,2018-04-10,3.0,12.0,3.0,0.16666666666666666,35.0,0.3333333333333333,0.5,1.0114042647073518,0.4,459.45833333333337
249,2018-04-12,5.0,18.0,3.0,0.0,68.6,0.6,0.6666666666666666,0.8486855577264172,0.5,112.075
249,2018-04-13,8.0,67.0,3.0,0.0,87.5,0.6666666666666666,0.4626865671641791,1.0078274812187493,0.7878787878787878,133.17142857142858
249,2018-04-14,3.0,25.0,5.0,1.0,46.0,0.0,0.4,1.355161622109057,0.45454545454545453,55.3
249,2018-04-19,1.0,6.0,2.0,0.0,269.0,0.0,0.6666666666666666,0.6365141682948128,0.5,0.0
249,2018-04-22,3.0,66.0,3.0,0.0,190.66666666666666,0.3333333333333333,0.5151515151515151,0.8060415049365158,0.40625,47.46666666666667
249,2018-04-23,5.0,46.0,5.0,0.391304347826087,161.4,0.0,0.5217391304347826,1.2965581703841487,0.5,208.38333333333333
249,2018-04-26,2.0,3.0,2.0,0.0,1.0,1.0,0.6666666666666666,0.6365141682948128,0.0,10.6
249,2018-04-27,1.0,4.0,2.0,0.0,6.0,1.0,0.5,0.6931471805599453,0.0,0.0
249,2018-04-29,9.0,56.0,5.0,0.25,59.333333333333336,0.5555555555555556,0.5178571428571429,1.1984100320692181,0.75,142.45208333333335
249,2018-04-30,17.0,384.0,8.0,0.005208333333333333,279.61538461538464,0.15384615384615385,0.22916666666666666,1.8843229465819142,0.5916230366492147,65.94375
249,2018-05-01,22.0,223.0,11.0,0.6457399103139013,204.2941176470588,0.29411764705882354,0.28699551569506726,2.002338639569911,0.5871559633027523,39.71746031746032
249,2018-05-02,39.0,1608.0,10.0,0.14427860696517414,132.0,0.32432432432432434,0.8638059701492538,0.5953021282525987,0.9173967459324155,33.39912280701755
249,2018-05-03,3.0,80.0,3.0,1.0,44.666666666666664,0.3333333333333333,0.925,0.3141230258900314,0.9473684210526315,83.34166666666667
249,2018-05-08,4.0,28.0,3.0,0.0,192.0,0.25,0.7857142857142857,0.6559757323365467,0.8461538461538461,35.327777777777776
249,2018-05-09,8.0,34.0,3.0,0.11764705882352941,26.75,0.625,0.5294117647058824,1.0027399543973452,0.6875,174.01904761904763
249,2018-05-10,8.0,159.0,8.0,0.18867924528301888,227.75,0.375,0.34591194968553457,1.680827818432567,0.5822784810126582,128.48333333333332
249,2018-05-11,1.0,6.0,2.0,0.0,20.0,0.0,0.6666666666666666,0.6365141682948128,0.5,0.0
249,2018-05-13,5.0,39.0,4.0,0.0,96.25,0.25,0.5128205128205128,1.1665911753393639,0.6842105263157895,92.0375
250,2018-01-17,2.0,4.0,1.0,0.0,4.0,1.0,1.0,0.0,1.0,119.96666666666667
250,2018-01-19,2.0,4.0,1.0,0.0,4.5,1.0,1.0,0.0,1.0,317.4166666666667
250,2018-01-20,1.0,2.0,1.0,1.0,6.0,1.0,1.0,0.0,0.0,0.0
250,2018-01-21,2.0,4.0,1.0,0.5,5.0,1.0,1.0,0.0,1.0,1039.85
250,2018-04-17,1.0,2.0,1.0,0.0,5.0,1.0,1.0,0.0,0.0,0.0
250,2018-04-19,1.0,2.0,1.0,0.0,6.0,1.0,1.0,0.0,0.0,0.0
250,2018-04-22,1.0,2.0,1.0,0.0,5.0,1.0,1.0,0.0,0.0,0.0
250,2018-04-25,1.0,2.0,1.0,0.0,6.0,1.0,1.0,0.0,0.0,0.0
251,2018-04-01,6.0,124.0,8.0,0.0,255.6,0.4,0.3064516129032258,1.6971065756927401,0.7719298245614035,69.57000000000001
251,2018-04-02,40.0,3954.0,17.0,0.04704097116843703,275.05,0.225,0.3758219524532119,1.9328445238820766,0.9239583333333333,36.88974358974359
251,2018-04-03,39.0,5125.0,18.0,0.12663414634146342,314.61538461538464,0.3333333333333333,0.28760975609756095,2.01803558795515,0.8838141025641025,37.41666666666667
251,2018-04-04,25.0,1038.0,14.0,0.5028901734104047,481.0833333333333,0.20833333333333334,0.3882466281310212,1.697024454131323,0.7644710578842315,57.61944444444445
251,2018-04-05,1.0,2.0,1.0,1.0,1.0,1.0,1.0,0.0,0.0,0.0
252,2018-03-29,27.0,3491.0,10.0,0.0,541.2962962962963,0.07407407407407407,0.5101690060154683,1.4420505226513094,0.9039812646370023,39.73846153846154
252,2018-03-30,28.0,1470.0,12.0,0.45170068027210886,220.21428571428572,0.14285714285714285,0.20204081632653062,2.1503750034191564,0.8863309352517985,47.48641975308642
252,2018-03-31,17.0,421.0,8.0,0.03800475059382423,298.0625,0.1875,0.3515439429928741,1.7006120061464995,0.625,76.51770833333333
252,2018-04-01,8.0,169.0,5.0,0.378698224852071,296.2,0.0,0.8757396449704142,0.5392802535243755,0.8987341772151899,142.5357142857143
252,2018-04-02,8.0,161.0,10.0,0.2111801242236025,202.0,0.0,0.5962732919254659,1.4735233050145493,0.7702702702702703,116.23095238095239
252,2018-04-03,7.0,93.0,7.0,0.0,83.42857142857143,0.2857142857142857,0.5913978494623656,1.2112124067738392,0.9285714285714286,81.63333333333334
252,2018-04-04,16.0,584.0,11.0,0.010273972602739725,155.0,0.3333333333333333,0.2910958904109589,2.048200944024185,0.8104089219330854,87.9677777777778
252,2018-04-05,1.0,3.0,2.0,0.0,37.0,0.0,0.6666666666666666,0.6365141682948128,0.0,0.0
252,2018-04-06,6.0,499.0,8.0,0.0,336.8333333333333,0.16666666666666666,0.8416833667334669,0.7004214566082299,0.966804979253112,58.54
252,2018-04-07,18.0,658.0,9.0,0.05167173252279635,217.52941176470588,0.17647058823529413,0.47112462006079026,1.5185472527940331,0.8398692810457516,73.94999999999999
252,2018-04-08,16.0,344.0,7.0,0.10465116279069768,182.6,0.0,0.5465116279069767,1.3612083560709904,0.7388535031847133,92.44999999999999
252,2018-04-09,2.0,19.0,4.0,1.0,84.0,0.5,0.5263157894736842,1.0937704472491416,0.75,13.25
252,2018-04-10,18.0,309.0,10.0,0.0,185.22222222222223,0.1111111111111111,0.46601941747572817,1.7086152310125922,0.7021276595744681,39.351960784313725
252,2018-04-11,21.0,298.0,8.0,0.0738255033557047,145.73684210526315,0.10526315789473684,0.40604026845637586,1.638654218634512,0.674074074074074,68.91416666666666
252,2018-04-12,9.0,203.0,4.0,0.9408866995073891,310.6666666666667,0.1111111111111111,0.39408866995073893,1.2079542187639942,0.5151515151515151,178.4375
252,2018-04-13,23.0,295.0,9.0,0.10847457627118644,180.05555555555554,0.05555555555555555,0.5627118644067797,1.4223525239367836,0.7518796992481203,63.1371212121212
252,2018-04-14,3.0,125.0,5.0,0.0,392.0,0.0,0.784,0.8101555841591683,0.8833333333333333,91.75
252,2018-04-15,22.0,754.0,7.0,0.2984084880636605,205.0,0.25,0.6007957559681698,1.241540868624096,0.8624641833810889,65.79603174603173
252,2018-04-16,21.0,1072.0,13.0,0.3087686567164179,677.6,0.0,0.40205223880597013,1.946310645953891,0.587890625,71.28916666666666
252,2018-04-17,35.0,1291.0,14.0,0.26336173508907823,309.2258064516129,0.06451612903225806,0.5731990704879938,1.5648368594549895,0.7609046849757674,40.619117647058815
252,2018-04-18,44.0,3127.0,15.0,0.1746082507195395,621.65,0.05,0.3552926127278542,1.9423930386094073,0.7541308658294779,33.220930232558146
252,2018-04-19,36.0,5039.0,15.0,0.0924786664020639,691.3611111111111,0.1388888888888889,0.44056360388966065,1.818067132699514,0.7529118136439268,37.493809523809524
252,2018-04-20,27.0,6688.0,14.0,0.01270933014354067,763.4444444444445,0.0,0.6036184210526315,1.3598729244004588,0.7904009720534629,48.1448717948718
252,2018-04-21,38.0,2906.0,13.0,0.5884377150722643,568.1621621621622,0.02702702702702703,0.6269786648313833,1.2943025867329003,0.7431770468859342,38.22117117117118
252,2018-04-22,29.0,1788.0,9.0,0.2639821029082774,682.8461538461538,0.0,0.7158836689038032,1.0266960794670226,0.7146118721461188,50.00416666666667
252,2018-04-23,39.0,2910.0,13.0,0.11168384879725086,589.4324324324324,0.10810810810810811,0.7608247422680412,0.9510649421638905,0.8201539538138558,37.59166666666667
252,2018-04-24,14.0,831.0,11.0,0.9987966305655837,825.2727272727273,0.0,0.5306859205776173,1.4817002255866991,0.5465994962216625,25.42051282051282
253,2018-04-03,9.0,154.0,11.0,0.0,268.1666666666667,0.3333333333333333,0.6818181818181818,1.2414018095299075,0.8169014084507042,21.510416666666668
253,2018-04-04,34.0,588.0,16.0,0.22448979591836735,297.875,0.09375,0.6258503401360545,1.3724471302520704,0.8377358490566038,36.8969696969697
254,2018-04-02,20.0,347.0,12.0,0.0,343.3333333333333,0.0,0.4610951008645533,1.4926768258211325,0.7643312101910829,15.59122807017544
254,2018-04-03,40.0,5077.0,16.0,0.04254480992712232,377.025,0.125,0.4727201103013591,1.7117261944334037,0.9424947145877378,36.324786324786324
254,2018-04-04,38.0,4670.0,17.0,0.06745182012847965,324.0263157894737,0.15789473684210525,0.42184154175588867,1.8187819244718064,0.929029078363726,36.89009009009009
254,2018-04-05,41.0,4988.0,16.0,0.18524458700882118,471.4390243902439,0.0,0.3103448275862069,1.9498662707119487,0.8181401740723775,35.884166666666665
254,2018-04-06,50.0,2488.0,17.0,0.2616559485530547,379.2857142857143,0.02040816326530612,0.3516881028938907,1.8623633082038955,0.7544014084507042,29.34455782312925
254,2018-04-07,57.0,2111.0,14.0,0.08621506395073425,328.6607142857143,0.05357142857142857,0.3420180009474183,1.8027905927746057,0.7927083333333333,25.58154761904762
254,2018-04-08,58.0,2257.0,15.0,0.2631812140008861,263.10714285714283,0.17857142857142858,0.31501993797075767,1.8208562835367792,0.8291984732824428,25.139181286549704
254,2018-04-09,35.0,491.0,14.0,0.19959266802443992,218.25925925925927,0.1111111111111111,0.2830957230142566,1.994089836295445,0.6834170854271356,42.22401960784314
254,2018-04-10,48.0,669.0,15.0,0.11509715994020926,356.13513513513516,0.10810810810810811,0.2944693572496263,1.7962081427041798,0.7303754266211604,30.36950354609929
254,2018-04-11,40.0,733.0,19.0,0.0791268758526603,384.70588235294116,0.17647058823529413,0.32060027285129605,1.8502052941260734,0.7058823529411765,36.74700854700854
254,2018-04-12,44.0,1315.0,16.0,0.09809885931558936,318.4634146341463,0.12195121951219512,0.3338403041825095,1.7383553421868045,0.8462837837837838,32.518604651162796
254,2018-04-13,53.0,2266.0,17.0,0.12886142983230361,401.01960784313724,0.11764705882352941,0.3879082082965578,1.8451259444927774,0.7708129285014691,27.08076923076923
254,2018-04-14,43.0,1607.0,17.0,0.42190416925948976,439.0952380952381,0.09523809523809523,0.2719352831362788,1.8163752916517586,0.6951871657754011,33.99007936507937
254,2018-04-15,56.0,1771.0,18.0,0.21456804065499718,406.01851851851853,0.1111111111111111,0.33145115753811405,1.7593975938253095,0.7137681159420289,26.08515151515152
254,2018-04-16,54.0,1670.0,18.0,0.14131736526946106,280.9259259259259,0.18518518518518517,0.29760479041916166,1.9708582443729736,0.8253521126760563,27.095911949685533
254,2018-04-17,42.0,909.0,15.0,0.1331133113311331,390.12820512820514,0.02564102564102564,0.39383938393839385,1.6835763075101187,0.7229219143576826,34.44146341463414
254,2018-04-18,56.0,1043.0,19.0,0.16395014381591563,320.1276595744681,0.0851063829787234,0.29913710450623204,1.9386456948353308,0.7785234899328859,25.656969696969696
254,2018-04-19,38.0,2466.0,19.0,0.07137064071370641,553.3684210526316,0.13157894736842105,0.4375506893755069,1.7900816810242364,0.8365384615384616,38.714414414414414
254,2018-04-20,46.0,1729.0,18.0,0.23828802776171198,468.84444444444443,0.15555555555555556,0.2857142857142857,1.8734263415098416,0.7458279845956355,30.641111111111105
254,2018-04-21,51.0,2087.0,18.0,0.03258265452803066,440.40425531914894,0.10638297872340426,0.34690943938667945,1.898926496900227,0.8096256684491978,28.30233333333333
254,2018-04-22,26.0,1131.0,12.0,0.5039787798408488,292.53846153846155,0.11538461538461539,0.39876215738284704,1.5331738948430524,0.8529411764705882,57.379333333333335
254,2018-04-23,44.0,2043.0,19.0,0.034263338228095935,324.22727272727275,0.13636363636363635,0.3470386686245717,1.9945908927223723,0.8441860465116279,32.96860465116279
254,2018-04-24,56.0,1290.0,14.0,0.27674418604651163,250.23076923076923,0.17307692307692307,0.49844961240310076,1.5710898039286723,0.817531305903399,26.015757575757572
254,2018-04-25,49.0,1700.0,17.0,0.09117647058823529,353.265306122449,0.1836734693877551,0.3176470588235294,1.9393591352177824,0.8378016085790885,29.594791666666666
254,2018-04-26,38.0,863.0,14.0,0.3383545770567787,419.48571428571427,0.02857142857142857,0.440324449594438,1.492407340610275,0.8284182305630027,38.55765765765766
254,2018-04-27,42.0,889.0,16.0,0.16422947131608548,435.69444444444446,0.1388888888888889,0.38245219347581555,1.6472208791452627,0.7247474747474747,34.919918699186994
254,2018-04-28,53.0,1112.0,18.0,0.12320143884892086,350.3478260869565,0.06521739130434782,0.302158273381295,1.838716907027359,0.6498993963782697,27.63301282051282
254,2018-04-29,57.0,1957.0,17.0,0.15125191619826264,417.140350877193,0.03508771929824561,0.4077669902912621,1.550509659241985,0.7389380530973452,25.54107142857143
254,2018-04-30,9.0,201.0,9.0,0.5472636815920398,399.7142857142857,0.0,0.43781094527363185,1.4374931472112324,0.7444444444444445,89.22708333333334
255,2018-04-06,37.0,1116.0,12.0,0.13261648745519714,191.7027027027027,0.32432432432432434,0.278673835125448,1.9170694592079511,0.8169556840077071,35.762962962962966
255,2018-04-07,24.0,1288.0,13.0,0.3392857142857143,225.0,0.20833333333333334,0.41770186335403725,1.703255772809711,0.8743882544861338,61.25434782608696
255,2018-04-08,45.0,750.0,14.0,0.192,145.09302325581396,0.5581395348837209,0.30933333333333335,2.1055467616998267,0.7873015873015873,30.67310606060606
255,2018-04-09,45.0,1198.0,14.0,0.34140233722871455,147.24444444444444,0.4666666666666667,0.18864774624373956,2.3106178973352733,0.8881720430107527,31.0
255,2018-04-10,36.0,472.0,15.0,0.4046610169491525,86.08333333333333,0.4444444444444444,0.19915254237288135,2.2194086317774087,0.8048780487804879,40.889047619047616
255,2018-04-11,45.0,803.0,15.0,0.34869240348692404,101.55555555555556,0.4444444444444444,0.18929016189290163,2.3277895118538914,0.8601823708206687,32.48787878787879
255,2018-04-12,39.0,886.0,12.0,0.7505643340857788,166.4102564102564,0.41025641025641024,0.34875846501128666,1.995823723690015,0.7913486005089059,37.548245614035075
255,2018-04-13,46.0,498.0,15.0,0.39558232931726905,243.76923076923077,0.2564102564102564,0.3634538152610442,1.8568215783094872,0.5528846153846154,29.03925925925926
255,2018-04-14,35.0,201.0,11.0,0.27860696517412936,63.24242424242424,0.6666666666666666,0.2736318407960199,1.9546465407456821,0.647887323943662,41.66078431372549
255,2018-04-15,29.0,189.0,10.0,0.2275132275132275,223.42105263157896,0.10526315789473684,0.20105820105820105,2.077278163781016,0.7014925373134329,47.210119047619045
255,2018-04-16,52.0,1438.0,15.0,0.01043115438108484,196.0,0.45098039215686275,0.3317107093184979,2.1584796570995635,0.8713355048859935,27.798692810457517
255,2018-04-17,59.0,1205.0,15.0,0.23236514522821577,124.94915254237289,0.3898305084745763,0.31950207468879666,2.107641255281142,0.8211206896551724,24.744252873563216
255,2018-04-18,43.0,1647.0,9.0,0.11171827565270188,135.27906976744185,0.4186046511627907,0.30115361262902246,1.7762198491996457,0.9302325581395349,34.04365079365079
255,2018-04-19,75.0,2649.0,17.0,0.2634956587391468,191.98666666666668,0.4666666666666667,0.29709324273310683,2.1271613874688504,0.8734290843806104,19.35675675675676
255,2018-04-20,40.0,1151.0,11.0,0.15464813205907907,161.675,0.375,0.3527367506516073,1.9099978735150691,0.8770833333333333,34.7076923076923
255,2018-04-21,35.0,723.0,12.0,0.38035961272475793,229.15151515151516,0.2727272727272727,0.301521438450899,1.8827353786542234,0.7620578778135049,39.56470588235294
255,2018-04-22,35.0,219.0,14.0,0.365296803652968,65.23529411764706,0.6470588235294118,0.3242009132420091,1.9973132124774855,0.75,41.89656862745099
255,2018-04-23,13.0,77.0,5.0,1.0,139.0,0.0,0.5454545454545454,1.0694633197210557,0.375,21.98472222222222
256,2018-04-16,16.0,194.0,8.0,0.29896907216494845,432.0,0.1,0.32989690721649484,1.6565656395859394,0.8020833333333334,80.96666666666665
257,2018-04-26,17.0,366.0,8.0,0.0,163.8235294117647,0.23529411764705882,0.31420765027322406,1.8234910572236953,0.83125,27.56666666666667
257,2018-04-27,39.0,1219.0,11.0,0.4380639868744873,311.94594594594594,0.13513513513513514,0.32895816242821985,1.7677495833763979,0.8313253012048193,36.241228070175445
257,2018-04-28,15.0,374.0,9.0,0.22459893048128343,222.73333333333332,0.26666666666666666,0.3315508021390374,1.6199570400027208,0.8022598870056498,101.77976190476191
257,2018-04-29,7.0,66.0,4.0,0.045454545454545456,264.4,0.0,0.5303030303030303,1.0723001310782498,0.5483870967741935,229.34722222222226
257,2018-04-30,28.0,399.0,7.0,0.3258145363408521,367.4347826086956,0.13043478260869565,0.3659147869674185,1.5022661816686596,0.5901639344262295,43.78765432098766
257,2018-05-03,23.0,140.0,6.0,0.0,316.0,0.3333333333333333,0.7285714285714285,0.9080462838304713,0.8867924528301887,21.395454545454545
257,2018-05-04,27.0,346.0,10.0,0.6473988439306358,210.54166666666666,0.2916666666666667,0.6098265895953757,1.374944916820806,0.8451612903225807,51.617948717948714
257,2018-05-05,10.0,42.0,6.0,0.0,196.71428571428572,0.14285714285714285,0.6666666666666666,1.1140998526271755,0.7333333333333333,43.37037037037037
257,2018-05-06,14.0,54.0,4.0,0.46296296296296297,187.55555555555554,0.0,0.7407407407407407,0.8326398584825336,0.72,70.62820512820512
257,2018-05-08,21.0,312.0,12.0,0.0,462.6111111111111,0.05555555555555555,0.2564102564102564,1.965952017378383,0.581081081081081,23.425833333333337
257,2018-05-09,50.0,655.0,12.0,0.3480916030534351,259.1463414634146,0.12195121951219512,0.4259541984732824,1.825673528347023,0.8039867109634552,29.259863945578232
257,2018-05-10,27.0,254.0,13.0,0.07874015748031496,224.04166666666666,0.25,0.25196850393700787,2.195014070591287,0.7075471698113207,47.960897435897444
257,2018-05-11,10.0,65.0,6.0,0.8,287.0,0.14285714285714285,0.4307692307692308,1.4403975112832987,0.5384615384615384,41.46111111111111
257,2018-05-12,4.0,26.0,4.0,0.0,45.0,0.3333333333333333,0.46153846153846156,1.2047933096947843,0.6363636363636364,112.91666666666667
257,2018-05-13,31.0,375.0,13.0,0.16533333333333333,246.6,0.08,0.544,1.5526709248348582,0.7909604519774012,46.347777777777786
257,2018-05-14,21.0,360.0,13.0,0.9027777777777778,413.44444444444446,0.0,0.3111111111111111,1.9531264880554922,0.7818181818181819,19.447499999999998
258,2017-09-23,24.0,187.0,6.0,0.0,133.82608695652175,0.21739130434782608,0.4919786096256685,0.9998283935496056,0.75,37.612318840579704
258,2017-09-24,3.0,52.0,5.0,0.09615384615384616,152.33333333333334,0.0,0.6153846153846154,0.9387194338401267,0.5217391304347826,273.19166666666666
258,2017-09-30,22.0,218.0,7.0,0.0,199.94444444444446,0.16666666666666666,0.28440366972477066,1.7097994561625576,0.6633663366336634,29.08809523809524
258,2017-10-01,13.0,95.0,8.0,0.0,136.91666666666666,0.16666666666666666,0.4421052631578947,1.6364452844064683,0.43902439024390244,23.226388888888888
258,2017-10-05,13.0,190.0,8.0,0.0,279.0,0.07692307692307693,0.4263157894736842,1.5225950542464495,0.6741573033707865,29.554166666666664
258,2017-10-06,26.0,317.0,12.0,0.0031545741324921135,324.3333333333333,0.19047619047619047,0.334384858044164,1.7841313715375415,0.5882352941176471,41.49133333333333
258,2017-10-07,4.0,37.0,5.0,0.0,109.5,0.5,0.43243243243243246,1.3194405818877046,0.7142857142857143,26.188888888888886
258,2017-10-08,46.0,416.0,9.0,0.0,161.675,0.1,0.3125,1.5627029372353372,0.6084656084656085,20.60814814814815
258,2017-10-13,14.0,221.0,9.0,0.0,176.5,0.08333333333333333,0.36199095022624433,1.5385902241266844,0.62,24.73589743589744
258,2017-10-14,29.0,642.0,7.0,0.0,191.84615384615384,0.11538461538461539,0.5607476635514018,1.1540981719245127,0.869281045751634,37.73869047619047
258,2017-10-15,22.0,753.0,9.0,0.0,255.5909090909091,0.2727272727272727,0.3904382470119522,1.4227090394468078,0.827485380116959,36.60873015873016
258,2017-10-19,4.0,52.0,5.0,0.0,309.25,0.0,0.38461538461538464,1.3298347768128445,0.5652173913043478,38.388888888888886
258,2017-10-20,23.0,440.0,11.0,0.031818181818181815,134.04347826086956,0.13043478260869565,0.33636363636363636,1.7024937814668015,0.8252427184466019,46.95378787878788
259,2018-04-15,27.0,524.0,13.0,0.0,347.84,0.2,0.19083969465648856,2.187833807163379,0.5518672199170125,25.23333333333334
259,2018-04-16,27.0,2149.0,15.0,0.11400651465798045,248.92592592592592,0.14814814814814814,0.33085155886458817,2.0841978405664996,0.7706879361914257,55.11666666666667
259,2018-04-17,47.0,2672.0,18.0,0.28967065868263475,251.04347826086956,0.10869565217391304,0.26646706586826346,2.081457649637603,0.7576489533011272,30.92463768115942
259,2018-04-18,33.0,1494.0,16.0,0.12717536813922356,335.75757575757575,0.12121212121212122,0.2784471218206158,2.2251325205310413,0.6847826086956522,43.10989583333333
259,2018-04-19,47.0,763.0,13.0,0.11664482306684142,193.2608695652174,0.17391304347826086,0.3564875491480996,1.905097898743482,0.5368731563421829,29.528260869565223
259,2018-04-20,44.0,1366.0,13.0,0.2796486090775988,284.3636363636364,0.0,0.5014641288433382,1.4761953919235802,0.5072697899838449,33.32829457364341
259,2018-04-21,43.0,1288.0,18.0,0.15062111801242237,192.46511627906978,0.3488372093023256,0.3827639751552795,1.942132151824467,0.6042031523642732,33.97380952380953
259,2018-04-22,39.0,2104.0,21.0,0.17062737642585551,465.1025641025641,0.15384615384615385,0.2229087452471483,2.4090504144569316,0.6942482341069627,35.74078947368421
259,2018-04-23,46.0,536.0,14.0,0.4458955223880597,191.45454545454547,0.22727272727272727,0.26119402985074625,1.9088222741719751,0.5234375,31.853333333333335
259,2018-04-24,40.0,487.0,17.0,0.13963039014373715,241.14285714285714,0.2571428571428571,0.22381930184804927,2.2413336199005798,0.4690265486725664,36.25940170940171
259,2018-04-25,39.0,673.0,15.0,0.07726597325408618,298.28205128205127,0.05128205128205128,0.23179791976225855,2.0379679425482817,0.4177215189873418,37.53771929824561
259,2018-04-26,46.0,867.0,14.0,0.20645905420991925,437.3863636363636,0.11363636363636363,0.38523644752018454,1.8177312038334053,0.4020618556701031,30.441851851851847
259,2018-04-27,1.0,17.0,2.0,1.0,164.0,0.0,0.8823529411764706,0.362210557135449,0.875,0.0
260,2018-01-03,6.0,153.0,5.0,0.0,508.4,0.0,0.47058823529411764,1.224857779743351,0.6944444444444444,29.973333333333336
260,2018-01-04,25.0,783.0,12.0,0.11877394636015326,396.0,0.09523809523809523,0.33588761174968074,1.8926024470265561,0.6424581005586593,41.985416666666666
260,2018-01-16,18.0,392.0,12.0,0.0,496.46666666666664,0.13333333333333333,0.3112244897959184,1.804217198165307,0.5789473684210527,21.848039215686274
260,2018-01-17,31.0,456.0,14.0,0.0,355.85185185185185,0.14814814814814814,0.32456140350877194,1.8617475746921466,0.6436170212765957,22.21222222222222
260,2018-01-18,31.0,10305.0,14.0,0.0,359.80645161290323,0.16129032258064516,0.28685104318292093,1.817744080468221,0.9818665377176016,16.93777777777778
260,2018-01-19,46.0,18802.0,16.0,0.0021274332517817254,518.4130434782609,0.10869565217391304,0.47920433996383366,1.5354310077895967,0.982078853046595,25.592592592592595
260,2018-01-20,53.0,7248.0,15.0,0.1697019867549669,337.3018867924528,0.2830188679245283,0.33774834437086093,1.8783614796128667,0.9474158653846154,27.251923076923074
260,2018-01-21,5.0,531.0,5.0,1.0,599.8,0.0,0.5065913370998116,0.9745333215014487,0.9176470588235294,16.566666666666666
260,2018-03-16,42.0,385.0,15.0,0.0,210.10344827586206,0.13793103448275862,0.2857142857142857,1.9932969913092577,0.5,17.734959349593495
260,2018-03-17,9.0,271.0,12.0,0.01845018450184502,369.875,0.125,0.4354243542435424,1.6735365427202684,0.6328125,84.18958333333333
260,2018-03-18,26.0,218.0,14.0,0.0,295.3529411764706,0.0,0.24311926605504589,2.094785244874175,0.55,16.338666666666665
260,2018-03-19,30.0,268.0,10.0,0.15671641791044777,257.95238095238096,0.14285714285714285,0.44776119402985076,1.7266465520278838,0.5409836065573771,31.189080459770107
260,2018-03-21,44.0,441.0,15.0,0.0,263.83870967741933,0.0967741935483871,0.38095238095238093,1.9164701017641548,0.5657142857142857,17.022868217054263
260,2018-03-22,56.0,837.0,17.0,0.0,263.3695652173913,0.21739130434782608,0.23536439665471923,2.1000510125551055,0.6920821114369502,18.09242424242424
260,2018-03-24,17.0,242.0,9.0,0.0,256.3333333333333,0.06666666666666667,0.4380165289256198,1.46925714998509,0.5196078431372549,19.292708333333337
260,2018-03-25,27.0,848.0,12.0,0.0330188679245283,270.5,0.2692307692307692,0.27476415094339623,1.9703787619455349,0.671875,47.310897435897445
260,2018-03-26,53.0,695.0,18.0,0.004316546762589928,365.7826086956522,0.15217391304347827,0.32230215827338127,2.130929193047708,0.5618374558303887,20.460576923076925
260,2018-04-15,19.0,219.0,11.0,0.0,336.5,0.14285714285714285,0.4748858447488584,1.6439169186491327,0.6956521739130435,20.2537037037037
260,2018-04-16,44.0,3347.0,18.0,0.004780400358530027,275.52272727272725,0.2727272727272727,0.2945921720944129,2.202809198777042,0.903343023255814,31.988372093023255
260,2018-04-17,34.0,2433.0,17.0,0.016440608302507192,273.05882352941177,0.38235294117647056,0.26962597616111794,2.223280634827585,0.919732441471572,23.143939393939394
260,2018-04-21,15.0,1024.0,8.0,0.0,302.8666666666667,0.4,0.26953125,1.7660608216020655,0.8731501057082452,25.360714285714284
260,2018-04-22,32.0,3666.0,16.0,0.009819967266775777,331.875,0.40625,0.24713584288052373,2.2008315327945853,0.9587894397939472,33.89784946236559
260,2018-04-24,16.0,270.0,11.0,0.0,129.625,0.375,0.23333333333333334,1.9853466267851518,0.8504672897196262,32.37666666666667
260,2018-04-25,21.0,555.0,13.0,0.0,257.5238095238095,0.38095238095238093,0.372972972972973,1.9156626419980787,0.7965367965367965,25.124166666666667
261,2018-04-16,7.0,68.0,6.0,0.0,324.6,0.0,0.38235294117647056,1.5750420037535582,0.7096774193548387,40.324999999999996
261,2018-04-17,20.0,292.0,9.0,0.1643835616438356,260.8,0.0,0.19863013698630136,2.0089794629505477,0.7538461538461538,71.62631578947368
261,2018-04-18,9.0,51.0,5.0,0.3333333333333333,213.0,0.16666666666666666,0.43137254901960786,1.3877729447784914,0.6086956521739131,120.95
262,2018-01-07,35.0,994.0,13.0,0.0,286.48571428571427,0.14285714285714285,0.2676056338028169,2.0141138709035924,0.7318681318681318,21.904901960784315
262,2018-01-08,39.0,2705.0,15.0,0.011829944547134935,375.6666666666667,0.07692307692307693,0.25064695009242144,2.268218727825281,0.7594740912606341,28.935964912280706
262,2018-01-09,56.0,1583.0,13.0,0.009475679090334808,328.42857142857144,0.03571428571428571,0.2981680353758686,2.031823848197588,0.6753069577080492,17.908181818181816
262,2018-01-10,5.0,64.0,10.0,0.0,310.75,0.0,0.1875,2.1609116578485597,0.4827586206896552,20.333333333333332
262,2018-01-14,5.0,18.0,4.0,0.0,47.5,0.5,0.3333333333333333,1.3689223607402192,0.375,9.508333333333333
262,2018-01-15,31.0,274.0,12.0,0.0,211.24137931034483,0.1724137931034483,0.24452554744525548,2.1185096413818885,0.47244094488188976,29.144444444444446
262,2018-01-19,13.0,198.0,8.0,0.0,551.9230769230769,0.0,0.6414141414141414,1.2594897133876026,0.5454545454545454,29.82777777777778
262,2018-01-20,32.0,350.0,12.0,0.05142857142857143,285.75,0.125,0.44857142857142857,1.735387255556187,0.4177215189873418,23.687096774193545
262,2018-01-22,28.0,542.0,11.0,0.0,286.89285714285717,0.14285714285714285,0.5166051660516605,1.5945832237042787,0.6896551724137931,14.4641975308642
262,2018-01-23,35.0,802.0,12.0,0.07231920199501247,273.2857142857143,0.17142857142857143,0.3478802992518703,2.079604980300662,0.7229916897506925,19.05637254901961
262,2018-01-24,42.0,596.0,14.0,0.0,290.7317073170732,0.12195121951219512,0.3573825503355705,1.9808591503232051,0.34558823529411764,19.90528455284553
262,2018-01-25,2.0,21.0,5.0,0.0,475.0,0.0,0.5714285714285714,1.2284916775245969,0.3333333333333333,23.4
262,2018-01-26,40.0,542.0,15.0,0.0,337.2432432432432,0.05405405405405406,0.35977859778597787,1.9866155723473933,0.29457364341085274,22.714529914529916
262,2018-01-27,9.0,93.0,8.0,0.010752688172043012,298.125,0.25,0.40860215053763443,1.5524966058544138,0.4444444444444444,28.064583333333335
263,2018-04-20,3.0,25.0,6.0,0.0,219.66666666666666,0.0,0.32,1.646012417276667,0.3333333333333333,11.491666666666667
263,2018-04-21,41.0,1618.0,13.0,0.10197775030902348,311.2307692307692,0.23076923076923078,0.48763906056860323,1.7631990018196229,0.8909348441926346,35.305416666666666
263,2018-04-22,46.0,2129.0,11.0,0.19398778769375294,244.1590909090909,0.20454545454545456,0.3043682480037576,1.9138576034019485,0.9024134312696747,31.232962962962958
263,2018-04-23,26.0,366.0,11.0,0.02185792349726776,170.54166666666666,0.375,0.31693989071038253,1.6601935636453822,0.875,40.80266666666667
263,2018-04-24,40.0,3403.0,12.0,0.16397296503085512,324.275,0.275,0.26682339112547754,1.9744229633437944,0.9286195286195286,36.434615384615384
263,2018-04-25,30.0,1795.0,12.0,0.1955431754874652,189.46666666666667,0.23333333333333334,0.37270194986072425,1.804485542906769,0.9393939393939394,49.49425287356323
263,2018-04-26,44.0,14325.0,14.0,0.12013961605584642,475.5681818181818,0.36363636363636365,0.7560907504363001,1.0833226385592174,0.9823953823953824,32.73255813953488
263,2018-04-27,38.0,6836.0,14.0,0.2949093036863663,431.44736842105266,0.21052631578947367,0.3736102984201287,1.8174506297135467,0.9642401021711366,37.57657657657658
263,2018-04-28,30.0,4198.0,14.0,0.17103382563125297,255.5,0.23333333333333334,0.4447355883754169,1.871678406460199,0.9700722394220846,45.92816091954023
263,2018-04-29,28.0,2329.0,14.0,0.27264920566766854,256.85714285714283,0.14285714285714285,0.1897810218978102,2.225973631908285,0.9324975891996142,52.60555555555556
263,2018-04-30,25.0,2076.0,12.0,0.11560693641618497,315.36,0.4,0.3468208092485549,1.951102702125998,0.9361233480176211,58.56666666666666
263,2018-05-01,35.0,4192.0,15.0,0.10520038167938932,441.0571428571429,0.2857142857142857,0.21183206106870228,2.2299023309066093,0.9584472389283761,41.81421568627451
263,2018-05-02,39.0,2572.0,14.0,0.30870917573872475,237.48717948717947,0.3076923076923077,0.29976671850699843,2.0360537976453434,0.9334500875656743,36.41798245614035
263,2018-05-03,45.0,2635.0,14.0,0.1696394686907021,281.3777777777778,0.3111111111111111,0.371157495256167,2.030214557105892,0.9416737109044802,29.29962121212121
263,2018-05-04,24.0,592.0,11.0,0.5168918918918919,135.16666666666666,0.4583333333333333,0.30405405405405406,1.9051904507704682,0.9201680672268907,38.29782608695652
264,2018-04-01,30.0,10976.0,13.0,0.08208819241982507,436.6,0.06666666666666667,0.7489978134110787,1.123958899089029,0.9503491078355314,44.81666666666666
264,2018-04-02,38.0,13740.0,15.0,0.26564774381368267,540.1842105263158,0.0,0.5393013100436681,1.7161072129948451,0.9335925349922239,37.386486486486476
264,2018-04-03,26.0,1203.0,10.0,0.8985868661679135,350.61538461538464,0.23076923076923078,0.4679966749792186,1.6959281089242324,0.8807157057654076,16.224
265,2018-04-10,19.0,754.0,10.0,0.1206896551724138,276.4736842105263,0.21052631578947367,0.2519893899204244,1.895227360134547,0.8954802259887006,70.05740740740741
265,2018-04-11,30.0,1367.0,9.0,0.19970738844184346,223.41379310344828,0.2413793103448276,0.2421360643745428,1.8641632581802716,0.92,49.57471264367816
265,2018-04-12,25.0,1689.0,12.0,0.37122557726465366,300.2,0.16,0.22735346358792186,1.9876745661667778,0.9216944801026957,58.19583333333333
265,2018-04-13,38.0,1162.0,12.0,0.37263339070567986,156.5,0.15789473684210525,0.27538726333907054,1.989405189294171,0.869811320754717,38.22927927927928
265,2018-04-14,8.0,175.0,8.0,1.0,296.85714285714283,0.0,0.3657142857142857,1.6360492922975896,0.7560975609756098,25.24047619047619
266,2018-04-02,17.0,371.0,11.0,0.05929919137466307,230.4,0.06666666666666667,0.29110512129380056,1.7426844017348209,0.8461538461538461,70.30729166666667
266,2018-04-03,32.0,1219.0,15.0,0.23625922887612796,410.2962962962963,0.1111111111111111,0.2904019688269073,1.867043086098604,0.8275290215588723,43.83709677419355
266,2018-04-04,25.0,312.0,11.0,0.21794871794871795,160.85,0.2,0.4391025641025641,1.7518630575888456,0.7046979865771812,53.82013888888889
266,2018-04-05,4.0,23.0,2.0,1.0,32.333333333333336,0.0,0.8695652173913043,0.38721237518636065,0.9,19.950000000000003
266,2018-04-06,30.0,577.0,14.0,0.1733102253032929,373.2692307692308,0.07692307692307693,0.24783362218370883,2.008757975165471,0.6703296703296703,48.5471264367816
266,2018-04-07,1.0,16.0,3.0,1.0,66.0,0.0,0.4375,0.9832739442463889,0.7142857142857143,0.0
267,2018-04-21,1.0,84.0,4.0,0.0,597.0,0.0,0.7738095238095238,0.7592999279560573,0.8974358974358975,0.0
267,2018-04-22,35.0,1941.0,16.0,0.02266872746007213,583.0967741935484,0.06451612903225806,0.4951056156620299,1.6318455877273272,0.8342792281498297,41.19705882352941
267,2018-04-23,39.0,2870.0,17.0,0.18118466898954705,698.7435897435897,0.07692307692307693,0.3902439024390244,1.8557850797305904,0.7277777777777777,34.72675438596491
267,2018-04-24,38.0,1676.0,15.0,0.19391408114558473,663.2162162162163,0.02702702702702703,0.2386634844868735,1.929587741983718,0.6744505494505495,38.18513513513513
267,2018-04-25,36.0,2611.0,16.0,0.18843355036384526,901.0285714285715,0.11428571428571428,0.3347376484105707,1.826686028599963,0.7726872246696035,39.97857142857143
267,2018-04-26,38.0,1612.0,15.0,0.17493796526054592,634.2162162162163,0.05405405405405406,0.2673697270471464,1.8727069658630309,0.7030812324929971,38.398648648648646
267,2018-04-27,33.0,1637.0,19.0,0.2211362248014661,874.3939393939394,0.0,0.3323152107513745,1.7815680135854781,0.637660485021398,35.845312500000006
267,2018-04-28,3.0,93.0,5.0,0.0,700.6666666666666,0.0,0.5161290322580645,1.2875479817041708,0.5853658536585366,23.191666666666666
267,2018-04-29,32.0,921.0,12.0,0.3572204125950054,677.5,0.0,0.34093376764386535,1.6441341954028923,0.6741293532338308,45.78494623655913
267,2018-04-30,25.0,1594.0,17.0,0.19510664993726473,1329.6666666666667,0.0,0.25972396486825594,1.849614763853749,0.5814648729446936,59.06666666666666
267,2018-05-01,26.0,2385.0,19.0,0.18951781970649895,1524.0,0.0,0.2649895178197065,1.9044037676956964,0.7123420796890184,56.666000000000004
267,2018-05-02,37.0,3677.0,14.0,0.18602121294533588,849.5945945945946,0.05405405405405406,0.2790318194180038,1.8457207681666097,0.7969973890339426,38.743981481481484
267,2018-05-03,35.0,1126.0,14.0,0.17850799289520428,825.8125,0.0625,0.25044404973357015,1.8604163609090199,0.6076233183856502,42.02990196078431
267,2018-05-04,41.0,1061.0,13.0,0.15551366635249764,554.8974358974359,0.02564102564102564,0.23279924599434496,1.8925926319941742,0.6285046728971962,35.26208333333334
267,2018-05-05,25.0,798.0,14.0,0.12030075187969924,771.5,0.0,0.30451127819548873,1.9740679632511504,0.6276923076923077,53.00138888888889
267,2018-05-06,38.0,1559.0,15.0,0.0,480.55263157894734,0.10526315789473684,0.22450288646568314,2.103897657139718,0.7910216718266254,19.403153153153152
267,2018-05-07,43.0,3089.0,18.0,0.3062479766914859,927.8048780487804,0.04878048780487805,0.3344124312075105,1.8292373311113408,0.741112828438949,34.1936507936508
267,2018-05-08,42.0,2110.0,17.0,0.1061611374407583,806.3,0.075,0.22274881516587677,2.0876614290380275,0.7026406429391504,34.96707317073171
267,2018-05-09,56.0,1574.0,19.0,0.22490470139771285,461.02,0.06,0.24523506988564167,2.0287176580773405,0.7465437788018433,25.955151515151513
267,2018-05-10,15.0,406.0,15.0,0.07635467980295567,669.2666666666667,0.0,0.2955665024630542,1.8953007634144534,0.656441717791411,100.68809523809522
267,2018-05-11,52.0,1391.0,15.0,0.12293314162473042,677.6444444444444,0.022222222222222223,0.26599568655643424,1.8766511941626727,0.6237458193979933,28.071895424836608
267,2018-05-12,4.0,212.0,8.0,0.8584905660377359,1017.25,0.0,0.4858490566037736,1.5116132202618158,0.7872340425531915,477.2944444444445
267,2018-05-13,27.0,1022.0,12.0,0.5048923679060665,468.16,0.16,0.6526418786692759,1.2306198532385577,0.8940397350993378,51.68525641025641
268,2018-01-16,13.0,26.0,1.0,0.0,5.230769230769231,1.0,1.0,0.0,1.0,33.85416666666667
268,2018-01-17,28.0,84.0,4.0,0.2619047619047619,12.428571428571429,0.9285714285714286,0.6190476190476191,0.9323070789495858,0.8536585365853658,35.54012345679013
268,2018-01-18,16.0,231.0,4.0,0.0,111.75,0.6875,0.31601731601731603,1.3431906554653117,0.7739130434782608,31.577777777777776
268,2018-01-19,60.0,262.0,4.0,0.2633587786259542,49.6,0.8333333333333334,0.5114503816793893,1.2026913565928419,0.8778625954198473,23.372598870056496
268,2018-01-20,47.0,484.0,4.0,0.3677685950413223,34.1063829787234,0.8936170212765957,0.47520661157024796,1.1886702109101428,0.8842975206611571,30.815942028985507
268,2018-01-21,34.0,80.0,2.0,0.125,17.235294117647058,0.9117647058823529,0.9,0.3250829733914482,0.9487179487179487,33.13838383838384
268,2018-04-19,3.0,6.0,1.0,0.3333333333333333,5.0,1.0,1.0,0.0,1.0,207.63333333333333
269,2018-04-12,51.0,3399.0,13.0,0.2824360105913504,300.52941176470586,0.27450980392156865,0.22683142100617829,2.081975645372487,0.9255874673629243,27.074666666666666
269,2018-04-13,44.0,2592.0,13.0,0.38927469135802467,821.1395348837209,0.13953488372093023,0.5231481481481481,1.6814364068736527,0.818639798488665,32.73992248062015
269,2018-04-14,52.0,3064.0,12.0,0.35933420365535246,274.38461538461536,0.28846153846153844,0.2588120104438642,2.0292238139296974,0.9208955223880597,27.979411764705887
269,2018-04-15,60.0,2388.0,13.0,0.4267169179229481,340.85,0.2,0.3132328308207705,2.0158964474575667,0.8161559888579387,24.26723163841808
269,2018-04-16,41.0,1531.0,14.0,0.033311561071195296,370.0,0.25,0.24232527759634226,2.2528649064067947,0.812051649928264,34.20458333333333
269,2018-04-17,46.0,2000.0,16.0,0.094,328.8695652173913,0.32608695652173914,0.225,2.2285171596621103,0.8342541436464088,31.68037037037038
269,2018-04-18,57.0,1176.0,13.0,0.11734693877551021,189.2,0.2909090909090909,0.1836734693877551,2.2480626792565577,0.7987804878048781,25.093452380952378
269,2018-04-19,45.0,464.0,15.0,0.10129310344827586,238.21951219512195,0.24390243902439024,0.23922413793103448,2.1857636187052845,0.6685082872928176,32.19318181818182
269,2018-04-20,55.0,585.0,15.0,0.27350427350427353,272.72340425531917,0.23404255319148937,0.2188034188034188,2.2633603324734404,0.5975103734439834,25.79938271604938
269,2018-04-21,52.0,2725.0,17.0,0.05321100917431193,464.0,0.35294117647058826,0.23596330275229357,2.2756395160343668,0.8270989193682461,27.65392156862745
269,2018-04-22,51.0,2464.0,13.0,0.31858766233766234,362.54901960784315,0.23529411764705882,0.18790584415584416,2.2395796359425533,0.8282647584973166,27.162000000000003
269,2018-04-23,49.0,1440.0,16.0,0.07777777777777778,364.1875,0.20833333333333334,0.3590277777777778,1.9325612497223341,0.7342995169082126,28.272569444444443
269,2018-04-24,53.0,2472.0,14.0,0.06877022653721683,273.62264150943395,0.20754716981132076,0.3535598705501618,1.8912578580667943,0.8333333333333334,27.069871794871798
269,2018-04-25,54.0,2588.0,12.0,0.21676970633693973,444.8867924528302,0.2641509433962264,0.4234930448222566,1.6573033971721767,0.8238434163701067,26.146540880503146
269,2018-04-26,57.0,5711.0,14.0,0.19488706005953424,776.0178571428571,0.19642857142857142,0.4449308352302574,1.5707432737881304,0.8285603715170279,25.697619047619046
269,2018-04-27,72.0,5369.0,15.0,0.22853417768672005,578.4861111111111,0.1388888888888889,0.3851741478860123,1.594899735763373,0.8448858833474218,20.073004694835678
269,2018-04-28,53.0,4389.0,13.0,0.2601959444064707,710.2075471698113,0.2641509433962264,0.5074048758259284,1.5643220781992064,0.815668202764977,27.158974358974355
269,2018-04-29,58.0,3015.0,15.0,0.2991708126036484,674.4736842105264,0.15789473684210525,0.43980099502487563,1.779478484980635,0.7366906474820144,25.185672514619885
269,2018-04-30,70.0,2543.0,14.0,0.4085725521038144,496.4782608695652,0.11594202898550725,0.5583955957530475,1.61764060385455,0.7366148531951641,20.739130434782616
269,2018-05-01,51.0,2591.0,16.0,0.13508297954457738,622.3469387755102,0.16326530612244897,0.5897336935546121,1.430417678130863,0.8185763888888888,28.21066666666666
269,2018-05-02,57.0,3774.0,16.0,0.41573926868044514,607.2105263157895,0.10526315789473684,0.45045045045045046,1.8308579955392816,0.8188976377952756,25.426785714285717
269,2018-05-03,70.0,2217.0,15.0,0.2986017140279657,417.3857142857143,0.22857142857142856,0.4984212900315742,1.6867630086333054,0.7806122448979592,20.271980676328507
269,2018-05-04,49.0,2437.0,15.0,0.01600328272466147,435.81632653061223,0.32653061224489793,0.35084119819450144,1.9254390867612532,0.8134191176470589,25.832291666666666
269,2018-05-05,71.0,2801.0,15.0,0.24277043912888255,555.4029850746268,0.1791044776119403,0.4609068189932167,1.6289972069743026,0.7718068535825545,20.069999999999993
269,2018-05-06,60.0,2898.0,16.0,0.4168391994478951,568.2333333333333,0.16666666666666666,0.5917874396135265,1.5583689547314887,0.7928134556574924,24.133333333333333
269,2018-05-07,63.0,2854.0,14.0,0.21338472319551507,609.0806451612904,0.11290322580645161,0.5147161878065872,1.6635575521661492,0.7210200927357032,22.568817204301077
269,2018-05-08,61.0,4014.0,16.0,0.26606875934230195,750.3220338983051,0.06779661016949153,0.5004982561036373,1.5202883717297668,0.7608100711548987,23.102777777777778
269,2018-05-09,63.0,5775.0,13.0,0.11722943722943722,730.311475409836,0.11475409836065574,0.554978354978355,1.5429447609754485,0.8541910331384016,22.8241935483871
269,2018-05-10,66.0,9626.0,14.0,0.2893205900685643,619.078125,0.109375,0.45813421982131725,1.5891288921356137,0.8980952380952381,21.583846153846153
269,2018-05-11,70.0,7486.0,16.0,0.3487843975420786,496.4927536231884,0.3188405797101449,0.47408495858936683,1.6906674327384217,0.9130819092516205,19.693478260869565
269,2018-05-12,63.0,3241.0,13.0,0.23665535328602283,611.6774193548387,0.11290322580645161,0.5331687750694231,1.4265794375034173,0.817925194071983,22.26370967741936
269,2018-05-13,4.0,462.0,11.0,1.0,2355.25,0.25,0.5670995670995671,1.483524820288665,0.6476190476190476,28.872222222222224
270,2018-04-02,15.0,2211.0,11.0,0.0,516.2666666666667,0.0,0.44866576209859793,1.5133052645015068,0.8442164179104478,20.266666666666662
270,2018-04-03,42.0,15524.0,15.0,0.32549600618397323,842.8333333333334,0.09523809523809523,0.3594434424117495,1.693722875125261,0.9361961528041182,34.047560975609755
270,2018-04-04,32.0,13664.0,19.0,0.25124414519906324,864.375,0.09375,0.3412617096018735,1.9320787826303034,0.9216694389838197,45.64354838709677
270,2018-04-05,42.0,5380.0,16.0,0.4050185873605948,922.3809523809524,0.16666666666666666,0.3908921933085502,1.8166377801824993,0.8669891172914147,34.52357723577236
270,2018-04-06,42.0,2604.0,13.0,0.49385560675883255,755.2857142857143,0.11904761904761904,0.4009216589861751,1.5713110244652038,0.8031430934656741,35.036585365853654
270,2018-04-07,41.0,4157.0,16.0,0.22420014433485685,814.3658536585366,0.0,0.3885013230695213,1.6145023040775572,0.6969246031746031,34.63125
270,2018-04-08,32.0,4780.0,11.0,0.12322175732217573,860.875,0.03125,0.3901673640167364,1.4588520703764374,0.7956204379562044,45.14354838709678
270,2018-04-09,46.0,6266.0,13.0,0.33514203638684964,782.2391304347826,0.10869565217391304,0.4071177784870731,1.539860538545702,0.8346999016070843,31.95962962962963
270,2018-04-10,43.0,2802.0,14.0,0.5089221984296931,599.05,0.05,0.3668807994289793,1.6219703328911457,0.7609502598366741,33.80119047619047
270,2018-04-11,6.0,165.0,8.0,1.0,492.0,0.16666666666666666,0.48484848484848486,1.559394696372207,0.4024390243902439,35.763333333333335
271,2018-04-29,30.0,1008.0,11.0,0.04563492063492063,128.72413793103448,0.41379310344827586,0.4722222222222222,1.5323208061246596,0.9527896995708155,49.3022988505747
271,2018-04-30,20.0,653.0,13.0,0.06431852986217458,100.75,0.35,0.21286370597243492,2.265164669991066,0.9498207885304659,75.40350877192982
271,2018-05-01,21.0,562.0,9.0,0.3612099644128114,53.38095238095238,0.38095238095238093,0.3220640569395018,1.8097459667693572,0.9461883408071748,66.62666666666667
271,2018-05-02,15.0,407.0,11.0,0.04176904176904177,74.53333333333333,0.4666666666666667,0.42997542997543,1.8448375906219299,0.9568345323741008,93.03095238095239
271,2018-05-03,23.0,734.0,13.0,0.6512261580381471,155.0,0.38095238095238093,0.6076294277929155,1.4613040107133024,0.9588235294117647,64.61363636363636
271,2018-05-04,16.0,1105.0,13.0,0.06877828054298643,355.6875,0.125,0.4298642533936652,1.804889331086505,0.8568627450980392,85.42111111111112
271,2018-05-05,21.0,437.0,9.0,0.8810068649885584,87.16666666666667,0.4444444444444444,0.7276887871853547,0.9906953850371303,0.9655172413793104,68.30916666666667
271,2018-05-06,15.0,132.0,7.0,0.2878787878787879,186.1,0.3,0.6287878787878788,1.175233275238699,0.7966101694915254,92.99285714285715
271,2018-05-07,19.0,546.0,11.0,0.11904761904761904,464.54545454545456,0.2727272727272727,0.7948717948717948,0.8108222668646751,0.8409090909090909,74.69351851851852
271,2018-05-08,14.0,144.0,5.0,0.8958333333333334,228.14285714285714,0.2857142857142857,0.6180555555555556,1.0701881400438489,0.7313432835820896,78.85897435897436
272,2018-04-27,5.0,83.0,4.0,0.0,326.2,0.2,0.4578313253012048,1.1586473490013929,0.6842105263157895,166.04583333333335
272,2018-04-29,1.0,4.0,2.0,0.0,7.0,1.0,0.5,0.6931471805599453,0.0,0.0
273,2018-04-13,10.0,1228.0,11.0,0.0,531.9,0.0,0.499185667752443,1.7214051192977877,0.924812030075188,17.53333333333333
273,2018-04-14,47.0,8837.0,21.0,0.27000113160574857,563.468085106383,0.06382978723404255,0.2767907660970918,2.0841196733935337,0.9553237025147138,30.74021739130434
273,2018-04-15,49.0,3205.0,16.0,0.24742589703588144,407.7551020408163,0.14285714285714285,0.3868954758190328,1.902115242736874,0.9287305122494433,28.755208333333332
273,2018-04-16,44.0,5032.0,17.0,0.4644276629570747,424.75,0.11363636363636363,0.42507949125596184,1.9496804358584496,0.9417525773195876,33.479069767441864
273,2018-04-17,38.0,4183.0,19.0,0.46880229500358594,437.6842105263158,0.10526315789473684,0.30169734640210377,2.245993935158465,0.9194630872483222,38.11126126126126
273,2018-04-18,24.0,1910.0,14.0,0.7842931937172775,501.5416666666667,0.08333333333333333,0.4005235602094241,1.7553146492241618,0.9036458333333334,61.53043478260869
273,2018-04-19,23.0,742.0,16.0,0.6765498652291105,568.1304347826087,0.17391304347826086,0.38005390835579517,1.9896985883502256,0.7621951219512195,64.34090909090911
273,2018-04-20,32.0,2291.0,18.0,0.15277171540811874,759.40625,0.125,0.25578350065473593,2.159852242502898,0.8125,45.79784946236559
273,2018-04-21,42.0,4755.0,21.0,0.3888538380651945,648.6428571428571,0.023809523809523808,0.3213459516298633,2.211766868841317,0.8983451536643026,34.26788617886179
273,2018-04-22,12.0,362.0,12.0,0.9337016574585635,1039.6666666666667,0.16666666666666666,0.7099447513812155,1.2009245799393222,0.7701149425287356,32.08030303030303
273,2018-04-23,20.0,289.0,18.0,0.2837370242214533,276.3,0.1,0.3079584775086505,2.2304097992483136,0.6134453781512605,68.84122807017543
273,2018-04-24,4.0,57.0,5.0,1.0,121.5,0.25,0.49122807017543857,1.3597917037742575,0.75,18.08888888888889
274,2018-04-08,4.0,59.0,6.0,0.0,86.0,0.3333333333333333,0.4067796610169492,1.4099940017490644,0.75,9.155555555555557
274,2018-04-09,39.0,875.0,17.0,0.24342857142857144,206.35897435897436,0.23076923076923078,0.20342857142857143,2.3534051465943087,0.6743119266055045,37.44649122807017
274,2018-04-10,19.0,161.0,10.0,0.5714285714285714,148.55555555555554,0.3333333333333333,0.20496894409937888,2.129063114170978,0.4050632911392405,63.345370370370375
275,2018-04-11,20.0,5857.0,10.0,0.01570770018780946,682.0555555555555,0.2222222222222222,0.8383131295885266,0.7271307193565384,0.9916666666666667,71.52543859649123
275,2018-04-12,21.0,25488.0,15.0,0.10000784682988073,948.6,0.2,0.8542059008160703,0.6951681615919567,0.9904611746156878,70.61250000000001
275,2018-04-13,6.0,691.0,7.0,0.19536903039073805,786.0,0.0,0.8798842257597684,0.5218020559162372,0.9011627906976745,73.77333333333334
276,2018-04-04,5.0,263.0,6.0,0.0,176.75,0.25,0.6692015209125475,1.0766412856659515,0.9140625,10.779166666666667
276,2018-04-05,22.0,658.0,10.0,0.45288753799392095,177.95454545454547,0.2727272727272727,0.3465045592705167,1.783366972038646,0.9044585987261147,66.20079365079366
276,2018-04-06,4.0,35.0,3.0,1.0,106.0,0.25,0.5142857142857142,0.9577420405291135,0.875,25.955555555555552
276,2018-04-15,21.0,184.0,8.0,0.32065217391304346,149.35,0.1,0.27717391304347827,1.9446368397487295,0.6588235294117647,70.18166666666667
276,2018-04-16,15.0,1318.0,8.0,0.09559939301972686,274.46666666666664,0.3333333333333333,0.4779969650986343,1.6638074713970976,0.9531502423263328,88.03214285714286
276,2018-04-17,22.0,327.0,7.0,0.4434250764525994,60.5,0.5909090909090909,0.24464831804281345,1.7867417994972652,0.8675496688741722,63.13888888888888
276,2018-04-18,14.0,890.0,7.0,0.02359550561797753,134.28571428571428,0.21428571428571427,0.49887640449438203,1.4223627447510192,0.9166666666666666,94.83076923076922
276,2018-04-19,28.0,1319.0,7.0,0.14783927217589082,202.82142857142858,0.32142857142857145,0.2608036391205459,1.6787048389030936,0.8959731543624161,52.59938271604938
276,2018-04-20,9.0,639.0,8.0,0.4757433489827856,377.0,0.2222222222222222,0.4616588419405321,1.5271660015408903,0.850909090909091,151.69791666666666
276,2018-04-21,31.0,280.0,6.0,0.2,194.41379310344828,0.06896551724137931,0.2392857142857143,1.7043782738191178,0.7016129032258065,46.90555555555556
276,2018-04-22,10.0,89.0,6.0,0.3146067415730337,111.6,0.3,0.6292134831460674,1.1939714066871776,0.725,135.68148148148146
276,2018-04-23,15.0,129.0,6.0,0.8837209302325582,136.69230769230768,0.38461538461538464,0.43410852713178294,1.3193282782299343,0.7894736842105263,85.37380952380953
277,2018-04-02,15.0,286.0,6.0,0.0,246.66666666666666,0.3333333333333333,0.5804195804195804,1.3176194354251387,0.8677685950413223,16.04404761904762
277,2018-04-03,42.0,1909.0,13.0,0.24358302776322682,264.6904761904762,0.3333333333333333,0.20167627029858565,2.112524404524743,0.8868832731648616,34.549593495934964
277,2018-04-04,24.0,384.0,13.0,0.5416666666666666,198.76190476190476,0.19047619047619047,0.3229166666666667,1.9968278457180872,0.7283950617283951,40.55
278,2018-04-09,8.0,250.0,10.0,0.0,621.4285714285714,0.14285714285714285,0.384,1.501983505391001,0.7454545454545455,102.95476190476191
278,2018-04-10,16.0,309.0,9.0,0.5242718446601942,286.46666666666664,0.06666666666666667,0.29449838187702265,1.8083624394351934,0.7972027972027972,58.88777777777778
279,2018-04-06,16.0,411.0,7.0,0.0,180.25,0.4375,0.6885644768856448,1.121997291127444,0.9325153374233128,15.193333333333335
279,2018-04-07,33.0,1604.0,13.0,0.032418952618453865,259.6969696969697,0.2727272727272727,0.24251870324189526,2.0715746273448365,0.8650137741046832,44.2890625
279,2018-04-08,41.0,386.0,12.0,0.30569948186528495,189.4,0.2571428571428571,0.38082901554404147,1.7532224795654054,0.75,35.86583333333333
279,2018-04-09,34.0,897.0,9.0,0.20512820512820512,149.2941176470588,0.3235294117647059,0.32998885172798215,1.7991532052798318,0.868766404199475,42.298989898989895
279,2018-04-10,43.0,465.0,11.0,0.44086021505376344,116.86046511627907,0.46511627906976744,0.4344086021505376,1.7923706327560012,0.8839779005524862,32.74722222222223
279,2018-04-11,25.0,93.0,8.0,0.0,120.36363636363636,0.36363636363636365,0.3763440860215054,1.7273324885123866,0.7307692307692307,29.097916666666663
279,2018-04-12,53.0,365.0,9.0,0.12054794520547946,178.6,0.14285714285714285,0.3452054794520548,1.8535812704966241,0.8014705882352942,27.52884615384615
279,2018-04-13,7.0,70.0,5.0,1.0,433.0,0.0,0.42857142857142855,1.1187879805602674,0.8,14.855555555555556
279,2018-04-14,33.0,430.0,10.0,0.0,297.36,0.32,0.33488372093023255,1.6704193028789371,0.7272727272727273,18.867708333333333
279,2018-04-15,10.0,80.0,6.0,0.575,170.11111111111111,0.1111111111111111,0.3375,1.5559818080364742,0.6285714285714286,90.43518518518518
279,2018-04-16,30.0,127.0,10.0,0.0,188.5625,0.125,0.2755905511811024,2.048092024012445,0.6222222222222222,26.370689655172413
279,2018-04-17,49.0,537.0,12.0,0.1713221601489758,180.5531914893617,0.3617021276595745,0.27932960893854747,2.099644512698639,0.8787878787878788,29.571180555555554
279,2018-04-18,13.0,296.0,8.0,0.918918918918919,296.5833333333333,0.25,0.40202702702702703,1.4769554915041265,0.9037037037037037,55.93194444444443
279,2018-04-20,30.0,157.0,10.0,0.0,221.1875,0.0,0.2611464968152866,2.072202264995078,0.76,25.102298850574705
279,2018-04-21,4.0,32.0,4.0,0.46875,119.0,0.0,0.65625,0.9585263574234836,0.7142857142857143,227.1111111111111
280,2018-03-30,22.0,832.0,10.0,0.0,256.95454545454544,0.45454545454545453,0.4387019230769231,1.8192727558065074,0.9093406593406593,38.87380952380953
280,2018-03-31,10.0,148.0,5.0,0.0,325.14285714285717,0.14285714285714285,0.46621621621621623,1.1747834412886395,0.7076923076923077,28.45740740740741
280,2018-04-03,13.0,945.0,8.0,0.0,272.53846153846155,0.07692307692307693,0.37671957671957673,1.5999492210592148,0.9178743961352657,18.968055555555555
280,2018-04-04,32.0,5304.0,13.0,0.007918552036199095,381.0,0.1875,0.2790346907993967,2.149447511990218,0.9544135930377123,44.84784946236559
280,2018-04-05,32.0,3926.0,13.0,0.04712175241976566,558.09375,0.28125,0.25394803871625066,2.078871317591068,0.8799546998867497,44.87956989247312
280,2018-04-06,24.0,179.0,9.0,0.26256983240223464,206.7826086956522,0.17391304347826086,0.4301675977653631,1.7438790017758676,0.6296296296296297,61.30144927536232
280,2018-04-07,38.0,2002.0,10.0,0.016983016983016984,370.0263157894737,0.21052631578947367,0.499000999000999,1.5241382361636826,0.899548532731377,38.59549549549549
280,2018-04-08,33.0,1027.0,10.0,0.19279454722492698,325.06060606060606,0.2727272727272727,0.29600778967867575,1.8398759943795595,0.8281938325991189,43.650000000000006
280,2018-04-09,38.0,1424.0,11.0,0.125,278.2105263157895,0.23684210526315788,0.38974719101123595,1.7272778434275637,0.849445324881141,37.87162162162162
280,2018-04-10,28.0,448.0,9.0,0.049107142857142856,274.6296296296296,0.2962962962962963,0.3080357142857143,1.7225355654915648,0.6421052631578947,31.714197530864194
281,2018-04-15,4.0,31.0,3.0,0.0,49.0,0.75,0.8387096774193549,0.5503536168824767,0.9230769230769231,72.78888888888888
281,2018-04-16,21.0,923.0,10.0,0.314192849404117,355.0952380952381,0.09523809523809523,0.437703141928494,1.5473125550248843,0.9727891156462585,61.277499999999996
281,2018-04-17,10.0,437.0,8.0,0.07322654462242563,221.1,0.1,0.2562929061784897,1.8253940682249479,0.9227053140096618,153.27222222222224
281,2018-04-18,40.0,1071.0,11.0,0.3352007469654528,269.4,0.075,0.4173669467787115,1.7912122728193036,0.9001996007984032,35.20811965811966
281,2018-04-19,27.0,446.0,10.0,0.08071748878923767,203.64,0.24,0.4798206278026906,1.6167234740943057,0.7971698113207547,47.862820512820505
281,2018-04-20,19.0,198.0,7.0,0.2676767676767677,221.8125,0.25,0.48484848484848486,1.4511538582450387,0.8191489361702128,74.55462962962963
281,2018-04-21,29.0,376.0,13.0,0.06382978723404255,210.14814814814815,0.2962962962962963,0.2978723404255319,2.074124663915025,0.8202247191011236,37.11369047619048
281,2018-04-22,34.0,294.0,9.0,0.07482993197278912,106.05882352941177,0.20588235294117646,0.4387755102040816,1.4876547964747984,0.8992805755395683,36.52929292929292
281,2018-04-23,2.0,14.0,3.0,0.21428571428571427,40.0,0.0,0.7857142857142857,0.6559757323365467,0.8,132.95
281,2018-04-26,9.0,58.0,3.0,0.0,158.44444444444446,0.2222222222222222,0.896551724137931,0.3984405075837697,0.8571428571428571,80.23333333333333
281,2018-04-27,5.0,29.0,8.0,0.4482758620689655,116.2,0.0,0.2413793103448276,1.865969059413292,0.45454545454545453,178.02916666666667
281,2018-05-02,18.0,330.0,7.0,0.1484848484848485,249.88888888888889,0.2222222222222222,0.3393939393939394,1.534150267488589,0.8280254777070064,73.98529411764706
281,2018-05-03,21.0,355.0,14.0,0.10422535211267606,219.52631578947367,0.05263157894736842,0.2704225352112676,2.051697719044601,0.7300613496932515,70.47583333333333
281,2018-05-04,18.0,173.0,10.0,0.31213872832369943,275.6666666666667,0.2777777777777778,0.5491329479768786,1.5744826732511958,0.8055555555555556,76.43039215686274
281,2018-05-08,17.0,55.0,10.0,0.4727272727272727,51.92307692307692,0.5384615384615384,0.2909090909090909,1.9024399091072124,0.7083333333333334,86.10416666666667
282,2018-01-20,39.0,572.0,12.0,0.2727272727272727,342.75,0.08333333333333333,0.493006993006993,1.6316392006585134,0.6917293233082706,33.52105263157895
282,2018-01-21,7.0,212.0,10.0,1.0,446.14285714285717,0.2857142857142857,0.2971698113207547,1.9634485310088707,0.46938775510204084,18.63611111111111
283,2018-04-29,20.0,1421.0,9.0,0.030260380014074596,157.35,0.25,0.4489795918367347,1.5425120456650758,0.9622356495468278,67.44736842105264
283,2018-04-30,34.0,4344.0,11.0,0.012661141804788214,503.4375,0.28125,0.4861878453038674,1.7234049571801446,0.9380445304937076,40.168181818181814
283,2018-05-01,30.0,226.0,9.0,0.061946902654867256,168.64,0.28,0.3805309734513274,1.5888358878668825,0.6736842105263158,48.64770114942529
283,2018-05-02,21.0,211.0,10.0,0.12796208530805686,303.05882352941177,0.11764705882352941,0.27488151658767773,1.6911269763241301,0.717391304347826,66.68416666666664
283,2018-05-03,23.0,188.0,12.0,0.06914893617021277,216.38095238095238,0.047619047619047616,0.2127659574468085,2.112379233692621,0.6666666666666666,48.14772727272727
283,2018-05-04,27.0,200.0,11.0,0.0,187.75,0.125,0.305,1.9079059184083627,0.6666666666666666,30.083974358974356
283,2018-05-05,35.0,374.0,13.0,0.21390374331550802,322.03225806451616,0.25806451612903225,0.38235294117647056,1.774283364932174,0.5113636363636364,41.596568627450985
283,2018-05-06,12.0,108.0,6.0,0.7777777777777778,201.25,0.125,0.3333333333333333,1.3883551952364115,0.8125,32.445454545454545
283,2018-05-07,25.0,260.0,8.0,0.0,358.3157894736842,0.10526315789473684,0.46923076923076923,1.2003927628552766,0.7478991596638656,36.881249999999994
283,2018-05-08,25.0,480.0,12.0,0.175,406.5217391304348,0.17391304347826086,0.32708333333333334,1.9001323902354577,0.8277511961722488,46.854166666666664
283,2018-05-10,37.0,705.0,11.0,0.0,489.6857142857143,0.14285714285714285,0.4127659574468085,1.636402039402551,0.6850152905198776,25.525462962962962
283,2018-05-11,39.0,465.0,10.0,0.16989247311827957,306.6388888888889,0.1388888888888889,0.33978494623655914,1.45405779923905,0.7276995305164319,37.14254385964912
283,2018-05-12,10.0,82.0,7.0,0.7195121951219512,311.75,0.375,0.7195121951219512,1.0554370081121942,0.7631578947368421,67.11111111111111
283,2018-05-13,22.0,138.0,10.0,0.0,185.11111111111111,0.2222222222222222,0.2318840579710145,1.830599943265934,0.6290322580645161,29.792857142857148
283,2018-05-14,15.0,135.0,7.0,0.7481481481481481,404.3076923076923,0.07692307692307693,0.4444444444444444,1.5661923696178381,0.7692307692307693,42.32619047619047
284,2018-01-20,14.0,148.0,10.0,0.0,126.64285714285714,0.42857142857142855,0.4594594594594595,1.609577358545935,0.8235294117647058,26.42051282051282
284,2018-01-21,49.0,1082.0,16.0,0.24953789279112754,216.30434782608697,0.1956521739130435,0.41866913123844735,1.9420230765078954,0.8707627118644068,29.15659722222222
284,2018-01-22,36.0,452.0,17.0,0.046460176991150445,299.9117647058824,0.14705882352941177,0.5796460176991151,1.5677546420872863,0.6553398058252428,39.406190476190474
284,2018-01-23,9.0,172.0,12.0,0.8895348837209303,655.2857142857143,0.0,0.5930232558139535,1.4032233845215367,0.7307692307692307,96.54375
284,2018-01-25,25.0,263.0,9.0,0.0,330.0869565217391,0.2608695652173913,0.3612167300380228,1.580027216164353,0.6229508196721312,27.622222222222224
284,2018-01-26,31.0,443.0,12.0,0.34988713318284426,422.32,0.08,0.44469525959367945,1.7860501293538802,0.671875,46.5611111111111
284,2018-01-27,26.0,201.0,8.0,0.8557213930348259,380.45454545454544,0.18181818181818182,0.6218905472636815,1.178379022081722,0.6666666666666666,33.82266666666666
284,2018-01-29,24.0,327.0,10.0,0.17737003058103976,417.4,0.0,0.4709480122324159,1.651174484924949,0.6644736842105263,57.420289855072454
284,2018-01-30,1.0,5.0,3.0,1.0,32.0,0.0,0.4,1.0549201679861442,0.0,0.0
284,2018-01-31,31.0,459.0,15.0,0.0,379.7692307692308,0.038461538461538464,0.38562091503267976,2.101674530842828,0.5380952380952381,22.983333333333338
284,2018-02-01,7.0,30.0,7.0,0.9,136.83333333333334,0.3333333333333333,0.23333333333333334,1.8500396292841343,0.36363636363636365,112.49166666666667
284,2018-02-04,2.0,20.0,4.0,0.0,198.0,0.0,0.5,1.207973687592232,0.5714285714285714,63.18333333333333
284,2018-02-05,19.0,248.0,9.0,0.2661290322580645,235.1764705882353,0.17647058823529413,0.6814516129032258,1.1673584147476386,0.7264957264957265,60.61666666666666
284,2018-02-06,7.0,35.0,7.0,0.0,66.42857142857143,0.14285714285714285,0.2571428571428571,1.7123954645691284,0.26666666666666666,10.441666666666668
284,2018-02-07,26.0,221.0,13.0,0.43891402714932126,249.0,0.21052631578947367,0.39819004524886875,1.8948860100783733,0.5625,53.91466666666667
284,2018-02-10,5.0,74.0,4.0,0.0,345.75,0.5,0.7567567567567568,0.7561313162133757,0.90625,66.06250000000001
284,2018-02-11,9.0,109.0,11.0,0.13761467889908258,315.7142857142857,0.14285714285714285,0.6146788990825688,1.3849021665331689,0.7083333333333334,127.31041666666667
284,2018-02-12,31.0,191.0,12.0,0.0,194.0,0.11538461538461539,0.18324607329842932,2.1623874652850876,0.3855421686746988,20.795
284,2018-02-13,1.0,4.0,2.0,0.0,9.0,1.0,0.5,0.6931471805599453,0.0,0.0
284,2018-02-16,27.0,229.0,13.0,0.0,304.5217391304348,0.17391304347826086,0.3231441048034934,1.9051178681345073,0.65,26.067307692307693
284,2018-02-17,35.0,439.0,15.0,0.011389521640091117,502.7142857142857,0.25,0.5558086560364465,1.6721171254902951,0.6130653266331658,39.879411764705885
284,2018-02-18,20.0,97.0,9.0,0.28865979381443296,122.05555555555556,0.2777777777777778,0.28865979381443296,1.758315812613971,0.5405405405405406,26.621052631578944
284,2018-02-19,30.0,341.0,13.0,0.0,327.6,0.1,0.6129032258064516,1.5119227677543148,0.5789473684210527,21.219540229885062
284,2018-02-20,36.0,357.0,13.0,0.31092436974789917,232.28125,0.25,0.4789915966386555,1.7994141506800938,0.6912751677852349,40.97857142857143
284,2018-02-21,3.0,27.0,7.0,1.0,425.5,0.0,0.4444444444444444,1.6586119936924975,0.3333333333333333,109.525
285,2018-03-13,37.0,769.0,12.0,0.0,239.52777777777777,0.1388888888888889,0.42392717815344605,1.7957059397576138,0.8115015974440895,18.597222222222225
285,2018-03-14,18.0,701.0,15.0,0.18830242510699002,321.6111111111111,0.16666666666666666,0.3651925820256776,2.0428594959010558,0.7483660130718954,42.89509803921568
285,2018-03-19,9.0,204.0,7.0,0.0,412.375,0.125,0.3627450980392157,1.597839827951374,0.7846153846153846,20.474999999999998
285,2018-03-20,54.0,5053.0,19.0,0.03403918464278646,337.7962962962963,0.018518518518518517,0.33960023748268353,2.0908607178678555,0.861484803188839,26.785534591194967
285,2018-03-21,42.0,451.0,15.0,0.03325942350332594,215.51282051282053,0.1282051282051282,0.42350332594235035,1.8683154759877105,0.6842105263157895,34.22723577235773
285,2018-03-22,56.0,915.0,17.0,0.007650273224043716,197.62745098039215,0.17647058823529413,0.30273224043715846,2.281436527143863,0.6666666666666666,25.640909090909087
285,2018-03-23,54.0,2244.0,16.0,0.13101604278074866,345.3703703703704,0.12962962962962962,0.24509803921568626,2.187246160215781,0.789010989010989,26.091509433962262
285,2018-03-24,18.0,398.0,13.0,0.2236180904522613,207.66666666666666,0.16666666666666666,0.4371859296482412,1.657661216819841,0.653179190751445,48.30392156862745
286,2018-04-13,7.0,27.0,6.0,0.0,120.85714285714286,0.0,0.5185185185185185,1.2599617064053588,0.8,49.76111111111111
286,2018-04-14,3.0,83.0,7.0,0.927710843373494,214.33333333333334,0.6666666666666666,0.6024096385542169,1.2842175640296192,0.6388888888888888,256.9083333333333
287,2018-04-14,9.0,509.0,7.0,0.0,384.44444444444446,0.1111111111111111,0.36345776031434185,1.5444820995956536,0.9145299145299145,19.81041666666667
287,2018-04-15,43.0,1152.0,16.0,0.3220486111111111,152.88372093023256,0.3023255813953488,0.2708333333333333,2.2280319697699533,0.9294117647058824,33.85912698412698
287,2018-04-16,21.0,180.0,10.0,0.6166666666666667,206.5625,0.25,0.3333333333333333,1.8017587250812077,0.7,37.2625
288,2018-01-17,1.0,2.0,1.0,0.0,5.0,1.0,1.0,0.0,0.0,0.0
288,2018-01-21,1.0,2.0,1.0,0.0,5.0,1.0,1.0,0.0,0.0,0.0
288,2018-04-19,1.0,2.0,1.0,0.0,5.0,1.0,1.0,0.0,0.0,0.0
289,2018-01-17,4.0,62.0,6.0,0.0,258.0,0.25,0.3548387096774194,1.5798293809486892,0.6,76.13333333333334
289,2018-01-18,30.0,635.0,12.0,0.13228346456692913,130.46666666666667,0.23333333333333334,0.33858267716535434,1.989635066004088,0.6750788643533123,48.49367816091954
289,2018-01-19,8.0,150.0,8.0,0.31333333333333335,232.875,0.125,0.41333333333333333,1.6425140997583088,0.4868421052631579,176.5142857142857
289,2018-01-20,33.0,816.0,19.0,0.1642156862745098,203.57575757575756,0.30303030303030304,0.28921568627450983,2.2976246079263514,0.7338308457711443,44.75572916666667
289,2018-01-21,23.0,826.0,14.0,0.16101694915254236,212.2173913043478,0.13043478260869565,0.39709443099273606,1.7840788400094014,0.4146341463414634,62.003787878787875
289,2018-01-22,30.0,408.0,10.0,0.3382352941176471,185.0,0.39285714285714285,0.3799019607843137,1.5522077625728232,0.48514851485148514,47.060919540229904
289,2018-01-23,14.0,192.0,9.0,0.515625,185.07142857142858,0.21428571428571427,0.4375,1.4881503038323938,0.39361702127659576,81.38461538461539
289,2018-01-24,23.0,271.0,9.0,0.07380073800738007,168.0909090909091,0.22727272727272727,0.4870848708487085,1.2955884651700342,0.3283582089552239,55.7969696969697
289,2018-01-25,16.0,358.0,11.0,0.05027932960893855,135.125,0.1875,0.3324022346368715,1.7760870443327343,0.6342857142857142,84.33111111111113
289,2018-01-26,33.0,637.0,12.0,0.3940345368916798,161.96969696969697,0.15151515151515152,0.34850863422291994,1.7686495699521658,0.4666666666666667,44.553124999999994
289,2018-01-27,19.0,230.0,10.0,0.5565217391304348,197.26315789473685,0.2631578947368421,0.5173913043478261,1.37730563192973,0.3826086956521739,43.52592592592593
290,2018-01-02,7.0,90.0,3.0,0.0,391.0,0.0,0.6777777777777778,0.8516889887111676,0.8048780487804879,45.57777777777778
290,2018-01-03,28.0,1168.0,8.0,0.04195205479452055,287.0,0.17857142857142858,0.3707191780821918,1.4246441337186344,0.7971781305114638,43.453086419753085
290,2018-01-04,31.0,1880.0,12.0,0.09893617021276596,323.1333333333333,0.23333333333333334,0.3026595744680851,1.8846019126475202,0.823728813559322,37.21388888888888
290,2018-01-05,37.0,3689.0,14.0,0.08782867985904039,227.0,0.2702702702702703,0.2716183247492545,2.1060371291208515,0.9286556603773585,35.77083333333334
290,2018-01-06,30.0,2548.0,13.0,0.29160125588697017,247.26666666666668,0.13333333333333333,0.3175039246467818,2.005673056410665,0.9152263374485596,45.806896551724144
290,2018-01-07,28.0,1557.0,13.0,0.023121387283236993,129.44444444444446,0.18518518518518517,0.3166345536287733,2.074124107908724,0.9120111731843575,49.845679012345684
290,2018-01-08,45.0,9409.0,17.0,0.08321819534488256,387.68888888888887,0.24444444444444444,0.2848336698905303,2.0762869921526104,0.9356132075471698,30.78560606060606
290,2018-01-09,46.0,6529.0,17.0,0.05544493796906111,272.2826086956522,0.34782608695652173,0.3366518609281666,2.158907323146896,0.9273723878040425,31.08962962962962
290,2018-01-10,67.0,5433.0,16.0,0.09865635928584576,231.2089552238806,0.34328358208955223,0.25952512424075097,2.216398792361343,0.8975979772439949,20.919949494949492
290,2018-01-11,51.0,1624.0,18.0,0.04310344827586207,231.31372549019608,0.35294117647058826,0.3417487684729064,2.180087027799641,0.7349768875192604,28.553
290,2018-01-12,32.0,593.0,17.0,0.3440134907251265,286.15384615384613,0.15384615384615385,0.3625632377740304,2.0590242609647507,0.6828358208955224,45.51451612903226
290,2018-01-13,49.0,1858.0,18.0,0.0005382131324004305,231.84782608695653,0.30434782608695654,0.3234660925726588,1.9689710122179793,0.8489388264669163,26.118402777777778
290,2018-01-14,44.0,967.0,16.0,0.055842812823164424,267.3076923076923,0.1794871794871795,0.2750775594622544,1.999701295707408,0.6581986143187067,31.783333333333335
290,2018-01-15,49.0,2638.0,19.0,0.000758150113722517,286.4782608695652,0.2391304347826087,0.2960576194086429,1.9946977401421357,0.8559027777777778,28.314236111111114
290,2018-01-16,45.0,5362.0,18.0,0.0013054830287206266,281.0,0.3111111111111111,0.3176053711301753,1.9738736625690008,0.8937341236240475,30.25227272727273
290,2018-01-17,47.0,5133.0,18.0,0.0,426.0,0.2553191489361702,0.309760374050263,2.0166815729849294,0.9162471395881007,21.657608695652176
290,2018-01-18,51.0,2439.0,17.0,0.02132021320213202,325.84,0.24,0.33661336613366133,2.035357084504959,0.8641078838174274,25.24733333333333
290,2018-01-19,54.0,7450.0,17.0,0.0005369127516778523,482.5,0.12962962962962962,0.39436241610738254,1.786363358589134,0.9164060278646574,21.730188679245284
290,2018-01-20,51.0,3668.0,15.0,0.3306979280261723,319.26,0.26,0.35223555070883317,1.9704170828833878,0.8816884661117717,28.34133333333333
290,2018-01-21,56.0,6233.0,15.0,0.33755815819027757,346.07142857142856,0.16071428571428573,0.37734638215947375,1.9222360694836467,0.9061082024432809,25.655757575757576
290,2018-01-22,53.0,1507.0,17.0,0.0245520902455209,325.5686274509804,0.29411764705882354,0.31917717319177175,2.050300100714154,0.7850162866449512,25.501602564102566
290,2018-01-23,60.0,1733.0,15.0,0.004616272360069244,147.25,0.23333333333333334,0.31621465666474324,1.9161767301445944,0.8359046283309958,20.670621468926555
290,2018-01-24,31.0,1005.0,14.0,0.007960199004975124,244.1,0.3,0.4129353233830846,1.8831444030386626,0.7922374429223744,33.672777777777775
290,2018-01-25,47.0,1036.0,17.0,0.0,216.8,0.225,0.27413127413127414,2.09565762074438,0.8091787439613527,19.44347826086957
290,2018-01-26,29.0,699.0,17.0,0.1459227467811159,236.53571428571428,0.2857142857142857,0.34620886981402005,2.14034324915858,0.7024221453287197,36.276785714285715
290,2018-01-27,47.0,740.0,13.0,0.0,223.32432432432432,0.1891891891891892,0.2945945945945946,2.0829677002672478,0.7147147147147147,18.12173913043478
290,2018-01-28,33.0,868.0,12.0,0.30069124423963134,220.1818181818182,0.42424242424242425,0.26497695852534564,2.2119578414794248,0.7571059431524548,35.99010416666667
290,2018-01-29,37.0,1098.0,18.0,0.0,304.65714285714284,0.34285714285714286,0.2568306010928962,2.28250748021724,0.7133182844243793,27.810648148148147
290,2018-01-30,46.0,1030.0,18.0,0.011650485436893204,268.1860465116279,0.3023255813953488,0.2728155339805825,2.2361806450712827,0.6545893719806763,24.289259259259264
290,2018-01-31,24.0,347.0,19.0,0.0,349.35,0.05,0.1988472622478386,2.4676602217612955,0.4513888888888889,31.332608695652173
290,2018-02-01,40.0,690.0,18.0,0.02608695652173913,268.1388888888889,0.25,0.2217391304347826,2.3823292826943896,0.6194029850746269,33.51068376068376
290,2018-02-03,28.0,459.0,13.0,0.0,413.7,0.05,0.32679738562091504,1.989747136138584,0.6616915422885572,25.150000000000006
290,2018-02-04,15.0,481.0,12.0,0.0,564.9166666666666,0.0,0.5239085239085239,1.453836688928512,0.4854368932038835,63.30000000000002
290,2018-02-05,55.0,1071.0,17.0,0.03361344537815126,274.61224489795916,0.24489795918367346,0.34547152194211017,1.9789538617177398,0.6764705882352942,21.897839506172843
290,2018-02-06,12.0,281.0,10.0,0.010676156583629894,757.2857142857143,0.14285714285714285,0.5124555160142349,1.4425178490995982,0.768,33.68636363636364
290,2018-02-07,43.0,418.0,14.0,0.0,250.6451612903226,0.0967741935483871,0.2583732057416268,2.0730902419166157,0.625,19.640476190476193
290,2018-02-08,5.0,15.0,7.0,0.13333333333333333,50.5,0.0,0.26666666666666666,1.8065071652616695,0.3333333333333333,60.016666666666666
290,2018-02-09,25.0,177.0,14.0,0.0,195.47368421052633,0.15789473684210525,0.21468926553672316,2.1184062855057313,0.4927536231884058,16.489583333333332
290,2018-02-10,41.0,510.0,12.0,0.00196078431372549,239.8235294117647,0.3235294117647059,0.396078431372549,1.8879082837198948,0.6371308016877637,29.894166666666667
290,2018-02-11,36.0,331.0,12.0,0.012084592145015106,248.14814814814815,0.2222222222222222,0.2990936555891239,2.083280163997568,0.41496598639455784,36.308095238095234
290,2018-02-12,45.0,486.0,19.0,0.00205761316872428,282.6470588235294,0.14705882352941177,0.33539094650205764,2.0808872960429254,0.4756756756756757,24.08030303030303
290,2018-02-13,56.0,961.0,20.0,0.07700312174817898,258.4166666666667,0.3125,0.2695109261186264,2.148789667337958,0.6475,21.749696969696966
290,2018-02-14,13.0,209.0,10.0,0.0,234.6153846153846,0.07692307692307693,0.5215311004784688,1.5282217925952817,0.3958333333333333,17.743055555555554
290,2018-02-15,65.0,1474.0,20.0,0.028493894165535955,260.84615384615387,0.2923076923076923,0.276797829036635,2.1752659698196717,0.7082601054481547,21.405468750000004
290,2018-02-17,37.0,662.0,17.0,0.0,423.5151515151515,0.09090909090909091,0.3202416918429003,2.170069672182959,0.49324324324324326,22.80925925925926
290,2018-02-18,1.0,12.0,2.0,1.0,65.0,0.0,0.6666666666666666,0.6365141682948128,0.4,0.0
290,2018-02-20,42.0,909.0,15.0,0.0,208.26315789473685,0.18421052631578946,0.297029702970297,2.240131290177026,0.6633165829145728,19.462195121951222
290,2018-02-21,22.0,581.0,14.0,0.4578313253012048,277.05263157894734,0.3157894736842105,0.3132530120481928,1.8981071282529267,0.6485355648535565,37.12460317460318
290,2018-03-08,21.0,272.0,18.0,0.0,320.4117647058824,0.11764705882352941,0.4264705882352941,2.031346850987514,0.6138613861386139,22.452499999999997
290,2018-03-09,20.0,91.0,14.0,0.01098901098901099,150.53333333333333,0.2,0.3076923076923077,2.235691602430591,0.3333333333333333,36.45877192982457
290,2018-03-10,26.0,344.0,12.0,0.0,370.15,0.05,0.32558139534883723,1.928582485596243,0.46621621621621623,28.791333333333338
290,2018-03-11,23.0,361.0,17.0,0.013850415512465374,315.94117647058823,0.23529411764705882,0.34349030470914127,2.086977525316908,0.6369047619047619,61.475
290,2018-03-12,29.0,470.0,16.0,0.37659574468085105,269.2,0.12,0.29148936170212764,2.0564053636168476,0.6010362694300518,33.0422619047619
290,2018-03-29,17.0,459.0,15.0,0.0,426.0,0.26666666666666666,0.3660130718954248,1.9634551943631708,0.7068062827225131,22.161458333333336
290,2018-03-30,56.0,1745.0,17.0,0.002292263610315186,245.51785714285714,0.30357142857142855,0.24297994269340975,2.214420531796858,0.7930535455861071,23.77545454545454
290,2018-03-31,20.0,189.0,12.0,0.015873015873015872,254.71428571428572,0.07142857142857142,0.23809523809523808,2.1817529298070255,0.4805194805194805,68.79473684210525
290,2018-04-01,26.0,603.0,13.0,0.003316749585406302,526.952380952381,0.047619047619047616,0.21890547263681592,2.0202629493817144,0.5985401459854015,35.74266666666667
290,2018-04-12,58.0,492.0,14.0,0.0,327.0,0.19047619047619047,0.3130081300813008,1.9214579919206953,0.6312849162011173,14.811111111111112
290,2018-04-13,19.0,225.0,11.0,0.2311111111111111,234.0,0.07142857142857142,0.29333333333333333,1.9874842192947084,0.6354166666666666,31.212962962962965
290,2018-04-15,4.0,112.0,7.0,0.0,405.0,0.25,0.5089285714285714,1.315823876588211,0.66,21.905555555555555
290,2018-04-16,42.0,1044.0,18.0,0.01532567049808429,311.5365853658537,0.24390243902439024,0.2835249042145594,2.2365460685785643,0.6953488372093023,33.54878048780487
290,2018-04-17,54.0,700.0,18.0,0.007142857142857143,374.7692307692308,0.10256410256410256,0.2557142857142857,2.314033271949708,0.6330935251798561,22.00974842767296
290,2018-04-18,57.0,2820.0,14.0,0.0,209.7719298245614,0.38596491228070173,0.20425531914893616,2.11616525322172,0.8846153846153846,17.480654761904763
290,2018-04-19,12.0,762.0,13.0,0.013123359580052493,418.5,0.25,0.35958005249343833,2.00589853948062,0.8387096774193549,43.546969696969704
290,2018-04-20,43.0,3327.0,15.0,0.0,202.13953488372093,0.2558139534883721,0.30237451157198675,1.8731192236604084,0.9216255442670537,20.274603174603175
290,2018-04-21,42.0,1324.0,14.0,0.010574018126888218,267.2352941176471,0.38235294117647056,0.3104229607250755,1.9872982093300147,0.7483974358974359,32.09512195121951
290,2018-04-22,6.0,102.0,6.0,0.0392156862745098,557.6,0.2,0.5392156862745098,1.4064168055653923,0.6938775510204082,219.79000000000002
290,2018-04-23,51.0,529.0,13.0,0.00945179584120983,313.2972972972973,0.13513513513513514,0.24007561436672967,1.9983600215946682,0.6231155778894473,26.672666666666668
290,2018-04-24,46.0,553.0,14.0,0.003616636528028933,258.74285714285713,0.2,0.3128390596745027,1.8770209906134538,0.7428571428571429,26.379259259259264
290,2018-04-25,45.0,692.0,16.0,0.0,318.6774193548387,0.0967741935483871,0.2658959537572254,2.113827198373271,0.6768707482993197,23.299621212121213
290,2018-04-26,52.0,776.0,17.0,0.002577319587628866,167.06382978723406,0.2978723404255319,0.23969072164948454,2.318581102917718,0.6785714285714286,22.614379084967318
290,2018-04-27,52.0,506.0,13.0,0.01383399209486166,239.36111111111111,0.1111111111111111,0.30632411067193677,2.0135075411520766,0.6802030456852792,22.420915032679744
290,2018-04-28,30.0,385.0,12.0,0.0,255.23809523809524,0.19047619047619047,0.38441558441558443,1.8091838367591466,0.6602564102564102,27.382758620689657
290,2018-04-29,18.0,346.0,16.0,0.0,548.8666666666667,0.13333333333333333,0.31213872832369943,1.8929716408491273,0.4557823129251701,31.569607843137252
290,2018-04-30,36.0,339.0,14.0,0.0,183.48,0.24,0.23893805309734514,1.9440041131243453,0.6551724137931034,25.27619047619048
290,2018-05-01,34.0,526.0,15.0,0.0038022813688212928,452.0,0.13636363636363635,0.24904942965779467,2.0540406892465133,0.6623376623376623,34.70656565656566
290,2018-05-02,16.0,245.0,11.0,0.0,186.21428571428572,0.14285714285714285,0.3183673469387755,1.7218797554273138,0.7523809523809524,32.10666666666667
290,2018-05-03,53.0,1459.0,19.0,0.00822481151473612,215.73584905660377,0.33962264150943394,0.2686771761480466,2.176015013428801,0.813953488372093,22.178205128205132
290,2018-05-04,33.0,440.0,10.0,0.0,276.95652173913044,0.13043478260869565,0.41363636363636364,1.7874623785758106,0.6413043478260869,21.10625
290,2018-05-05,41.0,600.0,11.0,0.006666666666666667,202.47058823529412,0.4117647058823529,0.36,1.7619234527552836,0.6653225806451613,29.64708333333333
290,2018-05-06,32.0,548.0,13.0,0.014598540145985401,127.59375,0.4375,0.395985401459854,1.5016828247022311,0.8227848101265823,39.332795698924734
290,2018-05-07,33.0,722.0,13.0,0.0,307.44444444444446,0.37037037037037035,0.32132963988919666,1.8322283111007425,0.8014184397163121,17.408854166666664
290,2018-05-08,62.0,1599.0,18.0,0.005628517823639775,237.70689655172413,0.3620689655172414,0.29080675422138835,2.0186347731917365,0.7635829662261381,21.20546448087432
290,2018-05-09,46.0,1025.0,14.0,0.00975609756097561,236.3111111111111,0.35555555555555557,0.2653658536585366,2.0426184377477212,0.7573696145124716,23.60296296296296
290,2018-05-10,50.0,434.0,15.0,0.004608294930875576,290.51724137931035,0.06896551724137931,0.32027649769585254,1.8258613403820299,0.5945945945945946,28.106802721088435
290,2018-05-11,33.0,1050.0,13.0,0.008571428571428572,341.24242424242425,0.15151515151515152,0.38,1.8181536898998434,0.7402912621359223,42.025520833333324
290,2018-05-12,25.0,1021.0,14.0,0.0,248.66666666666666,0.2916666666666667,0.4054848188050931,1.8497160720932992,0.8057395143487859,22.13055555555555
290,2018-05-13,49.0,388.0,14.0,0.03608247422680412,137.72972972972974,0.2972972972972973,0.30927835051546393,1.9711012807054933,0.6538461538461539,28.440277777777776
290,2018-05-14,40.0,307.0,13.0,0.013029315960912053,264.3181818181818,0.09090909090909091,0.2931596091205212,1.944109384731855,0.5166666666666667,26.8008547008547
291,2018-04-04,40.0,495.0,16.0,0.030303030303030304,347.25,0.1111111111111111,0.3878787878787879,1.9775954941991687,0.6858407079646017,31.046581196581194
291,2018-04-05,35.0,689.0,14.0,0.14078374455732948,380.96774193548384,0.16129032258064516,0.49201741654571846,1.5304113929842356,0.8364779874213837,41.989705882352936
291,2018-04-06,23.0,168.0,9.0,0.19642857142857142,208.25,0.25,0.43452380952380953,1.3647830609083427,0.6268656716417911,39.525
